ISO-10303-21;
HEADER;
FILE_DESCRIPTION (( 'STEP AP214' ),
    '1' );
FILE_NAME ('DS1302.STEP',
    '2025-06-20T00:03:24',
    ( '' ),
    ( '' ),
    'SwSTEP 2.0',
    'SolidWorks 2021',
    '' );
FILE_SCHEMA (( 'AUTOMOTIVE_DESIGN' ));
ENDSEC;

DATA;
#1 = CARTESIAN_POINT ( 'NONE',  ( 3.831250000000016254, -3.035766082959412415E-15, 4.507499999999993179 ) ) ;
#2 = ORIENTED_EDGE ( 'NONE', *, *, #375, .F. ) ;
#3 = VERTEX_POINT ( 'NONE', #1425 ) ;
#4 = FACE_OUTER_BOUND ( 'NONE', #687, .T. ) ;
#5 = FACE_OUTER_BOUND ( 'NONE', #163, .T. ) ;
#6 = ORIENTED_EDGE ( 'NONE', *, *, #3611, .T. ) ;
#7 = PLANE ( 'NONE',  #1895 ) ;
#8 = ORIENTED_EDGE ( 'NONE', *, *, #1172, .T. ) ;
#9 = LINE ( 'NONE', #2752, #3712 ) ;
#10 = EDGE_CURVE ( 'NONE', #134, #1291, #1221, .T. ) ;
#11 = ADVANCED_FACE ( 'NONE', ( #811 ), #827, .F. ) ;
#12 = DIRECTION ( 'NONE',  ( -3.491481338843133355E-15, -1.453114432220753495E-16, -1.000000000000000000 ) ) ;
#13 = LINE ( 'NONE', #1187, #1536 ) ;
#14 = EDGE_LOOP ( 'NONE', ( #3585, #3216, #2233, #3213 ) ) ;
#15 = EDGE_CURVE ( 'NONE', #825, #570, #3224, .T. ) ;
#16 = EDGE_LOOP ( 'NONE', ( #1294, #2828, #1828, #321 ) ) ;
#17 = PLANE ( 'NONE',  #1157 ) ;
#18 = ORIENTED_EDGE ( 'NONE', *, *, #3466, .T. ) ;
#19 = ORIENTED_EDGE ( 'NONE', *, *, #1678, .F. ) ;
#20 = CARTESIAN_POINT ( 'NONE',  ( -3.234823149097041828, 0.3800000000000022804, 4.687500000000027534 ) ) ;
#21 = CARTESIAN_POINT ( 'NONE',  ( -3.492499999999973070, 2.337250000000000938, 4.687500000000028422 ) ) ;
#22 = CARTESIAN_POINT ( 'NONE',  ( -3.786249999999987459, 2.614750000000002128, 1.967500000000019122 ) ) ;
#23 = AXIS2_PLACEMENT_3D ( 'NONE', #1928, #1944, #1290 ) ;
#24 = VERTEX_POINT ( 'NONE', #3824 ) ;
#25 = DIRECTION ( 'NONE',  ( -9.992007221626414780E-16, 1.000000000000000000, -1.453114432220718243E-16 ) ) ;
#26 = ORIENTED_EDGE ( 'NONE', *, *, #2562, .T. ) ;
#27 = FACE_OUTER_BOUND ( 'NONE', #2370, .T. ) ;
#28 = AXIS2_PLACEMENT_3D ( 'NONE', #2498, #1575, #3623 ) ;
#29 =( GEOMETRIC_REPRESENTATION_CONTEXT ( 3 ) GLOBAL_UNCERTAINTY_ASSIGNED_CONTEXT ( ( #2730 ) ) GLOBAL_UNIT_ASSIGNED_CONTEXT ( ( #773, #3458, #1076 ) ) REPRESENTATION_CONTEXT ( 'NONE', 'WORKASPACE' ) );
#30 = ADVANCED_FACE ( 'NONE', ( #3507 ), #1072, .F. ) ;
#31 = CARTESIAN_POINT ( 'NONE',  ( 3.831250000000003819, 2.333823006393090260, 1.034749999999993397 ) ) ;
#32 = ORIENTED_EDGE ( 'NONE', *, *, #2531, .F. ) ;
#33 = VECTOR ( 'NONE', #1945, 1000.000000000000000 ) ;
#34 = ADVANCED_FACE ( 'NONE', ( #3185 ), #1698, .F. ) ;
#35 = FACE_OUTER_BOUND ( 'NONE', #1583, .T. ) ;
#36 = EDGE_CURVE ( 'NONE', #2342, #881, #363, .T. ) ;
#37 = ORIENTED_EDGE ( 'NONE', *, *, #3345, .T. ) ;
#38 = PLANE ( 'NONE',  #2271 ) ;
#39 = CARTESIAN_POINT ( 'NONE',  ( 4.108750000000007674, -3.035766082959412415E-15, 1.967499999999992699 ) ) ;
#40 = ORIENTED_EDGE ( 'NONE', *, *, #2585, .T. ) ;
#41 = CIRCLE ( 'NONE', #3781, 0.04499999999999990119 ) ;
#42 = VERTEX_POINT ( 'NONE', #1981 ) ;
#43 = LINE ( 'NONE', #1834, #717 ) ;
#44 = DIRECTION ( 'NONE',  ( 2.775557561562840507E-17, 1.000000000000000000, -1.453114432220754235E-16 ) ) ;
#45 = DIRECTION ( 'NONE',  ( 0.000000000000000000, 1.000000000000000000, 0.000000000000000000 ) ) ;
#46 = VECTOR ( 'NONE', #1373, 1000.000000000000000 ) ;
#47 = CARTESIAN_POINT ( 'NONE',  ( -4.108749999999997016, -3.903127820947815962E-15, 1.034750000000021375 ) ) ;
#48 = EDGE_LOOP ( 'NONE', ( #1572, #2639, #3197, #430 ) ) ;
#49 = LINE ( 'NONE', #2119, #3564 ) ;
#50 = VERTEX_POINT ( 'NONE', #2287 ) ;
#51 = LINE ( 'NONE', #1231, #2591 ) ;
#52 = DIRECTION ( 'NONE',  ( 5.551115123125833239E-17, -1.000000000000000000, 1.453114432220751276E-16 ) ) ;
#53 = ORIENTED_EDGE ( 'NONE', *, *, #2606, .F. ) ;
#54 = EDGE_CURVE ( 'NONE', #2740, #3647, #1661, .T. ) ;
#55 = FACE_OUTER_BOUND ( 'NONE', #1191, .T. ) ;
#56 = VERTEX_POINT ( 'NONE', #2308 ) ;
#57 = FACE_OUTER_BOUND ( 'NONE', #2394, .T. ) ;
#58 = ORIENTED_EDGE ( 'NONE', *, *, #10, .T. ) ;
#59 = ADVANCED_FACE ( 'NONE', ( #187 ), #260, .T. ) ;
#60 = ORIENTED_EDGE ( 'NONE', *, *, #735, .T. ) ;
#61 = PLANE ( 'NONE',  #3327 ) ;
#62 = CARTESIAN_POINT ( 'NONE',  ( -3.786249999999979909, 2.337250000000010708, 4.507500000000018936 ) ) ;
#63 = DIRECTION ( 'NONE',  ( 3.491481338843133355E-15, 1.453114432220753495E-16, 1.000000000000000000 ) ) ;
#64 = VERTEX_POINT ( 'NONE', #3748 ) ;
#65 = CARTESIAN_POINT ( 'NONE',  ( -3.831249999999984723, -3.035766082959412415E-15, 4.507500000000018936 ) ) ;
#66 = ORIENTED_EDGE ( 'NONE', *, *, #2371, .F. ) ;
#67 = DIRECTION ( 'NONE',  ( 3.491481338843133355E-15, 1.453114432220753495E-16, 1.000000000000000000 ) ) ;
#68 = PRESENTATION_STYLE_ASSIGNMENT (( #1249 ) ) ;
#69 = LINE ( 'NONE', #1270, #1853 ) ;
#70 = EDGE_LOOP ( 'NONE', ( #2090, #2735, #1107, #1376, #3239, #3634, #1446, #1194 ) ) ;
#71 = LINE ( 'NONE', #720, #1593 ) ;
#72 = DIRECTION ( 'NONE',  ( -2.952720810173325991E-15, -1.000000000000000000, 1.453114432220856540E-16 ) ) ;
#73 = ORIENTED_EDGE ( 'NONE', *, *, #106, .F. ) ;
#74 = CARTESIAN_POINT ( 'NONE',  ( 3.492500000000019700, 2.614750000000000796, 4.687500000000002665 ) ) ;
#75 = EDGE_LOOP ( 'NONE', ( #2636, #3174, #1814, #680, #606, #2053, #119, #1357 ) ) ;
#76 = LINE ( 'NONE', #1934, #539 ) ;
#77 = EDGE_CURVE ( 'NONE', #533, #877, #2629, .T. ) ;
#78 = CARTESIAN_POINT ( 'NONE',  ( -3.786250000000006111, 2.292250000000009447, -3.112499999999982503 ) ) ;
#79 = DIRECTION ( 'NONE',  ( -3.491481338843133750E-15, -1.453114432220753002E-16, -1.000000000000000000 ) ) ;
#80 = DIRECTION ( 'NONE',  ( -3.491481338843133355E-15, -1.453114432220752016E-16, -1.000000000000000000 ) ) ;
#81 = ADVANCED_FACE ( 'NONE', ( #1719 ), #502, .F. ) ;
#82 = CARTESIAN_POINT ( 'NONE',  ( -3.492499999999987281, 2.614750000000001684, 3.112500000000018030 ) ) ;
#83 = UNCERTAINTY_MEASURE_WITH_UNIT (LENGTH_MEASURE( 1.000000000000000082E-05 ), #277, 'distance_accuracy_value', 'NONE');
#84 = VERTEX_POINT ( 'NONE', #3769 ) ;
#85 = EDGE_CURVE ( 'NONE', #971, #2995, #2884, .T. ) ;
#86 = DIRECTION ( 'NONE',  ( -3.491481338843133355E-15, -1.453114432220753495E-16, -1.000000000000000000 ) ) ;
#87 = EDGE_LOOP ( 'NONE', ( #340, #2375, #1923, #1017 ) ) ;
#88 = DIRECTION ( 'NONE',  ( -3.491481338843133355E-15, -1.453114432220753495E-16, -1.000000000000000000 ) ) ;
#89 = AXIS2_PLACEMENT_3D ( 'NONE', #1884, #1665, #1610 ) ;
#90 = LINE ( 'NONE', #3263, #960 ) ;
#91 = VECTOR ( 'NONE', #1075, 1000.000000000000000 ) ;
#92 = ORIENTED_EDGE ( 'NONE', *, *, #3203, .T. ) ;
#93 = PLANE ( 'NONE',  #479 ) ;
#94 = VECTOR ( 'NONE', #1582, 1000.000000000000000 ) ;
#95 = VERTEX_POINT ( 'NONE', #3476 ) ;
#96 = AXIS2_PLACEMENT_3D ( 'NONE', #3500, #1654, #513 ) ;
#97 = LINE ( 'NONE', #1313, #3096 ) ;
#98 = ORIENTED_EDGE ( 'NONE', *, *, #2652, .F. ) ;
#99 = DIRECTION ( 'NONE',  ( 2.775557561562840507E-17, 1.000000000000000000, -1.453114432220754235E-16 ) ) ;
#100 = VECTOR ( 'NONE', #1632, 1000.000000000000000 ) ;
#101 = ORIENTED_EDGE ( 'NONE', *, *, #2075, .F. ) ;
#102 = FACE_OUTER_BOUND ( 'NONE', #185, .T. ) ;
#103 = LINE ( 'NONE', #710, #1912 ) ;
#104 = AXIS2_PLACEMENT_3D ( 'NONE', #447, #1986, #2294 ) ;
#105 = DIRECTION ( 'NONE',  ( 0.000000000000000000, 0.000000000000000000, 1.000000000000000000 ) ) ;
#106 = EDGE_CURVE ( 'NONE', #2876, #3, #2632, .T. ) ;
#107 = VECTOR ( 'NONE', #1346, 1000.000000000000000 ) ;
#108 = ORIENTED_EDGE ( 'NONE', *, *, #2367, .T. ) ;
#109 = PLANE ( 'NONE',  #3827 ) ;
#110 = ORIENTED_EDGE ( 'NONE', *, *, #1722, .F. ) ;
#111 = LINE ( 'NONE', #2248, #2775 ) ;
#112 = ADVANCED_FACE ( 'NONE', ( #1098 ), #562, .T. ) ;
#113 = VECTOR ( 'NONE', #118, 1000.000000000000000 ) ;
#114 = LINE ( 'NONE', #3477, #2451 ) ;
#115 = PRESENTATION_STYLE_ASSIGNMENT (( #1325 ) ) ;
#116 = ORIENTED_EDGE ( 'NONE', *, *, #849, .T. ) ;
#117 = CARTESIAN_POINT ( 'NONE',  ( -4.108749999999997016, 2.292250000000012111, 1.034750000000021153 ) ) ;
#118 = DIRECTION ( 'NONE',  ( -3.125627884642895936E-15, -1.000000000000000000, 1.091307143139840887E-29 ) ) ;
#119 = ORIENTED_EDGE ( 'NONE', *, *, #345, .F. ) ;
#120 = CARTESIAN_POINT ( 'NONE',  ( 3.786249999999998561, 2.337250000000001382, -0.5725000000000081135 ) ) ;
#121 = DIRECTION ( 'NONE',  ( 0.9838760585644680257, 0.1788516183422652062, -3.461174084996292204E-15 ) ) ;
#122 = DIRECTION ( 'NONE',  ( -3.125627884642896330E-15, -1.000000000000000000, 1.091307143139841027E-29 ) ) ;
#123 = VERTEX_POINT ( 'NONE', #2619 ) ;
#124 = LINE ( 'NONE', #3648, #3261 ) ;
#125 = ORIENTED_EDGE ( 'NONE', *, *, #3244, .F. ) ;
#126 = LINE ( 'NONE', #1368, #544 ) ;
#127 = EDGE_CURVE ( 'NONE', #2496, #1882, #3853, .T. ) ;
#128 = CARTESIAN_POINT ( 'NONE',  ( -3.781249999999986233, 2.333823006393091148, 4.045250000000018886 ) ) ;
#129 = CARTESIAN_POINT ( 'NONE',  ( -3.831249999999997158, -3.872438979315151464, 1.034750000000021153 ) ) ;
#130 = EDGE_CURVE ( 'NONE', #2659, #3431, #851, .T. ) ;
#131 = ORIENTED_EDGE ( 'NONE', *, *, #2129, .F. ) ;
#132 = CARTESIAN_POINT ( 'NONE',  ( 3.831249999999998934, -3.903127820947815962E-15, -1.034750000000006498 ) ) ;
#133 = ADVANCED_FACE ( 'NONE', ( #3494 ), #1171, .T. ) ;
#134 = VERTEX_POINT ( 'NONE', #2351 ) ;
#135 = EDGE_CURVE ( 'NONE', #1440, #2429, #1116, .T. ) ;
#136 = LINE ( 'NONE', #996, #3343 ) ;
#137 = VERTEX_POINT ( 'NONE', #3551 ) ;
#138 = DIRECTION ( 'NONE',  ( 1.000000000000000000, 1.415534356397074589E-15, -3.491481338843133750E-15 ) ) ;
#139 = CARTESIAN_POINT ( 'NONE',  ( -3.492499999999982396, 2.614750000000009678, 4.507500000000018048 ) ) ;
#140 = CARTESIAN_POINT ( 'NONE',  ( 3.492500000000019700, 2.614750000000002128, 4.507499999999994067 ) ) ;
#141 = VERTEX_POINT ( 'NONE', #2058 ) ;
#142 = CARTESIAN_POINT ( 'NONE',  ( 3.492500000000019700, 2.614750000000000796, 4.687500000000002665 ) ) ;
#143 = ORIENTED_EDGE ( 'NONE', *, *, #567, .F. ) ;
#144 = FILL_AREA_STYLE_COLOUR ( '', #729 ) ;
#145 = DIRECTION ( 'NONE',  ( 0.9838760585644680257, 0.1788516183422652062, -3.461174084996292204E-15 ) ) ;
#146 = FACE_OUTER_BOUND ( 'NONE', #1036, .T. ) ;
#147 = DIRECTION ( 'NONE',  ( 1.000000000000000000, 1.344746880602174782E-14, -4.034240641806524347E-15 ) ) ;
#148 = VECTOR ( 'NONE', #1232, 1000.000000000000000 ) ;
#149 = SURFACE_STYLE_FILL_AREA ( #3756 ) ;
#150 = ORIENTED_EDGE ( 'NONE', *, *, #3345, .F. ) ;
#151 = DIRECTION ( 'NONE',  ( 1.000000000000000000, -2.952720810173325991E-15, -3.491481338843133355E-15 ) ) ;
#152 = EDGE_CURVE ( 'NONE', #2055, #971, #1444, .T. ) ;
#153 = EDGE_LOOP ( 'NONE', ( #2472, #131, #180, #1394 ) ) ;
#154 = VECTOR ( 'NONE', #2628, 1000.000000000000000 ) ;
#155 = CARTESIAN_POINT ( 'NONE',  ( -3.492500000000012150, 2.337250000000000938, -4.687499999999997335 ) ) ;
#156 = ORIENTED_EDGE ( 'NONE', *, *, #3728, .F. ) ;
#157 = DIRECTION ( 'NONE',  ( -1.000000000000000000, 5.551115123125782702E-17, 3.491481338843133355E-15 ) ) ;
#158 = CARTESIAN_POINT ( 'NONE',  ( -3.831250000000005596, 2.292250000000011223, -1.505249999999979993 ) ) ;
#159 = CARTESIAN_POINT ( 'NONE',  ( -3.831250000000005596, -3.872438979315151464, -1.505249999999979105 ) ) ;
#160 = VECTOR ( 'NONE', #2695, 1000.000000000000000 ) ;
#161 = ORIENTED_EDGE ( 'NONE', *, *, #563, .T. ) ;
#162 = PLANE ( 'NONE',  #895 ) ;
#163 = EDGE_LOOP ( 'NONE', ( #749, #3654, #2013, #1841 ) ) ;
#164 = VECTOR ( 'NONE', #3635, 1000.000000000000000 ) ;
#165 = PLANE ( 'NONE',  #1784 ) ;
#166 = VECTOR ( 'NONE', #2292, 1000.000000000000000 ) ;
#167 = PLANE ( 'NONE',  #893 ) ;
#168 = VECTOR ( 'NONE', #1715, 1000.000000000000000 ) ;
#169 = DIRECTION ( 'NONE',  ( -3.707836382467011589E-15, -0.1305261922200519065, -0.9914448613738104932 ) ) ;
#170 = DIRECTION ( 'NONE',  ( -3.491481338843133355E-15, -1.453114432220753495E-16, -1.000000000000000000 ) ) ;
#171 = CIRCLE ( 'NONE', #679, 0.3224999999999998979 ) ;
#172 = DIRECTION ( 'NONE',  ( 3.491481338843133355E-15, 0.000000000000000000, 1.000000000000000000 ) ) ;
#173 = VERTEX_POINT ( 'NONE', #579 ) ;
#174 = AXIS2_PLACEMENT_3D ( 'NONE', #1682, #2868, #1113 ) ;
#175 = VECTOR ( 'NONE', #2804, 1000.000000000000000 ) ;
#176 = FACE_OUTER_BOUND ( 'NONE', #2301, .T. ) ;
#177 = VERTEX_POINT ( 'NONE', #208 ) ;
#178 = EDGE_CURVE ( 'NONE', #3605, #3425, #1132, .T. ) ;
#179 = LINE ( 'NONE', #551, #1968 ) ;
#180 = ORIENTED_EDGE ( 'NONE', *, *, #1289, .T. ) ;
#181 = LINE ( 'NONE', #215, #966 ) ;
#182 = LINE ( 'NONE', #1362, #3031 ) ;
#183 = ORIENTED_EDGE ( 'NONE', *, *, #702, .T. ) ;
#184 = ADVANCED_FACE ( 'NONE', ( #3535 ), #283, .T. ) ;
#185 = EDGE_LOOP ( 'NONE', ( #1012, #1717, #1740, #2128 ) ) ;
#186 = DIRECTION ( 'NONE',  ( 0.9838760585644680257, 0.1788516183422652062, -3.461174084996292204E-15 ) ) ;
#187 = FACE_OUTER_BOUND ( 'NONE', #822, .T. ) ;
#188 = CARTESIAN_POINT ( 'NONE',  ( 3.234823149097057815, 0.3800000000000014477, -4.429823149097089185 ) ) ;
#189 = CARTESIAN_POINT ( 'NONE',  ( -3.492499999999992166, 2.337250000000009820, 1.967500000000018234 ) ) ;
#190 = FILL_AREA_STYLE ('',( #1510 ) ) ;
#191 = CARTESIAN_POINT ( 'NONE',  ( 4.108750000000007674, 2.292250000000001009, 1.967499999999991811 ) ) ;
#192 = DIRECTION ( 'NONE',  ( 3.491481338843133355E-15, 1.453114432220753248E-16, 1.000000000000000000 ) ) ;
#193 = DIRECTION ( 'NONE',  ( -3.491481338843133355E-15, -1.453114432220753495E-16, -1.000000000000000000 ) ) ;
#194 = EDGE_LOOP ( 'NONE', ( #1002, #549, #1604, #1219 ) ) ;
#195 = CARTESIAN_POINT ( 'NONE',  ( 3.786249999999993676, 2.614750000000001684, -1.967500000000008242 ) ) ;
#196 = EDGE_LOOP ( 'NONE', ( #2506, #60, #2321, #578 ) ) ;
#197 = DIRECTION ( 'NONE',  ( -3.491481338843133355E-15, -6.990965660939809362E-31, -1.000000000000000000 ) ) ;
#198 = FACE_OUTER_BOUND ( 'NONE', #3767, .T. ) ;
#199 = ORIENTED_EDGE ( 'NONE', *, *, #1028, .F. ) ;
#200 = EDGE_CURVE ( 'NONE', #3591, #214, #1464, .T. ) ;
#201 = ORIENTED_EDGE ( 'NONE', *, *, #2129, .T. ) ;
#202 = LINE ( 'NONE', #2852, #594 ) ;
#203 = CARTESIAN_POINT ( 'NONE',  ( -3.786250000000002114, 2.292250000000009891, -1.967499999999982263 ) ) ;
#204 = LINE ( 'NONE', #2288, #2902 ) ;
#205 = EDGE_CURVE ( 'NONE', #894, #636, #2365, .T. ) ;
#206 = ADVANCED_FACE ( 'NONE', ( #1985 ), #3169, .F. ) ;
#207 = CARTESIAN_POINT ( 'NONE',  ( 3.492500000000011262, 2.337250000000002270, 1.967499999999994031 ) ) ;
#208 = CARTESIAN_POINT ( 'NONE',  ( -3.831249999999997158, -3.903127820947815962E-15, 1.034750000000020487 ) ) ;
#209 = DIRECTION ( 'NONE',  ( 1.000000000000000000, 0.000000000000000000, -3.361867201505441295E-15 ) ) ;
#210 = DIRECTION ( 'NONE',  ( 1.000000000000000000, 0.000000000000000000, -3.491481338843133355E-15 ) ) ;
#211 = CARTESIAN_POINT ( 'NONE',  ( -3.831250000000014921, 2.333823006393088928, -4.045249999999980695 ) ) ;
#212 = VERTEX_POINT ( 'NONE', #3478 ) ;
#213 = DIRECTION ( 'NONE',  ( 1.000000000000000000, -1.415534356397074589E-15, -3.491481338843132961E-15 ) ) ;
#214 = VERTEX_POINT ( 'NONE', #814 ) ;
#215 = CARTESIAN_POINT ( 'NONE',  ( -3.786249999999979021, 2.614750000000010566, 4.507500000000018936 ) ) ;
#216 = VECTOR ( 'NONE', #3276, 1000.000000000000000 ) ;
#217 = LINE ( 'NONE', #1125, #168 ) ;
#218 = ORIENTED_EDGE ( 'NONE', *, *, #2325, .T. ) ;
#219 = CIRCLE ( 'NONE', #3510, 0.3224999999999998979 ) ;
#220 = ORIENTED_EDGE ( 'NONE', *, *, #3532, .F. ) ;
#221 = LINE ( 'NONE', #536, #2080 ) ;
#222 = DIRECTION ( 'NONE',  ( -3.491481338843133750E-15, -1.453114432220753002E-16, -1.000000000000000000 ) ) ;
#223 = PLANE ( 'NONE',  #424 ) ;
#224 = VECTOR ( 'NONE', #2256, 1000.000000000000000 ) ;
#225 = EDGE_CURVE ( 'NONE', #3472, #2104, #228, .T. ) ;
#226 = AXIS2_PLACEMENT_3D ( 'NONE', #1227, #2173, #2329 ) ;
#227 = DIRECTION ( 'NONE',  ( 1.000000000000000000, 0.000000000000000000, -3.739831156448975430E-15 ) ) ;
#228 = LINE ( 'NONE', #1410, #2959 ) ;
#229 = VECTOR ( 'NONE', #2405, 1000.000000000000000 ) ;
#230 = CARTESIAN_POINT ( 'NONE',  ( -3.492500000000012150, 2.337250000000000938, -4.687499999999997335 ) ) ;
#231 = EDGE_CURVE ( 'NONE', #1471, #2982, #3794, .T. ) ;
#232 = DIRECTION ( 'NONE',  ( 1.000000000000000000, 0.000000000000000000, -4.139111436541140022E-15 ) ) ;
#233 = VECTOR ( 'NONE', #1457, 1000.000000000000000 ) ;
#234 = EDGE_CURVE ( 'NONE', #2659, #3732, #2690, .T. ) ;
#235 = ORIENTED_EDGE ( 'NONE', *, *, #1149, .T. ) ;
#236 = AXIS2_PLACEMENT_3D ( 'NONE', #2199, #723, #2220 ) ;
#237 = LINE ( 'NONE', #804, #1460 ) ;
#238 = CLOSED_SHELL ( 'NONE', ( #2244, #2713, #3080, #799, #2034, #540, #943, #3524, #2340, #3132, #2623, #1574, #1380, #990 ) ) ;
#239 = MECHANICAL_DESIGN_GEOMETRIC_PRESENTATION_REPRESENTATION (  '', ( #1924 ), #2229 ) ;
#240 = LINE ( 'NONE', #2863, #2830 ) ;
#241 = DIRECTION ( 'NONE',  ( 2.775557561562840507E-17, 1.000000000000000000, -1.453114432220754235E-16 ) ) ;
#242 = ORIENTED_EDGE ( 'NONE', *, *, #727, .F. ) ;
#243 = ORIENTED_EDGE ( 'NONE', *, *, #2602, .F. ) ;
#244 = CARTESIAN_POINT ( 'NONE',  ( -3.786249999999979909, 2.292250000000010779, 4.507500000000018936 ) ) ;
#245 = EDGE_LOOP ( 'NONE', ( #3124, #2574, #2929, #1535 ) ) ;
#246 = ADVANCED_FACE ( 'NONE', ( #1266 ), #2443, .T. ) ;
#247 = LINE ( 'NONE', #3828, #836 ) ;
#248 = CARTESIAN_POINT ( 'NONE',  ( 3.786250000000016325, 2.614750000000002128, 4.507499999999993179 ) ) ;
#249 = FACE_OUTER_BOUND ( 'NONE', #781, .T. ) ;
#250 = ADVANCED_FACE ( 'NONE', ( #2424 ), #1866, .T. ) ;
#251 = CARTESIAN_POINT ( 'NONE',  ( 3.492500000000019700, 2.337250000000002270, 4.507499999999994067 ) ) ;
#252 = VERTEX_POINT ( 'NONE', #1524 ) ;
#253 = PLANE ( 'NONE',  #3573 ) ;
#254 = ORIENTED_EDGE ( 'NONE', *, *, #1700, .F. ) ;
#255 = DIRECTION ( 'NONE',  ( -3.491481338843133355E-15, -1.453114432220752016E-16, -1.000000000000000000 ) ) ;
#256 = CARTESIAN_POINT ( 'NONE',  ( 4.108750000000002345, -3.903127820947815962E-15, 0.5724999999999920153 ) ) ;
#257 = ORIENTED_EDGE ( 'NONE', *, *, #2437, .T. ) ;
#258 = EDGE_LOOP ( 'NONE', ( #3007, #1990, #837, #2881, #2273, #2200, #2323, #1898 ) ) ;
#259 = DIRECTION ( 'NONE',  ( 1.000000000000000000, 0.000000000000000000, 0.000000000000000000 ) ) ;
#260 = CYLINDRICAL_SURFACE ( 'NONE', #1348, 0.3224999999999998979 ) ;
#261 = CARTESIAN_POINT ( 'NONE',  ( 3.781250000000005773, 2.333823006393090704, 1.505249999999993094 ) ) ;
#262 = CARTESIAN_POINT ( 'NONE',  ( 4.108749999999998792, -3.903127820947815962E-15, -0.5725000000000077804 ) ) ;
#263 = ORIENTED_EDGE ( 'NONE', *, *, #1101, .F. ) ;
#264 = DIRECTION ( 'NONE',  ( 5.073521923302396075E-31, -1.000000000000000000, 1.453114432220753495E-16 ) ) ;
#265 = SURFACE_SIDE_STYLE ('',( #2729 ) ) ;
#266 = ORIENTED_EDGE ( 'NONE', *, *, #3484, .F. ) ;
#267 = EDGE_CURVE ( 'NONE', #333, #2519, #9, .T. ) ;
#268 = PLANE ( 'NONE',  #3332 ) ;
#269 = EDGE_LOOP ( 'NONE', ( #183, #453, #1779, #2861 ) ) ;
#270 = EDGE_CURVE ( 'NONE', #3259, #588, #2712, .T. ) ;
#271 = CARTESIAN_POINT ( 'NONE',  ( 3.831250000000011369, -3.035766082959412415E-15, 3.112499999999993161 ) ) ;
#272 = CARTESIAN_POINT ( 'NONE',  ( -4.108750000000004121, 2.333823006393089372, -1.034749999999979408 ) ) ;
#273 = EDGE_LOOP ( 'NONE', ( #2906, #806, #3048, #2240 ) ) ;
#274 = EDGE_CURVE ( 'NONE', #3818, #2429, #1783, .T. ) ;
#275 = VECTOR ( 'NONE', #2774, 1000.000000000000000 ) ;
#276 = CARTESIAN_POINT ( 'NONE',  ( -3.786249999999979909, 2.292250000000010779, 4.507500000000018936 ) ) ;
#277 =( LENGTH_UNIT ( ) NAMED_UNIT ( * ) SI_UNIT ( .MILLI., .METRE. ) );
#278 = AXIS2_PLACEMENT_3D ( 'NONE', #142, #1636, #1319 ) ;
#279 = VERTEX_POINT ( 'NONE', #1184 ) ;
#280 = CARTESIAN_POINT ( 'NONE',  ( -3.831250000000004263, -3.903127820947815962E-15, -0.5724999999999799138 ) ) ;
#281 = ORIENTED_EDGE ( 'NONE', *, *, #2060, .F. ) ;
#282 = AXIS2_PLACEMENT_3D ( 'NONE', #3389, #2146, #121 ) ;
#283 = PLANE ( 'NONE',  #2467 ) ;
#284 = VECTOR ( 'NONE', #2812, 1000.000000000000000 ) ;
#285 = DIRECTION ( 'NONE',  ( -2.775557561562840507E-17, -1.000000000000000000, 1.453114432220754235E-16 ) ) ;
#286 = DIRECTION ( 'NONE',  ( 3.491481338843133355E-15, 1.453114432220753248E-16, 1.000000000000000000 ) ) ;
#287 = EDGE_LOOP ( 'NONE', ( #3222, #2999, #1343, #1481 ) ) ;
#288 = DIRECTION ( 'NONE',  ( -3.491481338843133355E-15, -1.453114432220752016E-16, -1.000000000000000000 ) ) ;
#289 = VECTOR ( 'NONE', #505, 1000.000000000000000 ) ;
#290 = VERTEX_POINT ( 'NONE', #2989 ) ;
#291 = EDGE_CURVE ( 'NONE', #2376, #2653, #341, .T. ) ;
#292 = LINE ( 'NONE', #2996, #1900 ) ;
#293 = AXIS2_PLACEMENT_3D ( 'NONE', #2393, #1473, #1537 ) ;
#294 = CARTESIAN_POINT ( 'NONE',  ( -3.831250000000007372, -3.903127820947815962E-15, -1.505249999999979993 ) ) ;
#295 = ORIENTED_EDGE ( 'NONE', *, *, #2417, .T. ) ;
#296 = AXIS2_PLACEMENT_3D ( 'NONE', #1276, #2184, #704 ) ;
#297 = EDGE_LOOP ( 'NONE', ( #2904, #2404, #3596, #3668, #508, #2919, #584, #1802 ) ) ;
#298 = EDGE_CURVE ( 'NONE', #3122, #771, #1822, .T. ) ;
#299 = LINE ( 'NONE', #1165, #3698 ) ;
#300 = LINE ( 'NONE', #2667, #1598 ) ;
#301 = AXIS2_PLACEMENT_3D ( 'NONE', #1569, #2680, #1190 ) ;
#302 = ORIENTED_EDGE ( 'NONE', *, *, #1753, .F. ) ;
#303 = EDGE_CURVE ( 'NONE', #2087, #56, #365, .T. ) ;
#304 = PLANE ( 'NONE',  #1893 ) ;
#305 = EDGE_LOOP ( 'NONE', ( #944, #1696, #2253, #1752 ) ) ;
#306 = DIRECTION ( 'NONE',  ( 1.000000000000000000, 9.992007221626408864E-16, -3.491481338843133355E-15 ) ) ;
#307 = DIRECTION ( 'NONE',  ( 0.9838760585644680257, 0.1788516183422652062, -3.461174084996292204E-15 ) ) ;
#308 = LINE ( 'NONE', #2991, #3283 ) ;
#309 = ORIENTED_EDGE ( 'NONE', *, *, #3819, .F. ) ;
#310 = CARTESIAN_POINT ( 'NONE',  ( -3.831249999999984279, 2.292250000000010779, 3.112500000000019362 ) ) ;
#311 = ORIENTED_EDGE ( 'NONE', *, *, #130, .F. ) ;
#312 = CARTESIAN_POINT ( 'NONE',  ( 3.781249999999993783, 2.333823006393090260, -1.967500000000007354 ) ) ;
#313 = LINE ( 'NONE', #876, #1414 ) ;
#314 = ORIENTED_EDGE ( 'NONE', *, *, #1262, .F. ) ;
#315 = ORIENTED_EDGE ( 'NONE', *, *, #543, .T. ) ;
#316 = CARTESIAN_POINT ( 'NONE',  ( -4.108750000000015667, 2.333823006393088928, -4.507499999999978968 ) ) ;
#317 = DIRECTION ( 'NONE',  ( 1.000000000000000000, 6.578071420904052502E-15, -3.491481338843134144E-15 ) ) ;
#318 = EDGE_CURVE ( 'NONE', #3621, #3431, #3838, .T. ) ;
#319 = ORIENTED_EDGE ( 'NONE', *, *, #3182, .T. ) ;
#320 = CARTESIAN_POINT ( 'NONE',  ( 3.786249999999989679, 2.614750000000002128, -3.112500000000008260 ) ) ;
#321 = ORIENTED_EDGE ( 'NONE', *, *, #2182, .F. ) ;
#322 = LINE ( 'NONE', #1501, #1528 ) ;
#323 = EDGE_CURVE ( 'NONE', #2028, #2551, #385, .T. ) ;
#324 = EDGE_CURVE ( 'NONE', #894, #2221, #2381, .T. ) ;
#325 = DIRECTION ( 'NONE',  ( 1.000000000000000000, 0.000000000000000000, -3.491481338843133355E-15 ) ) ;
#326 = LINE ( 'NONE', #3306, #2782 ) ;
#327 = ORIENTED_EDGE ( 'NONE', *, *, #1942, .F. ) ;
#328 = LINE ( 'NONE', #642, #160 ) ;
#329 = ORIENTED_EDGE ( 'NONE', *, *, #2366, .F. ) ;
#330 = LINE ( 'NONE', #3127, #661 ) ;
#331 = CARTESIAN_POINT ( 'NONE',  ( 3.492500000000006377, 2.614750000000001684, 0.5724999999999931255 ) ) ;
#332 = EDGE_LOOP ( 'NONE', ( #1196, #2956, #1775, #1365, #3027, #638, #2285, #647 ) ) ;
#333 = VERTEX_POINT ( 'NONE', #2138 ) ;
#334 = CARTESIAN_POINT ( 'NONE',  ( -3.831249999999987832, -3.872438979315151464, 3.574750000000020744 ) ) ;
#335 = LINE ( 'NONE', #922, #2284 ) ;
#336 = CARTESIAN_POINT ( 'NONE',  ( -4.108749999999989022, 2.292250000000001009, 3.112500000000020250 ) ) ;
#337 = STYLED_ITEM ( 'NONE', ( #68 ), #1800 ) ;
#338 = ORIENTED_EDGE ( 'NONE', *, *, #1123, .F. ) ;
#339 = CARTESIAN_POINT ( 'NONE',  ( -3.786249999999979021, 2.614750000000010566, 4.507500000000018936 ) ) ;
#340 = ORIENTED_EDGE ( 'NONE', *, *, #988, .F. ) ;
#341 = LINE ( 'NONE', #2074, #1846 ) ;
#342 = EDGE_CURVE ( 'NONE', #64, #825, #51, .T. ) ;
#343 = VECTOR ( 'NONE', #3731, 1000.000000000000000 ) ;
#344 = PLANE ( 'NONE',  #2261 ) ;
#345 = EDGE_CURVE ( 'NONE', #290, #2359, #904, .T. ) ;
#346 = LINE ( 'NONE', #2635, #1601 ) ;
#347 = ORIENTED_EDGE ( 'NONE', *, *, #318, .T. ) ;
#348 = AXIS2_PLACEMENT_3D ( 'NONE', #1673, #1083, #783 ) ;
#349 = CARTESIAN_POINT ( 'NONE',  ( -3.786249999999979021, 2.614750000000010566, 4.507500000000018936 ) ) ;
#350 = ORIENTED_EDGE ( 'NONE', *, *, #1167, .T. ) ;
#351 = COLOUR_RGB ( '',0.7921568627450980005, 0.8196078431372548767, 0.9333333333333333481 ) ;
#352 = DIRECTION ( 'NONE',  ( 0.9838760585644680257, 0.1788516183422652062, -3.461174084996292204E-15 ) ) ;
#353 = ORIENTED_EDGE ( 'NONE', *, *, #3611, .F. ) ;
#354 = VECTOR ( 'NONE', #461, 1000.000000000000000 ) ;
#355 = AXIS2_PLACEMENT_3D ( 'NONE', #2788, #3683, #2823 ) ;
#356 = ORIENTED_EDGE ( 'NONE', *, *, #818, .T. ) ;
#357 = CARTESIAN_POINT ( 'NONE',  ( 3.786249999999993676, 2.292250000000001453, -1.967500000000008242 ) ) ;
#358 = CARTESIAN_POINT ( 'NONE',  ( -4.108750000000002345, 2.333823006393089372, -0.5724999999999795808 ) ) ;
#359 = VECTOR ( 'NONE', #1643, 1000.000000000000000 ) ;
#360 = UNCERTAINTY_MEASURE_WITH_UNIT (LENGTH_MEASURE( 1.000000000000000082E-05 ), #1118, 'distance_accuracy_value', 'NONE');
#361 = VERTEX_POINT ( 'NONE', #1806 ) ;
#362 = CARTESIAN_POINT ( 'NONE',  ( 3.786250000000016325, 2.614750000000002128, 4.507499999999993179 ) ) ;
#363 = CIRCLE ( 'NONE', #3036, 0.3224999999999998979 ) ;
#364 = STYLED_ITEM ( 'NONE', ( #3676 ), #1721 ) ;
#365 = LINE ( 'NONE', #1565, #1339 ) ;
#366 = ADVANCED_FACE ( 'NONE', ( #27 ), #948, .T. ) ;
#367 = DIRECTION ( 'NONE',  ( -3.491481338843133750E-15, -1.453114432220753002E-16, -1.000000000000000000 ) ) ;
#368 = ORIENTED_EDGE ( 'NONE', *, *, #467, .F. ) ;
#369 = CARTESIAN_POINT ( 'NONE',  ( -4.108750000000005898, 2.292250000000012111, -3.112499999999980282 ) ) ;
#370 = EDGE_CURVE ( 'NONE', #84, #1863, #322, .T. ) ;
#371 = PRODUCT_DEFINITION_SHAPE ( 'NONE', 'NONE',  #2064 ) ;
#372 = CARTESIAN_POINT ( 'NONE',  ( 4.108749999999995239, -3.903127820947815962E-15, -1.505250000000007526 ) ) ;
#373 = ORIENTED_EDGE ( 'NONE', *, *, #1106, .F. ) ;
#374 = FACE_OUTER_BOUND ( 'NONE', #2874, .T. ) ;
#375 = EDGE_CURVE ( 'NONE', #123, #977, #3009, .T. ) ;
#376 = ORIENTED_EDGE ( 'NONE', *, *, #135, .T. ) ;
#377 = ADVANCED_FACE ( 'NONE', ( #1321 ), #165, .T. ) ;
#378 = ORIENTED_EDGE ( 'NONE', *, *, #1034, .F. ) ;
#379 = DIRECTION ( 'NONE',  ( -2.775557561562941887E-17, 1.000000000000000000, -1.453114432220752262E-16 ) ) ;
#380 = LINE ( 'NONE', #1634, #3342 ) ;
#381 = LINE ( 'NONE', #1561, #2217 ) ;
#382 = ORIENTED_EDGE ( 'NONE', *, *, #2723, .F. ) ;
#383 = CARTESIAN_POINT ( 'NONE',  ( 3.831250000000005596, -3.872438979315151464, 1.505249999999993760 ) ) ;
#384 = ORIENTED_EDGE ( 'NONE', *, *, #945, .T. ) ;
#385 = LINE ( 'NONE', #929, #975 ) ;
#386 = CARTESIAN_POINT ( 'NONE',  ( -3.492499999999973070, 2.614750000000000796, 4.687500000000028422 ) ) ;
#387 = CARTESIAN_POINT ( 'NONE',  ( -3.831250000000003819, -3.872438979315151464, -1.034749999999979408 ) ) ;
#388 = ORIENTED_EDGE ( 'NONE', *, *, #36, .T. ) ;
#389 = LINE ( 'NONE', #3657, #164 ) ;
#390 = DIRECTION ( 'NONE',  ( -2.775557561562941887E-17, 1.000000000000000000, -1.453114432220752262E-16 ) ) ;
#391 = ORIENTED_EDGE ( 'NONE', *, *, #3317, .F. ) ;
#392 = EDGE_CURVE ( 'NONE', #1933, #3337, #1638, .T. ) ;
#393 = LINE ( 'NONE', #765, #2275 ) ;
#394 = CARTESIAN_POINT ( 'NONE',  ( 3.831250000000013145, -3.035766082959412415E-15, 3.574749999999993655 ) ) ;
#395 = LINE ( 'NONE', #3427, #3584 ) ;
#396 = ORIENTED_EDGE ( 'NONE', *, *, #3669, .F. ) ;
#397 = CARTESIAN_POINT ( 'NONE',  ( -3.492500000000009930, 2.337250000000008487, -3.112499999999983391 ) ) ;
#398 = ORIENTED_EDGE ( 'NONE', *, *, #324, .T. ) ;
#399 = PRESENTATION_STYLE_ASSIGNMENT (( #2212 ) ) ;
#400 = AXIS2_PLACEMENT_3D ( 'NONE', #541, #3810, #850 ) ;
#401 = CARTESIAN_POINT ( 'NONE',  ( -4.108750000000012115, 2.333823006393088928, -3.112499999999979838 ) ) ;
#402 = VECTOR ( 'NONE', #1240, 1000.000000000000000 ) ;
#403 = DIRECTION ( 'NONE',  ( 1.000000000000000000, 0.000000000000000000, -2.409338161078903914E-15 ) ) ;
#404 = ORIENTED_EDGE ( 'NONE', *, *, #1326, .F. ) ;
#405 = CARTESIAN_POINT ( 'NONE',  ( -3.786249999999996785, 2.614750000000002128, -0.5724999999999812461 ) ) ;
#406 = COLOUR_RGB ( '',0.7921568627450980005, 0.8196078431372548767, 0.9333333333333333481 ) ;
#407 = VERTEX_POINT ( 'NONE', #699 ) ;
#408 = VECTOR ( 'NONE', #759, 1000.000000000000000 ) ;
#409 = DIRECTION ( 'NONE',  ( 0.1305261922200519065, -0.9914448613738104932, -4.557297643665629895E-16 ) ) ;
#410 = VERTEX_POINT ( 'NONE', #3417 ) ;
#411 = CARTESIAN_POINT ( 'NONE',  ( 3.831249999999987832, -3.903127820947815962E-15, -3.574750000000006089 ) ) ;
#412 = AXIS2_PLACEMENT_3D ( 'NONE', #2004, #2270, #209 ) ;
#413 = EDGE_CURVE ( 'NONE', #2211, #410, #1883, .T. ) ;
#414 = CARTESIAN_POINT ( 'NONE',  ( 4.108749999999988134, 2.333823006393088928, -3.574750000000008310 ) ) ;
#415 = AXIS2_PLACEMENT_3D ( 'NONE', #3320, #639, #658 ) ;
#416 = CARTESIAN_POINT ( 'NONE',  ( -3.786249999999979909, 2.337250000000010708, 4.507500000000018936 ) ) ;
#417 = VECTOR ( 'NONE', #951, 1000.000000000000000 ) ;
#418 = VECTOR ( 'NONE', #3030, 1000.000000000000000 ) ;
#419 = EDGE_CURVE ( 'NONE', #598, #361, #2854, .T. ) ;
#420 = EDGE_LOOP ( 'NONE', ( #3684, #2036, #952, #1766 ) ) ;
#421 = CARTESIAN_POINT ( 'NONE',  ( -4.108749999999988134, -3.903127820947815962E-15, 3.574750000000021632 ) ) ;
#422 = VERTEX_POINT ( 'NONE', #3360 ) ;
#423 = CARTESIAN_POINT ( 'NONE',  ( 3.786250000000016325, 2.337250000000002270, 4.507499999999993179 ) ) ;
#424 = AXIS2_PLACEMENT_3D ( 'NONE', #261, #2002, #2345 ) ;
#425 = EDGE_CURVE ( 'NONE', #2098, #1440, #2829, .T. ) ;
#426 = EDGE_CURVE ( 'NONE', #3294, #3183, #126, .T. ) ;
#427 = CLOSED_SHELL ( 'NONE', ( #3608, #959, #1672, #2761, #184, #521, #2161, #1242, #1578, #2743, #3456, #2561, #2433, #3419 ) ) ;
#428 = VECTOR ( 'NONE', #2109, 1000.000000000000000 ) ;
#429 = PLANE ( 'NONE',  #1768 ) ;
#430 = ORIENTED_EDGE ( 'NONE', *, *, #3434, .T. ) ;
#431 = DIRECTION ( 'NONE',  ( -6.578071420904053291E-15, 1.000000000000000000, -1.453114432220523493E-16 ) ) ;
#432 = CARTESIAN_POINT ( 'NONE',  ( 4.108750000000007674, -3.903127820947815962E-15, 1.967499999999992699 ) ) ;
#433 = VERTEX_POINT ( 'NONE', #188 ) ;
#434 = CARTESIAN_POINT ( 'NONE',  ( 3.786250000000002558, 2.337250000000001826, 0.5724999999999920153 ) ) ;
#435 = ORIENTED_EDGE ( 'NONE', *, *, #1364, .T. ) ;
#436 = LINE ( 'NONE', #2497, #1203 ) ;
#437 = LINE ( 'NONE', #2744, #3207 ) ;
#438 = LINE ( 'NONE', #1317, #3400 ) ;
#439 = ORIENTED_EDGE ( 'NONE', *, *, #1326, .T. ) ;
#440 = LINE ( 'NONE', #2768, #94 ) ;
#441 = EDGE_LOOP ( 'NONE', ( #3116, #2402, #1880, #3481, #3855, #19, #3627, #618 ) ) ;
#442 = CARTESIAN_POINT ( 'NONE',  ( 3.786249999999984794, 2.614750000000000796, -4.507500000000007390 ) ) ;
#443 = EDGE_CURVE ( 'NONE', #724, #1794, #111, .T. ) ;
#444 = DIRECTION ( 'NONE',  ( -1.000000000000000000, 1.415534356397074589E-15, 3.491481338843132961E-15 ) ) ;
#445 = DIRECTION ( 'NONE',  ( -4.557297643665629895E-16, 0.9914448613738104932, -0.1305261922200519065 ) ) ;
#446 = ADVANCED_FACE ( 'NONE', ( #3145 ), #2792, .T. ) ;
#447 = CARTESIAN_POINT ( 'NONE',  ( -4.108749999999988134, 2.333823006393090260, 3.574750000000020744 ) ) ;
#448 = EDGE_CURVE ( 'NONE', #42, #3431, #3068, .T. ) ;
#449 = EDGE_LOOP ( 'NONE', ( #3349, #1769, #1580, #309 ) ) ;
#450 = LINE ( 'NONE', #1552, #2844 ) ;
#451 = EDGE_LOOP ( 'NONE', ( #396, #3659, #2781, #482, #3339, #1808, #3194, #1813 ) ) ;
#452 = DIRECTION ( 'NONE',  ( 3.491481338843133355E-15, 0.000000000000000000, 1.000000000000000000 ) ) ;
#453 = ORIENTED_EDGE ( 'NONE', *, *, #2652, .T. ) ;
#454 = DIRECTION ( 'NONE',  ( -2.775557561562941887E-17, 1.000000000000000000, -1.453114432220752262E-16 ) ) ;
#455 = DIRECTION ( 'NONE',  ( -1.000000000000000000, 2.952720810173326386E-15, 3.491481338843133355E-15 ) ) ;
#456 = MANIFOLD_SOLID_BREP ( 'Body-Move/Copy2[4]', #427 ) ;
#457 = CARTESIAN_POINT ( 'NONE',  ( 0.000000000000000000, 0.000000000000000000, 0.000000000000000000 ) ) ;
#458 = ORIENTED_EDGE ( 'NONE', *, *, #660, .F. ) ;
#459 = DIRECTION ( 'NONE',  ( 1.000000000000000000, 3.213883132206473412E-17, -3.735599999035885952E-15 ) ) ;
#460 = ORIENTED_EDGE ( 'NONE', *, *, #1218, .T. ) ;
#461 = DIRECTION ( 'NONE',  ( -3.491481338843133355E-15, -1.453114432220753495E-16, -1.000000000000000000 ) ) ;
#462 = ADVANCED_FACE ( 'NONE', ( #2193 ), #1039, .T. ) ;
#463 = CARTESIAN_POINT ( 'NONE',  ( 3.786250000000016325, 2.292250000000002341, 4.507499999999993179 ) ) ;
#464 = CARTESIAN_POINT ( 'NONE',  ( 3.831250000000013145, -3.872438979315151464, 3.574749999999993655 ) ) ;
#465 = CARTESIAN_POINT ( 'NONE',  ( -4.108749999999997016, 2.333823006393089816, 1.034750000000021153 ) ) ;
#466 = CIRCLE ( 'NONE', #1576, 0.3225000000000002864 ) ;
#467 = EDGE_CURVE ( 'NONE', #2338, #95, #3733, .T. ) ;
#468 = SURFACE_STYLE_FILL_AREA ( #1668 ) ;
#469 = VERTEX_POINT ( 'NONE', #1624 ) ;
#470 = MANIFOLD_SOLID_BREP ( 'Body-Move/Copy2[2]', #238 ) ;
#471 = CARTESIAN_POINT ( 'NONE',  ( -3.492500000000012150, 2.614750000000000796, -4.687499999999996447 ) ) ;
#472 = ORIENTED_EDGE ( 'NONE', *, *, #563, .F. ) ;
#473 = CIRCLE ( 'NONE', #3204, 0.04499999999999990119 ) ;
#474 = EDGE_CURVE ( 'NONE', #3605, #3357, #2809, .T. ) ;
#475 = DIRECTION ( 'NONE',  ( -2.775557561562941887E-17, 1.000000000000000000, -1.453114432220752262E-16 ) ) ;
#476 = AXIS2_PLACEMENT_3D ( 'NONE', #1588, #169, #445 ) ;
#477 = FACE_OUTER_BOUND ( 'NONE', #2528, .T. ) ;
#478 = PLANE ( 'NONE',  #854 ) ;
#479 = AXIS2_PLACEMENT_3D ( 'NONE', #2141, #2754, #1273 ) ;
#480 = VERTEX_POINT ( 'NONE', #538 ) ;
#481 = DIRECTION ( 'NONE',  ( -1.000000000000000000, -1.415534356397074589E-15, 3.491481338843133750E-15 ) ) ;
#482 = ORIENTED_EDGE ( 'NONE', *, *, #2249, .T. ) ;
#483 = DIRECTION ( 'NONE',  ( 0.9838760585644680257, 0.1788516183422652062, -3.461174084996292204E-15 ) ) ;
#484 = LINE ( 'NONE', #1902, #1959 ) ;
#485 = AXIS2_PLACEMENT_3D ( 'NONE', #1798, #3562, #2420 ) ;
#486 = FACE_OUTER_BOUND ( 'NONE', #2130, .T. ) ;
#487 = CARTESIAN_POINT ( 'NONE',  ( -3.786249999999979909, 2.292250000000010779, 4.507500000000018936 ) ) ;
#488 = VECTOR ( 'NONE', #509, 1000.000000000000000 ) ;
#489 = FILL_AREA_STYLE_COLOUR ( '', #859 ) ;
#490 = MECHANICAL_DESIGN_GEOMETRIC_PRESENTATION_REPRESENTATION (  '', ( #3788 ), #2477 ) ;
#491 = CARTESIAN_POINT ( 'NONE',  ( -3.234823149097064920, 4.571999999999997399, 1.129432465953018051E-14 ) ) ;
#492 = ORIENTED_EDGE ( 'NONE', *, *, #2931, .T. ) ;
#493 = EDGE_CURVE ( 'NONE', #3829, #1794, #2264, .T. ) ;
#494 = CARTESIAN_POINT ( 'NONE',  ( 3.786250000000007443, 2.337250000000001826, 1.967499999999993143 ) ) ;
#495 = ORIENTED_EDGE ( 'NONE', *, *, #1548, .T. ) ;
#496 = CARTESIAN_POINT ( 'NONE',  ( -4.108750000000005898, 2.292250000000012111, -1.505249999999979105 ) ) ;
#497 = DIRECTION ( 'NONE',  ( 1.000000000000000000, 0.000000000000000000, -3.491481338843133355E-15 ) ) ;
#498 = EDGE_LOOP ( 'NONE', ( #3441, #1967, #3737, #2277, #391, #753, #3423, #2784 ) ) ;
#499 = EDGE_CURVE ( 'NONE', #2283, #997, #3809, .T. ) ;
#500 = ORIENTED_EDGE ( 'NONE', *, *, #2489, .T. ) ;
#501 = DIRECTION ( 'NONE',  ( 1.000000000000000000, 0.000000000000000000, -4.034240641806529081E-15 ) ) ;
#502 = PLANE ( 'NONE',  #174 ) ;
#503 = LINE ( 'NONE', #1683, #3156 ) ;
#504 = DIRECTION ( 'NONE',  ( 3.491481338843133355E-15, 1.453114432220753495E-16, 1.000000000000000000 ) ) ;
#505 = DIRECTION ( 'NONE',  ( 3.125627884642896330E-15, 1.000000000000000000, -1.091307143139841027E-29 ) ) ;
#506 = LINE ( 'NONE', #230, #2043 ) ;
#507 = CARTESIAN_POINT ( 'NONE',  ( -3.831249999999987832, -3.035766082959412415E-15, 3.574750000000020744 ) ) ;
#508 = ORIENTED_EDGE ( 'NONE', *, *, #1238, .F. ) ;
#509 = DIRECTION ( 'NONE',  ( 3.491481338843133355E-15, 1.453114432220753495E-16, 1.000000000000000000 ) ) ;
#510 = ORIENTED_EDGE ( 'NONE', *, *, #517, .T. ) ;
#511 = CARTESIAN_POINT ( 'NONE',  ( -4.108853077640661766, 2.614750000000002128, -3.112499999999980727 ) ) ;
#512 = ADVANCED_FACE ( 'NONE', ( #1743 ), #223, .F. ) ;
#513 = DIRECTION ( 'NONE',  ( 0.000000000000000000, 1.000000000000000000, 0.000000000000000000 ) ) ;
#514 = DIRECTION ( 'NONE',  ( -1.000000000000000000, 0.000000000000000000, 3.491481338843133355E-15 ) ) ;
#515 = ORIENTED_EDGE ( 'NONE', *, *, #3247, .T. ) ;
#516 = ORIENTED_EDGE ( 'NONE', *, *, #1268, .F. ) ;
#517 = EDGE_CURVE ( 'NONE', #1265, #3362, #1720, .T. ) ;
#518 = LINE ( 'NONE', #3768, #1450 ) ;
#519 = DIRECTION ( 'NONE',  ( 1.000000000000000000, -6.578071420904052502E-15, -3.491481338843132566E-15 ) ) ;
#520 = LINE ( 'NONE', #615, #911 ) ;
#521 = ADVANCED_FACE ( 'NONE', ( #2927 ), #3770, .F. ) ;
#522 = FACE_OUTER_BOUND ( 'NONE', #196, .T. ) ;
#523 = DIRECTION ( 'NONE',  ( -3.491481338843133355E-15, -1.453114432220753495E-16, -1.000000000000000000 ) ) ;
#524 = DIRECTION ( 'NONE',  ( 1.000000000000000000, -3.213883132206473412E-17, -3.735599999035885952E-15 ) ) ;
#525 = FACE_OUTER_BOUND ( 'NONE', #537, .T. ) ;
#526 = ORIENTED_EDGE ( 'NONE', *, *, #1138, .T. ) ;
#527 = LINE ( 'NONE', #2843, #3083 ) ;
#528 = AXIS2_PLACEMENT_3D ( 'NONE', #1115, #813, #2631 ) ;
#529 = VERTEX_POINT ( 'NONE', #2039 ) ;
#530 = DIRECTION ( 'NONE',  ( -0.000000000000000000, -1.000000000000000000, 0.000000000000000000 ) ) ;
#531 = VECTOR ( 'NONE', #2790, 1000.000000000000114 ) ;
#532 = CARTESIAN_POINT ( 'NONE',  ( 4.108750000000013003, -3.903127820947815962E-15, 3.574749999999992767 ) ) ;
#533 = VERTEX_POINT ( 'NONE', #1384 ) ;
#534 = EDGE_CURVE ( 'NONE', #626, #134, #1406, .T. ) ;
#535 = AXIS2_PLACEMENT_3D ( 'NONE', #3379, #2235, #1043 ) ;
#536 = CARTESIAN_POINT ( 'NONE',  ( 4.108750000000013003, 2.333823006393090260, 3.574749999999991878 ) ) ;
#537 = EDGE_LOOP ( 'NONE', ( #3550, #3384, #1832, #834, #2176, #1999, #500, #2245 ) ) ;
#538 = CARTESIAN_POINT ( 'NONE',  ( -3.786249999999983462, 2.614750000000001684, 3.112500000000018918 ) ) ;
#539 = VECTOR ( 'NONE', #3641, 1000.000000000000000 ) ;
#540 = ADVANCED_FACE ( 'NONE', ( #3453 ), #2630, .F. ) ;
#541 = CARTESIAN_POINT ( 'NONE',  ( -3.831250000000009148, -3.903127820947815962E-15, -1.967499999999980043 ) ) ;
#542 = CARTESIAN_POINT ( 'NONE',  ( -4.108749999999997016, -3.903127820947815962E-15, 1.034750000000021375 ) ) ;
#543 = EDGE_CURVE ( 'NONE', #3246, #2876, #2909, .T. ) ;
#544 = VECTOR ( 'NONE', #772, 1000.000000000000000 ) ;
#545 = ADVANCED_FACE ( 'NONE', ( #1982 ), #2943, .F. ) ;
#546 = CARTESIAN_POINT ( 'NONE',  ( -3.786249999999987459, 2.614750000000010122, 1.967500000000019122 ) ) ;
#547 = VECTOR ( 'NONE', #1141, 1000.000000000000000 ) ;
#548 = CARTESIAN_POINT ( 'NONE',  ( -3.831250000000002043, 2.292250000000009891, -1.967499999999981819 ) ) ;
#549 = ORIENTED_EDGE ( 'NONE', *, *, #3391, .F. ) ;
#550 = VECTOR ( 'NONE', #2529, 1000.000000000000000 ) ;
#551 = CARTESIAN_POINT ( 'NONE',  ( -3.831249999999998490, -3.035766082959412415E-15, 0.5725000000000195488 ) ) ;
#552 = AXIS2_PLACEMENT_3D ( 'NONE', #560, #3791, #519 ) ;
#553 = VECTOR ( 'NONE', #1155, 1000.000000000000000 ) ;
#554 = EDGE_LOOP ( 'NONE', ( #1332, #3544, #1271, #926 ) ) ;
#555 = CARTESIAN_POINT ( 'NONE',  ( 3.786250000000016325, 2.292250000000002341, 4.507499999999993179 ) ) ;
#556 = LINE ( 'NONE', #860, #608 ) ;
#557 = EDGE_LOOP ( 'NONE', ( #1045, #1649, #2859, #2057 ) ) ;
#558 = EDGE_LOOP ( 'NONE', ( #2490, #435, #3429, #3220 ) ) ;
#559 = CARTESIAN_POINT ( 'NONE',  ( 3.786249999999993676, 2.292250000000001453, -1.967500000000008242 ) ) ;
#560 = CARTESIAN_POINT ( 'NONE',  ( 3.831249999999986056, -3.872438979315151464, -4.045250000000005564 ) ) ;
#561 = CARTESIAN_POINT ( 'NONE',  ( -3.786250000000010996, 2.292250000000009447, -4.507499999999980744 ) ) ;
#562 = PLANE ( 'NONE',  #1975 ) ;
#563 = EDGE_CURVE ( 'NONE', #1858, #1551, #503, .T. ) ;
#564 = FILL_AREA_STYLE ('',( #3026 ) ) ;
#565 = EDGE_CURVE ( 'NONE', #1296, #3328, #204, .T. ) ;
#566 = LINE ( 'NONE', #1707, #2718 ) ;
#567 = EDGE_CURVE ( 'NONE', #3784, #24, #520, .T. ) ;
#568 = EDGE_LOOP ( 'NONE', ( #1938, #581, #2255, #314 ) ) ;
#569 = DIRECTION ( 'NONE',  ( -1.000000000000000000, 2.952720810173325991E-15, 3.491481338843133355E-15 ) ) ;
#570 = VERTEX_POINT ( 'NONE', #3024 ) ;
#571 = PLANE ( 'NONE',  #981 ) ;
#572 = ORIENTED_EDGE ( 'NONE', *, *, #1960, .T. ) ;
#573 = ORIENTED_EDGE ( 'NONE', *, *, #1104, .F. ) ;
#574 = FACE_OUTER_BOUND ( 'NONE', #2195, .T. ) ;
#575 = DIRECTION ( 'NONE',  ( -1.000000000000000000, -2.775557561562891043E-17, 3.491481338843133355E-15 ) ) ;
#576 = VERTEX_POINT ( 'NONE', #1241 ) ;
#577 = CARTESIAN_POINT ( 'NONE',  ( -4.108749999999995239, 2.333823006393089816, 1.505250000000020627 ) ) ;
#578 = ORIENTED_EDGE ( 'NONE', *, *, #1128, .T. ) ;
#579 = CARTESIAN_POINT ( 'NONE',  ( -3.786249999999993232, 2.337250000000010264, 0.5725000000000185496 ) ) ;
#580 = EDGE_CURVE ( 'NONE', #2621, #629, #300, .T. ) ;
#581 = ORIENTED_EDGE ( 'NONE', *, *, #3158, .F. ) ;
#582 = DIRECTION ( 'NONE',  ( -1.000000000000000000, -9.992007221626408864E-16, 3.491481338843133355E-15 ) ) ;
#583 = EDGE_CURVE ( 'NONE', #844, #2876, #2115, .T. ) ;
#584 = ORIENTED_EDGE ( 'NONE', *, *, #2440, .F. ) ;
#585 = DIRECTION ( 'NONE',  ( 3.491481338843133355E-15, 1.453114432220753248E-16, 1.000000000000000000 ) ) ;
#586 = FACE_OUTER_BOUND ( 'NONE', #1950, .T. ) ;
#587 = EDGE_CURVE ( 'NONE', #3404, #252, #41, .T. ) ;
#588 = VERTEX_POINT ( 'NONE', #1225 ) ;
#589 = CIRCLE ( 'NONE', #89, 0.04499999999999990119 ) ;
#590 = VERTEX_POINT ( 'NONE', #942 ) ;
#591 = VECTOR ( 'NONE', #1540, 999.9999999999998863 ) ;
#592 = LINE ( 'NONE', #3296, #216 ) ;
#593 = CARTESIAN_POINT ( 'NONE',  ( 4.108749999999984581, 2.333823006393088928, -4.507500000000009166 ) ) ;
#594 = VECTOR ( 'NONE', #2307, 1000.000000000000000 ) ;
#595 = UNCERTAINTY_MEASURE_WITH_UNIT (LENGTH_MEASURE( 1.000000000000000082E-05 ), #875, 'distance_accuracy_value', 'NONE');
#596 = EDGE_LOOP ( 'NONE', ( #3252, #263, #1419, #631 ) ) ;
#597 = CARTESIAN_POINT ( 'NONE',  ( -4.108750000000013003, -3.872438979315154572, -3.574749999999978556 ) ) ;
#598 = VERTEX_POINT ( 'NONE', #2378 ) ;
#599 = AXIS2_PLACEMENT_3D ( 'NONE', #78, #2454, #3119 ) ;
#600 = CARTESIAN_POINT ( 'NONE',  ( 3.492499999999993499, 2.337250000000002270, -3.112500000000007816 ) ) ;
#601 = VECTOR ( 'NONE', #1875, 1000.000000000000000 ) ;
#602 = VECTOR ( 'NONE', #2836, 1000.000000000000000 ) ;
#603 = VERTEX_POINT ( 'NONE', #1541 ) ;
#604 = PLANE ( 'NONE',  #2524 ) ;
#605 = VECTOR ( 'NONE', #3687, 1000.000000000000000 ) ;
#606 = ORIENTED_EDGE ( 'NONE', *, *, #3128, .T. ) ;
#607 = FILL_AREA_STYLE ('',( #3269 ) ) ;
#608 = VECTOR ( 'NONE', #1996, 1000.000000000000000 ) ;
#609 = LINE ( 'NONE', #3543, #1279 ) ;
#610 = ORIENTED_EDGE ( 'NONE', *, *, #3244, .T. ) ;
#611 = ADVANCED_FACE ( 'NONE', ( #5 ), #2727, .F. ) ;
#612 = AXIS2_PLACEMENT_3D ( 'NONE', #2313, #833, #2677 ) ;
#613 = ORIENTED_EDGE ( 'NONE', *, *, #130, .T. ) ;
#614 = DIRECTION ( 'NONE',  ( 3.491481338843133355E-15, 1.453114432220753248E-16, 1.000000000000000000 ) ) ;
#615 = CARTESIAN_POINT ( 'NONE',  ( -4.108749999999993463, 2.333823006393089816, 1.967500000000020455 ) ) ;
#616 = CARTESIAN_POINT ( 'NONE',  ( -3.831250000000005596, -3.872438979315151464, -1.505249999999979105 ) ) ;
#617 = COLOUR_RGB ( '',0.7921568627450980005, 0.8196078431372548767, 0.9333333333333333481 ) ;
#618 = ORIENTED_EDGE ( 'NONE', *, *, #2295, .F. ) ;
#619 = LINE ( 'NONE', #2967, #2515 ) ;
#620 = VERTEX_POINT ( 'NONE', #1860 ) ;
#621 = DIRECTION ( 'NONE',  ( -2.775557561562896281E-16, 1.000000000000000000, -1.453114432220743634E-16 ) ) ;
#622 = DIRECTION ( 'NONE',  ( 0.000000000000000000, -1.000000000000000000, 0.000000000000000000 ) ) ;
#623 = LINE ( 'NONE', #3539, #1347 ) ;
#624 = ORIENTED_EDGE ( 'NONE', *, *, #2155, .F. ) ;
#625 = DIRECTION ( 'NONE',  ( 3.491481338843133355E-15, 1.453114432220753248E-16, 1.000000000000000000 ) ) ;
#626 = VERTEX_POINT ( 'NONE', #3277 ) ;
#627 =( NAMED_UNIT ( * ) PLANE_ANGLE_UNIT ( ) SI_UNIT ( $, .RADIAN. ) );
#628 = FACE_OUTER_BOUND ( 'NONE', #269, .T. ) ;
#629 = VERTEX_POINT ( 'NONE', #897 ) ;
#630 = ADVANCED_FACE ( 'NONE', ( #2435 ), #1517, .T. ) ;
#631 = ORIENTED_EDGE ( 'NONE', *, *, #3532, .T. ) ;
#632 = DIRECTION ( 'NONE',  ( -3.491481338843133355E-15, -0.000000000000000000, -1.000000000000000000 ) ) ;
#633 = DIRECTION ( 'NONE',  ( -1.000000000000000000, 0.000000000000000000, 0.000000000000000000 ) ) ;
#634 = LINE ( 'NONE', #923, #1857 ) ;
#635 = EDGE_CURVE ( 'NONE', #2098, #1237, #957, .T. ) ;
#636 = VERTEX_POINT ( 'NONE', #3001 ) ;
#637 = CARTESIAN_POINT ( 'NONE',  ( -4.108750000000013891, 2.292250000000012111, -4.045249999999978918 ) ) ;
#638 = ORIENTED_EDGE ( 'NONE', *, *, #425, .T. ) ;
#639 = DIRECTION ( 'NONE',  ( -1.000000000000000000, 0.000000000000000000, 3.491481338843133355E-15 ) ) ;
#640 = DIRECTION ( 'NONE',  ( 2.775557561562886421E-16, 1.000000000000000000, -1.453114432220762863E-16 ) ) ;
#641 = ORIENTED_EDGE ( 'NONE', *, *, #1288, .F. ) ;
#642 = CARTESIAN_POINT ( 'NONE',  ( -4.108853077640658213, 2.614750000000001684, -1.967499999999980931 ) ) ;
#643 = FACE_OUTER_BOUND ( 'NONE', #745, .T. ) ;
#644 = ORIENTED_EDGE ( 'NONE', *, *, #3054, .T. ) ;
#645 = CARTESIAN_POINT ( 'NONE',  ( 3.786250000000002558, 2.614750000000001684, 0.5724999999999920153 ) ) ;
#646 = LINE ( 'NONE', #2085, #3159 ) ;
#647 = ORIENTED_EDGE ( 'NONE', *, *, #1803, .T. ) ;
#648 = ORIENTED_EDGE ( 'NONE', *, *, #3187, .T. ) ;
#649 = LINE ( 'NONE', #316, #402 ) ;
#650 = DIRECTION ( 'NONE',  ( 2.775557561562941887E-17, -1.000000000000000000, 1.453114432220752262E-16 ) ) ;
#651 = LINE ( 'NONE', #3645, #2911 ) ;
#652 = EDGE_CURVE ( 'NONE', #1865, #825, #335, .T. ) ;
#653 = CARTESIAN_POINT ( 'NONE',  ( -4.108749999999986358, -3.872438979315153240, 4.045250000000021551 ) ) ;
#654 = CIRCLE ( 'NONE', #3382, 0.04499999999999990119 ) ;
#655 = VERTEX_POINT ( 'NONE', #2132 ) ;
#656 = DIRECTION ( 'NONE',  ( -3.491481338843133355E-15, -1.453114432220753495E-16, -1.000000000000000000 ) ) ;
#657 = ORIENTED_EDGE ( 'NONE', *, *, #3106, .F. ) ;
#658 = DIRECTION ( 'NONE',  ( 3.491481338843133355E-15, 0.000000000000000000, 1.000000000000000000 ) ) ;
#659 = AXIS2_PLACEMENT_3D ( 'NONE', #1303, #3066, #2542 ) ;
#660 = EDGE_CURVE ( 'NONE', #1551, #1263, #3547, .T. ) ;
#661 = VECTOR ( 'NONE', #3017, 1000.000000000000000 ) ;
#662 = ADVANCED_FACE ( 'NONE', ( #677 ), #2070, .T. ) ;
#663 = PLANE ( 'NONE',  #3257 ) ;
#664 = DIRECTION ( 'NONE',  ( 1.665334536937729387E-16, 1.000000000000000000, -1.453114432220758918E-16 ) ) ;
#665 = ORIENTED_EDGE ( 'NONE', *, *, #2610, .F. ) ;
#666 = EDGE_CURVE ( 'NONE', #916, #2098, #3255, .T. ) ;
#667 = VECTOR ( 'NONE', #2202, 1000.000000000000000 ) ;
#668 = DIRECTION ( 'NONE',  ( -1.000000000000000000, -6.578071420904052502E-15, 3.491481338843134144E-15 ) ) ;
#669 = ORIENTED_EDGE ( 'NONE', *, *, #727, .T. ) ;
#670 = VECTOR ( 'NONE', #2707, 1000.000000000000000 ) ;
#671 = DIRECTION ( 'NONE',  ( 1.000000000000000000, 0.000000000000000000, -2.409338161078903914E-15 ) ) ;
#672 = ORIENTED_EDGE ( 'NONE', *, *, #1651, .T. ) ;
#673 = AXIS2_PLACEMENT_3D ( 'NONE', #1204, #2463, #3051 ) ;
#674 = VECTOR ( 'NONE', #1577, 1000.000000000000000 ) ;
#675 = ORIENTED_EDGE ( 'NONE', *, *, #85, .F. ) ;
#676 = DIRECTION ( 'NONE',  ( 3.491481338843133355E-15, 1.453114432220753248E-16, 1.000000000000000000 ) ) ;
#677 = FACE_OUTER_BOUND ( 'NONE', #305, .T. ) ;
#678 = DIRECTION ( 'NONE',  ( 3.491481338843133355E-15, 1.453114432220753248E-16, 1.000000000000000000 ) ) ;
#679 = AXIS2_PLACEMENT_3D ( 'NONE', #2705, #2116, #2148 ) ;
#680 = ORIENTED_EDGE ( 'NONE', *, *, #298, .T. ) ;
#681 = CARTESIAN_POINT ( 'NONE',  ( 3.831250000000002487, -3.035766082959412415E-15, 0.5724999999999927924 ) ) ;
#682 = VERTEX_POINT ( 'NONE', #1777 ) ;
#683 = VECTOR ( 'NONE', #1871, 1000.000000000000000 ) ;
#684 = DIRECTION ( 'NONE',  ( 3.491481338843133355E-15, 0.000000000000000000, 1.000000000000000000 ) ) ;
#685 = ADVANCED_FACE ( 'NONE', ( #2962 ), #1478, .F. ) ;
#686 = DIRECTION ( 'NONE',  ( 1.000000000000000000, 5.551115123125782702E-17, -3.491481338843133355E-15 ) ) ;
#687 = EDGE_LOOP ( 'NONE', ( #2038, #1709, #1977, #1490, #872, #347, #311, #53 ) ) ;
#688 = DIRECTION ( 'NONE',  ( 1.000000000000000000, 0.000000000000000000, -4.034240641806529081E-15 ) ) ;
#689 = EDGE_CURVE ( 'NONE', #2733, #1160, #2398, .T. ) ;
#690 = VERTEX_POINT ( 'NONE', #1496 ) ;
#691 = CARTESIAN_POINT ( 'NONE',  ( 4.108749999999986358, -3.903127820947815962E-15, -4.045250000000008228 ) ) ;
#692 = VERTEX_POINT ( 'NONE', #1835 ) ;
#693 = CARTESIAN_POINT ( 'NONE',  ( -3.831249999999997158, -3.872438979315151464, 1.034750000000021153 ) ) ;
#694 = DIRECTION ( 'NONE',  ( 1.000000000000000000, 1.415534356397074589E-15, -3.491481338843133750E-15 ) ) ;
#695 = CARTESIAN_POINT ( 'NONE',  ( -4.108853077640644003, 2.614750000000002128, 1.967500000000020455 ) ) ;
#696 = ORIENTED_EDGE ( 'NONE', *, *, #3130, .T. ) ;
#697 = FACE_OUTER_BOUND ( 'NONE', #1831, .T. ) ;
#698 = ORIENTED_EDGE ( 'NONE', *, *, #1144, .F. ) ;
#699 = CARTESIAN_POINT ( 'NONE',  ( 4.108750000000013003, -3.903127820947815962E-15, 3.574749999999992767 ) ) ;
#700 = FACE_OUTER_BOUND ( 'NONE', #3661, .T. ) ;
#701 = VERTEX_POINT ( 'NONE', #1816 ) ;
#702 = EDGE_CURVE ( 'NONE', #1819, #766, #2687, .T. ) ;
#703 = DIRECTION ( 'NONE',  ( 5.551115123125732166E-17, 1.000000000000000000, -1.453114432220755221E-16 ) ) ;
#704 = DIRECTION ( 'NONE',  ( -4.557297643665629895E-16, -0.9914448613738104932, -0.1305261922200519065 ) ) ;
#705 = ORIENTED_EDGE ( 'NONE', *, *, #443, .F. ) ;
#706 = ADVANCED_FACE ( 'NONE', ( #3063 ), #1282, .F. ) ;
#707 = CARTESIAN_POINT ( 'NONE',  ( 3.786250000000011440, 2.292250000000002341, 3.112499999999992717 ) ) ;
#708 = ADVANCED_FACE ( 'NONE', ( #2205 ), #2242, .T. ) ;
#709 = CARTESIAN_POINT ( 'NONE',  ( 4.108750000000004121, -3.872438979315153240, 1.034749999999993397 ) ) ;
#710 = CARTESIAN_POINT ( 'NONE',  ( 3.831249999999995381, -3.872438979315151464, -1.505250000000005972 ) ) ;
#711 = EDGE_CURVE ( 'NONE', #2573, #3351, #380, .T. ) ;
#712 = ORIENTED_EDGE ( 'NONE', *, *, #274, .F. ) ;
#713 = CARTESIAN_POINT ( 'NONE',  ( -4.108750000000013003, -3.903127820947815962E-15, -3.574749999999978556 ) ) ;
#714 = VERTEX_POINT ( 'NONE', #3644 ) ;
#715 = VECTOR ( 'NONE', #3628, 1000.000000000000000 ) ;
#716 = DIRECTION ( 'NONE',  ( 1.000000000000000000, -3.125627884642896330E-15, -3.491481338843132961E-15 ) ) ;
#717 = VECTOR ( 'NONE', #1797, 1000.000000000000000 ) ;
#718 = DIRECTION ( 'NONE',  ( 1.000000000000000000, -2.952720810173326386E-15, -3.491481338843133355E-15 ) ) ;
#719 = ORIENTED_EDGE ( 'NONE', *, *, #1609, .T. ) ;
#720 = CARTESIAN_POINT ( 'NONE',  ( 3.492500000000019700, 2.337250000000002270, 4.507499999999994067 ) ) ;
#721 = MECHANICAL_DESIGN_GEOMETRIC_PRESENTATION_REPRESENTATION (  '', ( #1837 ), #29 ) ;
#722 = VECTOR ( 'NONE', #1972, 1000.000000000000000 ) ;
#723 = DIRECTION ( 'NONE',  ( 9.992007221626402947E-16, 1.000000000000000000, -1.453114432220788254E-16 ) ) ;
#724 = VERTEX_POINT ( 'NONE', #1918 ) ;
#725 = CARTESIAN_POINT ( 'NONE',  ( -4.108750000000002345, -3.903127820947815962E-15, -0.5724999999999791367 ) ) ;
#726 = AXIS2_PLACEMENT_3D ( 'NONE', #2311, #232, #815 ) ;
#727 = EDGE_CURVE ( 'NONE', #877, #1452, #3726, .T. ) ;
#728 = CARTESIAN_POINT ( 'NONE',  ( -4.108749999999993463, -3.035766082959412415E-15, 1.967500000000021343 ) ) ;
#729 = COLOUR_RGB ( '',0.7921568627450980005, 0.8196078431372548767, 0.9333333333333333481 ) ;
#730 = LINE ( 'NONE', #3104, #796 ) ;
#731 = CARTESIAN_POINT ( 'NONE',  ( 4.108750000000013891, -3.035766082959412415E-15, 4.045249999999992241 ) ) ;
#732 = ADVANCED_FACE ( 'NONE', ( #3665 ), #2803, .T. ) ;
#733 = VECTOR ( 'NONE', #1094, 1000.000000000000000 ) ;
#734 = ORIENTED_EDGE ( 'NONE', *, *, #1502, .F. ) ;
#735 = EDGE_CURVE ( 'NONE', #994, #1142, #730, .T. ) ;
#736 = FACE_OUTER_BOUND ( 'NONE', #557, .T. ) ;
#737 = ORIENTED_EDGE ( 'NONE', *, *, #2075, .T. ) ;
#738 = VECTOR ( 'NONE', #1689, 1000.000000000000000 ) ;
#739 = CLOSED_SHELL ( 'NONE', ( #2411, #3537, #34, #2112, #2691, #2880, #2207, #2917, #662, #2810, #246, #250, #2845, #11 ) ) ;
#740 = AXIS2_PLACEMENT_3D ( 'NONE', #2548, #192, #3152 ) ;
#741 = CARTESIAN_POINT ( 'NONE',  ( -4.108853077640652884, 2.614750000000002128, -0.5724999999999801359 ) ) ;
#742 = PLANE ( 'NONE',  #3147 ) ;
#743 = FACE_OUTER_BOUND ( 'NONE', #2142, .T. ) ;
#744 = DIRECTION ( 'NONE',  ( -1.000000000000000000, 9.992007221626408864E-16, 3.491481338843133355E-15 ) ) ;
#745 = EDGE_LOOP ( 'NONE', ( #1182, #1993, #809, #2048 ) ) ;
#746 = DIRECTION ( 'NONE',  ( -1.000000000000000000, 0.000000000000000000, 0.000000000000000000 ) ) ;
#747 = ORIENTED_EDGE ( 'NONE', *, *, #1268, .T. ) ;
#748 = LINE ( 'NONE', #3370, #601 ) ;
#749 = ORIENTED_EDGE ( 'NONE', *, *, #135, .F. ) ;
#750 = DIRECTION ( 'NONE',  ( 1.000000000000000000, -6.578071420904052502E-15, -3.491481338843132566E-15 ) ) ;
#751 = CARTESIAN_POINT ( 'NONE',  ( 3.492500000000019700, 2.614750000000002128, 4.507499999999994067 ) ) ;
#752 = EDGE_CURVE ( 'NONE', #529, #1090, #979, .T. ) ;
#753 = ORIENTED_EDGE ( 'NONE', *, *, #1943, .T. ) ;
#754 = DIRECTION ( 'NONE',  ( 2.775557561562886421E-16, 1.000000000000000000, -1.453114432220762863E-16 ) ) ;
#755 = VERTEX_POINT ( 'NONE', #751 ) ;
#756 = DIRECTION ( 'NONE',  ( 3.707836382467011589E-15, 0.1305261922200519065, 0.9914448613738104932 ) ) ;
#757 = EDGE_CURVE ( 'NONE', #2702, #3798, #395, .T. ) ;
#758 = CARTESIAN_POINT ( 'NONE',  ( -3.786250000000006111, 2.292250000000009447, -3.112499999999982503 ) ) ;
#759 = DIRECTION ( 'NONE',  ( 1.000000000000000000, 0.000000000000000000, -3.491481338843133355E-15 ) ) ;
#760 = CARTESIAN_POINT ( 'NONE',  ( -3.492500000000011262, 0.3800000000000018918, -4.429823149097066093 ) ) ;
#761 = DIRECTION ( 'NONE',  ( 0.000000000000000000, 1.000000000000000000, 0.000000000000000000 ) ) ;
#762 = DIRECTION ( 'NONE',  ( -2.775557561562941887E-17, 1.000000000000000000, -1.453114432220752262E-16 ) ) ;
#763 = DIRECTION ( 'NONE',  ( 0.000000000000000000, 1.000000000000000000, 0.000000000000000000 ) ) ;
#764 = VERTEX_POINT ( 'NONE', #2227 ) ;
#765 = CARTESIAN_POINT ( 'NONE',  ( -3.786249999999979909, 2.337250000000010708, 4.507500000000018936 ) ) ;
#766 = VERTEX_POINT ( 'NONE', #1937 ) ;
#767 = PLANE ( 'NONE',  #2637 ) ;
#768 = DIRECTION ( 'NONE',  ( 3.491481338843133355E-15, 1.453114432220753248E-16, 1.000000000000000000 ) ) ;
#769 = ORIENTED_EDGE ( 'NONE', *, *, #1128, .F. ) ;
#770 = DIRECTION ( 'NONE',  ( -3.491481338843133355E-15, -1.453114432220753495E-16, -1.000000000000000000 ) ) ;
#771 = VERTEX_POINT ( 'NONE', #999 ) ;
#772 = DIRECTION ( 'NONE',  ( -1.000000000000000000, 6.578071420904052502E-15, 3.491481338843132566E-15 ) ) ;
#773 =( LENGTH_UNIT ( ) NAMED_UNIT ( * ) SI_UNIT ( .MILLI., .METRE. ) );
#774 = EDGE_CURVE ( 'NONE', #2073, #2104, #2188, .T. ) ;
#775 = CARTESIAN_POINT ( 'NONE',  ( 4.108749999999986358, 2.333823006393088928, -4.045250000000008228 ) ) ;
#776 = EDGE_CURVE ( 'NONE', #629, #3723, #3412, .T. ) ;
#777 = VECTOR ( 'NONE', #2326, 1000.000000000000000 ) ;
#778 = DIRECTION ( 'NONE',  ( 3.491481338843133355E-15, -0.000000000000000000, 1.000000000000000000 ) ) ;
#779 = EDGE_CURVE ( 'NONE', #3614, #3497, #103, .T. ) ;
#780 = CARTESIAN_POINT ( 'NONE',  ( 3.786250000000016325, 2.614750000000002128, 4.507499999999993179 ) ) ;
#781 = EDGE_LOOP ( 'NONE', ( #1168, #950, #3545, #3050 ) ) ;
#782 = VECTOR ( 'NONE', #1897, 1000.000000000000000 ) ;
#783 = DIRECTION ( 'NONE',  ( -1.000000000000000000, -6.578071420904052502E-15, 3.491481338843134144E-15 ) ) ;
#784 = VERTEX_POINT ( 'NONE', #1559 ) ;
#785 = VECTOR ( 'NONE', #2624, 1000.000000000000000 ) ;
#786 = PLANE ( 'NONE',  #3262 ) ;
#787 = FACE_OUTER_BOUND ( 'NONE', #1839, .T. ) ;
#788 = ORIENTED_EDGE ( 'NONE', *, *, #231, .F. ) ;
#789 = VECTOR ( 'NONE', #744, 1000.000000000000000 ) ;
#790 = ORIENTED_EDGE ( 'NONE', *, *, #392, .T. ) ;
#791 = LINE ( 'NONE', #1980, #3386 ) ;
#792 = CARTESIAN_POINT ( 'NONE',  ( -3.492499999999982396, 2.614750000000009678, 4.507500000000018048 ) ) ;
#793 = CARTESIAN_POINT ( 'NONE',  ( -3.492499999999983284, 2.337250000000009820, 4.507500000000018048 ) ) ;
#794 = VECTOR ( 'NONE', #1726, 1000.000000000000000 ) ;
#795 = DIRECTION ( 'NONE',  ( 3.491481338843133355E-15, 1.453114432220753495E-16, 1.000000000000000000 ) ) ;
#796 = VECTOR ( 'NONE', #2745, 1000.000000000000000 ) ;
#797 = CARTESIAN_POINT ( 'NONE',  ( 3.831249999999987832, -3.035766082959412415E-15, -3.574750000000006089 ) ) ;
#798 = VECTOR ( 'NONE', #1751, 1000.000000000000000 ) ;
#799 = ADVANCED_FACE ( 'NONE', ( #3082 ), #1300, .F. ) ;
#800 = ORIENTED_EDGE ( 'NONE', *, *, #3110, .F. ) ;
#801 = MECHANICAL_DESIGN_GEOMETRIC_PRESENTATION_REPRESENTATION (  '', ( #364 ), #1664 ) ;
#802 = DIRECTION ( 'NONE',  ( -0.9838760585644680257, 0.1788516183422652062, 3.409195711428455762E-15 ) ) ;
#803 = ORIENTED_EDGE ( 'NONE', *, *, #1526, .F. ) ;
#804 = CARTESIAN_POINT ( 'NONE',  ( -4.108749999999989022, 2.333823006393090260, 3.112500000000020250 ) ) ;
#805 = EDGE_CURVE ( 'NONE', #2653, #3729, #438, .T. ) ;
#806 = ORIENTED_EDGE ( 'NONE', *, *, #2225, .F. ) ;
#807 = CARTESIAN_POINT ( 'NONE',  ( -4.108853077640661766, 2.614750000000002128, -3.112499999999980727 ) ) ;
#808 = DIRECTION ( 'NONE',  ( 1.000000000000000000, -2.952720810173326386E-15, -3.491481338843133355E-15 ) ) ;
#809 = ORIENTED_EDGE ( 'NONE', *, *, #1847, .T. ) ;
#810 = PLANE ( 'NONE',  #965 ) ;
#811 = FACE_OUTER_BOUND ( 'NONE', #2122, .T. ) ;
#812 = DIRECTION ( 'NONE',  ( -3.491481338843133355E-15, -1.453114432220753495E-16, -1.000000000000000000 ) ) ;
#813 = DIRECTION ( 'NONE',  ( -3.491481338843133355E-15, -1.453114432220752016E-16, -1.000000000000000000 ) ) ;
#814 = CARTESIAN_POINT ( 'NONE',  ( 3.492500000000015259, 2.614750000000001684, 3.112499999999993605 ) ) ;
#815 = DIRECTION ( 'NONE',  ( -4.139111436541140022E-15, 0.000000000000000000, -1.000000000000000000 ) ) ;
#816 = DIRECTION ( 'NONE',  ( -3.491481338843133355E-15, -1.453114432220752016E-16, -1.000000000000000000 ) ) ;
#817 = ORIENTED_EDGE ( 'NONE', *, *, #3482, .T. ) ;
#818 = EDGE_CURVE ( 'NONE', #1291, #410, #2172, .T. ) ;
#819 = LINE ( 'NONE', #3782, #722 ) ;
#820 = DIRECTION ( 'NONE',  ( -1.000000000000000000, 2.952720810173326386E-15, 3.491481338843133355E-15 ) ) ;
#821 = CARTESIAN_POINT ( 'NONE',  ( 4.108750000000002345, 2.292250000000001897, 0.5724999999999910161 ) ) ;
#822 = EDGE_LOOP ( 'NONE', ( #900, #1275, #2700, #1921 ) ) ;
#823 = ADVANCED_FACE ( 'NONE', ( #3704 ), #3354, .T. ) ;
#824 = EDGE_CURVE ( 'NONE', #529, #931, #2536, .T. ) ;
#825 = VERTEX_POINT ( 'NONE', #1421 ) ;
#826 = LINE ( 'NONE', #3490, #3077 ) ;
#827 = PLANE ( 'NONE',  #2228 ) ;
#828 = EDGE_CURVE ( 'NONE', #3836, #1214, #3196, .T. ) ;
#829 = CARTESIAN_POINT ( 'NONE',  ( 3.831249999999986056, -3.872438979315151464, -4.045250000000005564 ) ) ;
#830 = DIRECTION ( 'NONE',  ( 0.000000000000000000, 1.000000000000000000, 0.000000000000000000 ) ) ;
#831 = DIRECTION ( 'NONE',  ( 0.000000000000000000, 1.000000000000000000, 0.000000000000000000 ) ) ;
#832 = FILL_AREA_STYLE ('',( #2894 ) ) ;
#833 = DIRECTION ( 'NONE',  ( -3.491481338843133355E-15, -1.453114432220753495E-16, -1.000000000000000000 ) ) ;
#834 = ORIENTED_EDGE ( 'NONE', *, *, #1364, .F. ) ;
#835 = DIRECTION ( 'NONE',  ( 3.491481338843133355E-15, 1.453114432220753495E-16, 1.000000000000000000 ) ) ;
#836 = VECTOR ( 'NONE', #2563, 1000.000000000000000 ) ;
#837 = ORIENTED_EDGE ( 'NONE', *, *, #3348, .F. ) ;
#838 = DIRECTION ( 'NONE',  ( -3.491481338843133355E-15, -1.453114432220753495E-16, -1.000000000000000000 ) ) ;
#839 = VECTOR ( 'NONE', #1129, 1000.000000000000000 ) ;
#840 = DIRECTION ( 'NONE',  ( 0.000000000000000000, 1.000000000000000000, 0.000000000000000000 ) ) ;
#841 = ORIENTED_EDGE ( 'NONE', *, *, #3295, .F. ) ;
#842 = VECTOR ( 'NONE', #2126, 1000.000000000000000 ) ;
#843 = EDGE_CURVE ( 'NONE', #655, #2283, #3803, .T. ) ;
#844 = VERTEX_POINT ( 'NONE', #3139 ) ;
#845 = CYLINDRICAL_SURFACE ( 'NONE', #1833, 0.3224999999999998979 ) ;
#846 = DIRECTION ( 'NONE',  ( -1.000000000000000000, 0.000000000000000000, 3.739831156448975430E-15 ) ) ;
#847 = DIRECTION ( 'NONE',  ( -3.491481338843133355E-15, -1.453114432220753495E-16, -1.000000000000000000 ) ) ;
#848 = VECTOR ( 'NONE', #3618, 1000.000000000000000 ) ;
#849 = EDGE_CURVE ( 'NONE', #603, #1355, #2337, .T. ) ;
#850 = DIRECTION ( 'NONE',  ( -1.000000000000000000, -9.992007221626408864E-16, 3.491481338843133355E-15 ) ) ;
#851 = LINE ( 'NONE', #3243, #2646 ) ;
#852 = VECTOR ( 'NONE', #3511, 1000.000000000000000 ) ;
#853 =( LENGTH_UNIT ( ) NAMED_UNIT ( * ) SI_UNIT ( .MILLI., .METRE. ) );
#854 = AXIS2_PLACEMENT_3D ( 'NONE', #1656, #3743, #2847 ) ;
#855 = LINE ( 'NONE', #1750, #1349 ) ;
#856 = ORIENTED_EDGE ( 'NONE', *, *, #2464, .F. ) ;
#857 = VECTOR ( 'NONE', #1217, 1000.000000000000000 ) ;
#858 = CARTESIAN_POINT ( 'NONE',  ( -3.786249999999979909, 2.337250000000010708, 4.507500000000018936 ) ) ;
#859 = COLOUR_RGB ( '',0.7921568627450980005, 0.8196078431372548767, 0.9333333333333333481 ) ;
#860 = CARTESIAN_POINT ( 'NONE',  ( -4.108749999999988134, 2.333823006393090260, 3.574750000000020744 ) ) ;
#861 = VERTEX_POINT ( 'NONE', #2258 ) ;
#862 = VERTEX_POINT ( 'NONE', #2011 ) ;
#863 = CARTESIAN_POINT ( 'NONE',  ( 3.831249999999997158, -3.872438979315151464, -1.034750000000006276 ) ) ;
#864 = DIRECTION ( 'NONE',  ( -3.491481338843133750E-15, -1.453114432220753002E-16, -1.000000000000000000 ) ) ;
#865 = DIRECTION ( 'NONE',  ( -1.000000000000000000, -9.992007221626408864E-16, 3.491481338843133355E-15 ) ) ;
#866 = EDGE_CURVE ( 'NONE', #2025, #1653, #1738, .T. ) ;
#867 = FACE_OUTER_BOUND ( 'NONE', #1669, .T. ) ;
#868 = DIRECTION ( 'NONE',  ( 4.128077706316445001E-15, -8.380950173292531629E-17, 1.000000000000000000 ) ) ;
#869 = EDGE_CURVE ( 'NONE', #84, #2050, #3501, .T. ) ;
#870 = PLANE ( 'NONE',  #2293 ) ;
#871 = CARTESIAN_POINT ( 'NONE',  ( 4.108750000000013003, -3.872438979315153240, 3.574749999999992767 ) ) ;
#872 = ORIENTED_EDGE ( 'NONE', *, *, #2815, .T. ) ;
#873 = DIRECTION ( 'NONE',  ( -0.9838760585644680257, 0.1788516183422652062, 3.409195711428455762E-15 ) ) ;
#874 = ORIENTED_EDGE ( 'NONE', *, *, #1767, .T. ) ;
#875 =( LENGTH_UNIT ( ) NAMED_UNIT ( * ) SI_UNIT ( .MILLI., .METRE. ) );
#876 = CARTESIAN_POINT ( 'NONE',  ( 3.786250000000016325, 2.614750000000002128, 4.507499999999993179 ) ) ;
#877 = VERTEX_POINT ( 'NONE', #3522 ) ;
#878 = ORIENTED_EDGE ( 'NONE', *, *, #2464, .T. ) ;
#879 = CARTESIAN_POINT ( 'NONE',  ( 3.831249999999995381, -3.872438979315151464, -1.505250000000005972 ) ) ;
#880 = DIRECTION ( 'NONE',  ( 2.775557561562840507E-17, 1.000000000000000000, -1.453114432220754235E-16 ) ) ;
#881 = VERTEX_POINT ( 'NONE', #1109 ) ;
#882 = FACE_OUTER_BOUND ( 'NONE', #2541, .T. ) ;
#883 = VERTEX_POINT ( 'NONE', #2282 ) ;
#884 = CARTESIAN_POINT ( 'NONE',  ( 3.831249999999986056, -3.872438979315151464, -4.045250000000005564 ) ) ;
#885 = CARTESIAN_POINT ( 'NONE',  ( -3.492499999999997051, 2.337250000000008487, 0.5725000000000174394 ) ) ;
#886 = VERTEX_POINT ( 'NONE', #256 ) ;
#887 = EDGE_CURVE ( 'NONE', #1621, #883, #1785, .T. ) ;
#888 = EDGE_CURVE ( 'NONE', #1553, #1788, #556, .T. ) ;
#889 = ORIENTED_EDGE ( 'NONE', *, *, #660, .T. ) ;
#890 = CARTESIAN_POINT ( 'NONE',  ( 3.781250000000007550, 2.333823006393090704, 1.967499999999993143 ) ) ;
#891 = LINE ( 'NONE', #915, #976 ) ;
#892 = EDGE_LOOP ( 'NONE', ( #2450, #350, #1826, #2180, #1911, #1110, #143, #3487 ) ) ;
#893 = AXIS2_PLACEMENT_3D ( 'NONE', #2194, #1350, #2525 ) ;
#894 = VERTEX_POINT ( 'NONE', #2031 ) ;
#895 = AXIS2_PLACEMENT_3D ( 'NONE', #2175, #1016, #2246 ) ;
#896 = LINE ( 'NONE', #3023, #2634 ) ;
#897 = CARTESIAN_POINT ( 'NONE',  ( 3.831249999999997158, -3.035766082959412415E-15, -1.034750000000006498 ) ) ;
#898 = DIRECTION ( 'NONE',  ( -0.9838760585644680257, 0.1788516183422652062, 3.409195711428455762E-15 ) ) ;
#899 = VECTOR ( 'NONE', #694, 1000.000000000000000 ) ;
#900 = ORIENTED_EDGE ( 'NONE', *, *, #3777, .F. ) ;
#901 = PLANE ( 'NONE',  #3200 ) ;
#902 = EDGE_LOOP ( 'NONE', ( #1896, #1739, #1468, #3331 ) ) ;
#903 = VECTOR ( 'NONE', #718, 1000.000000000000000 ) ;
#904 = LINE ( 'NONE', #2099, #3460 ) ;
#905 = AXIS2_PLACEMENT_3D ( 'NONE', #992, #2218, #2814 ) ;
#906 = CARTESIAN_POINT ( 'NONE',  ( 3.234823149097088901, 0.3800000000000016143, 4.429823149097072310 ) ) ;
#907 = AXIS2_PLACEMENT_3D ( 'NONE', #248, #3811, #3831 ) ;
#908 = VERTEX_POINT ( 'NONE', #2318 ) ;
#909 = EDGE_CURVE ( 'NONE', #2589, #407, #1694, .T. ) ;
#910 = LINE ( 'NONE', #2679, #1842 ) ;
#911 = VECTOR ( 'NONE', #44, 1000.000000000000000 ) ;
#912 = APPLICATION_CONTEXT ( 'automotive_design' ) ;
#913 = FACE_OUTER_BOUND ( 'NONE', #332, .T. ) ;
#914 = AXIS2_PLACEMENT_3D ( 'NONE', #2516, #2480, #1033 ) ;
#915 = CARTESIAN_POINT ( 'NONE',  ( -3.831249999999993605, -3.035766082959412415E-15, 1.967500000000020455 ) ) ;
#916 = VERTEX_POINT ( 'NONE', #2613 ) ;
#917 = ADVANCED_FACE ( 'NONE', ( #198 ), #478, .F. ) ;
#918 = CLOSED_SHELL ( 'NONE', ( #1946, #1385, #1657, #732, #3575, #3800, #3488, #3418, #3410, #2886, #685, #2157, #1773, #3433 ) ) ;
#919 = AXIS2_PLACEMENT_3D ( 'NONE', #3367, #3330, #671 ) ;
#920 = EDGE_LOOP ( 'NONE', ( #3474, #3325, #3374, #66 ) ) ;
#921 = DIRECTION ( 'NONE',  ( -5.551115123125833239E-17, 1.000000000000000000, -1.453114432220751276E-16 ) ) ;
#922 = CARTESIAN_POINT ( 'NONE',  ( 3.234823149097088457, 0.3800000000000018918, 4.429823149097072310 ) ) ;
#923 = CARTESIAN_POINT ( 'NONE',  ( -3.786249999999979021, 2.614750000000010566, 4.507500000000018936 ) ) ;
#924 = PRESENTATION_LAYER_ASSIGNMENT (  '', '', ( #1924 ) ) ;
#925 =( NAMED_UNIT ( * ) SI_UNIT ( $, .STERADIAN. ) SOLID_ANGLE_UNIT ( ) );
#926 = ORIENTED_EDGE ( 'NONE', *, *, #448, .T. ) ;
#927 = LINE ( 'NONE', #65, #3508 ) ;
#928 = ORIENTED_EDGE ( 'NONE', *, *, #2641, .T. ) ;
#929 = CARTESIAN_POINT ( 'NONE',  ( 4.108749999999998792, 2.333823006393089372, -0.5725000000000082245 ) ) ;
#930 = DIRECTION ( 'NONE',  ( 1.000000000000000000, 5.551115123125782702E-17, -3.491481338843133355E-15 ) ) ;
#931 = VERTEX_POINT ( 'NONE', #2864 ) ;
#932 = DIRECTION ( 'NONE',  ( -3.491481338843133750E-15, -1.453114432220753002E-16, -1.000000000000000000 ) ) ;
#933 = DIRECTION ( 'NONE',  ( 3.491481338843133355E-15, 1.453114432220753248E-16, 1.000000000000000000 ) ) ;
#934 = ORIENTED_EDGE ( 'NONE', *, *, #3301, .T. ) ;
#935 = EDGE_CURVE ( 'NONE', #3798, #2448, #182, .T. ) ;
#936 = DIRECTION ( 'NONE',  ( 1.000000000000000000, 1.415534356397074589E-15, -3.491481338843133750E-15 ) ) ;
#937 = CARTESIAN_POINT ( 'NONE',  ( -3.492500000000014815, 2.337250000000008487, -4.507499999999981632 ) ) ;
#938 = EDGE_LOOP ( 'NONE', ( #1474, #2966, #1940, #610, #874, #2198, #1979, #2626 ) ) ;
#939 = ORIENTED_EDGE ( 'NONE', *, *, #3341, .F. ) ;
#940 = ADVANCED_FACE ( 'NONE', ( #3446 ), #1378, .F. ) ;
#941 = DIRECTION ( 'NONE',  ( 4.128077706316445001E-15, 8.380950173292531629E-17, 1.000000000000000000 ) ) ;
#942 = CARTESIAN_POINT ( 'NONE',  ( -3.831250000000016254, -3.903127820947815962E-15, -4.507499999999980744 ) ) ;
#943 = ADVANCED_FACE ( 'NONE', ( #787 ), #2554, .F. ) ;
#944 = ORIENTED_EDGE ( 'NONE', *, *, #3085, .F. ) ;
#945 = EDGE_CURVE ( 'NONE', #2808, #407, #217, .T. ) ;
#946 = PLANE ( 'NONE',  #1770 ) ;
#947 = ORIENTED_EDGE ( 'NONE', *, *, #3804, .F. ) ;
#948 = PLANE ( 'NONE',  #415 ) ;
#949 = CARTESIAN_POINT ( 'NONE',  ( 3.831249999999986056, 2.333823006393088928, -4.045250000000006452 ) ) ;
#950 = ORIENTED_EDGE ( 'NONE', *, *, #2111, .T. ) ;
#951 = DIRECTION ( 'NONE',  ( -3.491481338843133355E-15, -6.990965660939809362E-31, -1.000000000000000000 ) ) ;
#952 = ORIENTED_EDGE ( 'NONE', *, *, #10, .F. ) ;
#953 = DIRECTION ( 'NONE',  ( 1.000000000000000000, 9.992007221626408864E-16, -3.491481338843133355E-15 ) ) ;
#954 = ORIENTED_EDGE ( 'NONE', *, *, #2009, .F. ) ;
#955 = DIRECTION ( 'NONE',  ( 3.491481338843133355E-15, 1.453114432220753495E-16, 1.000000000000000000 ) ) ;
#956 = PRODUCT ( 'DS1302', 'DS1302', '', ( #1658 ) ) ;
#957 = LINE ( 'NONE', #2147, #2532 ) ;
#958 = LINE ( 'NONE', #1244, #2587 ) ;
#959 = ADVANCED_FACE ( 'NONE', ( #3764 ), #1087, .F. ) ;
#960 = VECTOR ( 'NONE', #12, 1000.000000000000000 ) ;
#961 = EDGE_LOOP ( 'NONE', ( #3559, #1228, #281, #376, #712, #1126, #3759, #2144 ) ) ;
#962 = FACE_OUTER_BOUND ( 'NONE', #3035, .T. ) ;
#963 = ORIENTED_EDGE ( 'NONE', *, *, #2458, .F. ) ;
#964 = CARTESIAN_POINT ( 'NONE',  ( -4.108750000000004121, -3.872438979315151464, -1.034749999999978520 ) ) ;
#965 = AXIS2_PLACEMENT_3D ( 'NONE', #2286, #2883, #186 ) ;
#966 = VECTOR ( 'NONE', #1361, 1000.000000000000000 ) ;
#967 = VERTEX_POINT ( 'NONE', #821 ) ;
#968 = VECTOR ( 'NONE', #569, 1000.000000000000000 ) ;
#969 = CARTESIAN_POINT ( 'NONE',  ( -3.831249999999986056, -3.035766082959412415E-15, 4.045250000000019774 ) ) ;
#970 = CARTESIAN_POINT ( 'NONE',  ( 4.108749999999998792, -3.903127820947815962E-15, -0.5725000000000077804 ) ) ;
#971 = VERTEX_POINT ( 'NONE', #2431 ) ;
#972 = VECTOR ( 'NONE', #703, 1000.000000000000000 ) ;
#973 = CARTESIAN_POINT ( 'NONE',  ( -3.492500000000014815, 2.337250000000008487, -4.507499999999981632 ) ) ;
#974 = ORIENTED_EDGE ( 'NONE', *, *, #267, .T. ) ;
#975 = VECTOR ( 'NONE', #2120, 1000.000000000000000 ) ;
#976 = VECTOR ( 'NONE', #3270, 1000.000000000000000 ) ;
#977 = VERTEX_POINT ( 'NONE', #1 ) ;
#978 = FACE_OUTER_BOUND ( 'NONE', #2777, .T. ) ;
#979 = LINE ( 'NONE', #140, #1407 ) ;
#980 = CARTESIAN_POINT ( 'NONE',  ( 4.108749999999986358, -3.903127820947815962E-15, -4.045250000000008228 ) ) ;
#981 = AXIS2_PLACEMENT_3D ( 'NONE', #1176, #3293, #2066 ) ;
#982 = UNCERTAINTY_MEASURE_WITH_UNIT (LENGTH_MEASURE( 1.000000000000000082E-05 ), #2797, 'distance_accuracy_value', 'NONE');
#983 = ORIENTED_EDGE ( 'NONE', *, *, #2939, .T. ) ;
#984 = FACE_OUTER_BOUND ( 'NONE', #2165, .T. ) ;
#985 = ORIENTED_EDGE ( 'NONE', *, *, #1651, .F. ) ;
#986 = VECTOR ( 'NONE', #2164, 1000.000000000000000 ) ;
#987 = DIRECTION ( 'NONE',  ( 3.491481338843133355E-15, 1.453114432220753495E-16, 1.000000000000000000 ) ) ;
#988 = EDGE_CURVE ( 'NONE', #1865, #433, #609, .T. ) ;
#989 = DIRECTION ( 'NONE',  ( 3.491481338843133355E-15, -0.000000000000000000, 1.000000000000000000 ) ) ;
#990 = ADVANCED_FACE ( 'NONE', ( #3580 ), #3019, .F. ) ;
#991 = ORIENTED_EDGE ( 'NONE', *, *, #499, .F. ) ;
#992 = CARTESIAN_POINT ( 'NONE',  ( -3.786249999999979021, 2.614750000000010566, 4.507500000000018936 ) ) ;
#993 = EDGE_CURVE ( 'NONE', #2409, #1653, #891, .T. ) ;
#994 = VERTEX_POINT ( 'NONE', #294 ) ;
#995 = ADVANCED_FACE ( 'NONE', ( #628 ), #1793, .T. ) ;
#996 = CARTESIAN_POINT ( 'NONE',  ( -3.786250000000010107, 2.614750000000009234, -4.507499999999980744 ) ) ;
#997 = VERTEX_POINT ( 'NONE', #937 ) ;
#998 = FACE_OUTER_BOUND ( 'NONE', #2769, .T. ) ;
#999 = CARTESIAN_POINT ( 'NONE',  ( 3.492499999999993499, 2.337250000000000938, -3.112500000000007816 ) ) ;
#1000 = ORIENTED_EDGE ( 'NONE', *, *, #3622, .F. ) ;
#1001 = DIRECTION ( 'NONE',  ( -0.1305261922200519065, -0.9914448613738104932, 4.557297643665629895E-16 ) ) ;
#1002 = ORIENTED_EDGE ( 'NONE', *, *, #2766, .F. ) ;
#1003 = PLANE ( 'NONE',  #535 ) ;
#1004 = VERTEX_POINT ( 'NONE', #2049 ) ;
#1005 = DIRECTION ( 'NONE',  ( -3.491481338843133355E-15, -1.453114432220753495E-16, -1.000000000000000000 ) ) ;
#1006 =( NAMED_UNIT ( * ) PLANE_ANGLE_UNIT ( ) SI_UNIT ( $, .RADIAN. ) );
#1007 = ORIENTED_EDGE ( 'NONE', *, *, #2648, .F. ) ;
#1008 = PLANE ( 'NONE',  #236 ) ;
#1009 = EDGE_CURVE ( 'NONE', #861, #1010, #313, .T. ) ;
#1010 = VERTEX_POINT ( 'NONE', #2955 ) ;
#1011 = DIRECTION ( 'NONE',  ( -1.000000000000000000, 9.992007221626408864E-16, 3.491481338843133355E-15 ) ) ;
#1012 = ORIENTED_EDGE ( 'NONE', *, *, #3753, .F. ) ;
#1013 = FACE_OUTER_BOUND ( 'NONE', #3177, .T. ) ;
#1014 = CARTESIAN_POINT ( 'NONE',  ( -3.781250000000013323, 2.333823006393089816, -3.574749999999981220 ) ) ;
#1015 = EDGE_LOOP ( 'NONE', ( #1747, #1120, #3649, #32 ) ) ;
#1016 = DIRECTION ( 'NONE',  ( -5.073521923302396075E-31, 1.000000000000000000, -1.453114432220753495E-16 ) ) ;
#1017 = ORIENTED_EDGE ( 'NONE', *, *, #1503, .F. ) ;
#1018 = FILL_AREA_STYLE ('',( #3432 ) ) ;
#1019 = AXIS2_PLACEMENT_3D ( 'NONE', #561, #1369, #3509 ) ;
#1020 = CARTESIAN_POINT ( 'NONE',  ( 3.492499999999987725, 2.337250000000000938, -4.687500000000022204 ) ) ;
#1021 = VECTOR ( 'NONE', #2015, 1000.000000000000000 ) ;
#1022 = CARTESIAN_POINT ( 'NONE',  ( -3.831250000000013145, -3.035766082959412415E-15, -3.574749999999979000 ) ) ;
#1023 = CARTESIAN_POINT ( 'NONE',  ( -3.786249999999979909, 2.337250000000010708, 4.507500000000018936 ) ) ;
#1024 = SURFACE_SIDE_STYLE ('',( #468 ) ) ;
#1025 = VECTOR ( 'NONE', #1060, 1000.000000000000000 ) ;
#1026 = DIRECTION ( 'NONE',  ( 9.992007221626402947E-16, 1.000000000000000000, -1.453114432220788254E-16 ) ) ;
#1027 = ORIENTED_EDGE ( 'NONE', *, *, #1927, .F. ) ;
#1028 = EDGE_CURVE ( 'NONE', #755, #214, #2979, .T. ) ;
#1029 = CARTESIAN_POINT ( 'NONE',  ( -3.831249999999995381, -3.035766082959412415E-15, 1.505250000000020405 ) ) ;
#1030 = VECTOR ( 'NONE', #1817, 1000.000000000000000 ) ;
#1031 = PLANE ( 'NONE',  #28 ) ;
#1032 = VECTOR ( 'NONE', #830, 1000.000000000000000 ) ;
#1033 = DIRECTION ( 'NONE',  ( 1.000000000000000000, -9.992007221626408864E-16, -3.491481338843133355E-15 ) ) ;
#1034 = EDGE_CURVE ( 'NONE', #1471, #1858, #2663, .T. ) ;
#1035 = VECTOR ( 'NONE', #2617, 1000.000000000000000 ) ;
#1036 = EDGE_LOOP ( 'NONE', ( #2980, #734, #2681, #2998 ) ) ;
#1037 = LINE ( 'NONE', #1285, #782 ) ;
#1038 = ORIENTED_EDGE ( 'NONE', *, *, #1341, .F. ) ;
#1039 = PLANE ( 'NONE',  #1907 ) ;
#1040 = CIRCLE ( 'NONE', #3221, 0.3224999999999998979 ) ;
#1041 = AXIS2_PLACEMENT_3D ( 'NONE', #2668, #80, #898 ) ;
#1042 = CARTESIAN_POINT ( 'NONE',  ( -4.108750000000013891, -3.903127820947815962E-15, -4.045249999999978918 ) ) ;
#1043 = DIRECTION ( 'NONE',  ( -1.000000000000000000, -6.578071420904052502E-15, 3.491481338843134144E-15 ) ) ;
#1044 = CARTESIAN_POINT ( 'NONE',  ( 3.831249999999999822, -3.903127820947815962E-15, -0.5725000000000065592 ) ) ;
#1045 = ORIENTED_EDGE ( 'NONE', *, *, #988, .T. ) ;
#1046 = CARTESIAN_POINT ( 'NONE',  ( 3.831249999999986056, -3.872438979315151464, -4.045250000000005564 ) ) ;
#1047 = EDGE_LOOP ( 'NONE', ( #3637, #3709, #3172, #2439 ) ) ;
#1048 = CARTESIAN_POINT ( 'NONE',  ( -3.492500000000005933, 2.337250000000009820, -1.967499999999983151 ) ) ;
#1049 = EDGE_CURVE ( 'NONE', #3612, #784, #1492, .T. ) ;
#1050 = ORIENTED_EDGE ( 'NONE', *, *, #3321, .F. ) ;
#1051 = CARTESIAN_POINT ( 'NONE',  ( -3.831249999999997158, -3.872438979315151464, 1.034750000000021153 ) ) ;
#1052 = CARTESIAN_POINT ( 'NONE',  ( 3.831249999999993605, -3.903127820947815962E-15, -1.967500000000006910 ) ) ;
#1053 = ADVANCED_FACE ( 'NONE', ( #586 ), #571, .T. ) ;
#1054 = ORIENTED_EDGE ( 'NONE', *, *, #2582, .T. ) ;
#1055 = PLANE ( 'NONE',  #1079 ) ;
#1056 = ORIENTED_EDGE ( 'NONE', *, *, #565, .F. ) ;
#1057 = CARTESIAN_POINT ( 'NONE',  ( -3.831250000000002487, -3.035766082959412415E-15, -0.5724999999999802469 ) ) ;
#1058 = ADVANCED_FACE ( 'NONE', ( #2683 ), #17, .T. ) ;
#1059 = DIRECTION ( 'NONE',  ( -3.125627884642896330E-15, -1.000000000000000000, 1.091307143139841027E-29 ) ) ;
#1060 = DIRECTION ( 'NONE',  ( -1.000000000000000000, 9.992007221626408864E-16, 3.491481338843133355E-15 ) ) ;
#1061 = DIRECTION ( 'NONE',  ( 3.491481338843133355E-15, -0.000000000000000000, 1.000000000000000000 ) ) ;
#1062 =( NAMED_UNIT ( * ) SI_UNIT ( $, .STERADIAN. ) SOLID_ANGLE_UNIT ( ) );
#1063 = ORIENTED_EDGE ( 'NONE', *, *, #2134, .T. ) ;
#1064 = DIRECTION ( 'NONE',  ( 3.491481338843133355E-15, -0.000000000000000000, 1.000000000000000000 ) ) ;
#1065 = EDGE_LOOP ( 'NONE', ( #1762, #675, #2305, #696 ) ) ;
#1066 = CARTESIAN_POINT ( 'NONE',  ( 3.786249999999984794, 2.337250000000000938, -4.507500000000007390 ) ) ;
#1067 = DIRECTION ( 'NONE',  ( 1.000000000000000000, -3.125627884642896330E-15, -3.491481338843132961E-15 ) ) ;
#1068 = DIRECTION ( 'NONE',  ( 2.775557561562840507E-17, 1.000000000000000000, -1.453114432220754235E-16 ) ) ;
#1069 = ORIENTED_EDGE ( 'NONE', *, *, #270, .T. ) ;
#1070 = ORIENTED_EDGE ( 'NONE', *, *, #2486, .T. ) ;
#1071 = DIRECTION ( 'NONE',  ( 0.000000000000000000, 1.000000000000000000, 0.000000000000000000 ) ) ;
#1072 = PLANE ( 'NONE',  #552 ) ;
#1073 = DIRECTION ( 'NONE',  ( -1.000000000000000000, -2.775557561562891043E-17, 3.491481338843133355E-15 ) ) ;
#1074 = EDGE_CURVE ( 'NONE', #655, #1621, #3842, .T. ) ;
#1075 = DIRECTION ( 'NONE',  ( 2.775557561562840507E-17, 1.000000000000000000, -1.453114432220754235E-16 ) ) ;
#1076 =( NAMED_UNIT ( * ) SI_UNIT ( $, .STERADIAN. ) SOLID_ANGLE_UNIT ( ) );
#1077 =( GEOMETRIC_REPRESENTATION_CONTEXT ( 3 ) GLOBAL_UNCERTAINTY_ASSIGNED_CONTEXT ( ( #1879 ) ) GLOBAL_UNIT_ASSIGNED_CONTEXT ( ( #1485, #2139, #3052 ) ) REPRESENTATION_CONTEXT ( 'NONE', 'WORKASPACE' ) );
#1078 = DIRECTION ( 'NONE',  ( -1.000000000000000000, 2.952720810173326386E-15, 3.491481338843133355E-15 ) ) ;
#1079 = AXIS2_PLACEMENT_3D ( 'NONE', #3123, #1922, #1001 ) ;
#1080 = LINE ( 'NONE', #251, #1216 ) ;
#1081 = ORIENTED_EDGE ( 'NONE', *, *, #2741, .T. ) ;
#1082 = VECTOR ( 'NONE', #454, 1000.000000000000000 ) ;
#1083 = DIRECTION ( 'NONE',  ( -6.578071420904053291E-15, 1.000000000000000000, -1.453114432220523493E-16 ) ) ;
#1084 = ORIENTED_EDGE ( 'NONE', *, *, #1434, .T. ) ;
#1085 = AXIS2_PLACEMENT_3D ( 'NONE', #1258, #3333, #955 ) ;
#1086 = DIRECTION ( 'NONE',  ( -5.551115123125732166E-17, -1.000000000000000000, 1.453114432220755221E-16 ) ) ;
#1087 = CYLINDRICAL_SURFACE ( 'NONE', #2163, 0.04499999999999990119 ) ;
#1088 = ORIENTED_EDGE ( 'NONE', *, *, #413, .F. ) ;
#1089 = VECTOR ( 'NONE', #2452, 1000.000000000000000 ) ;
#1090 = VERTEX_POINT ( 'NONE', #331 ) ;
#1091 = DIRECTION ( 'NONE',  ( -3.491481338843133355E-15, -1.453114432220752016E-16, -1.000000000000000000 ) ) ;
#1092 = DIRECTION ( 'NONE',  ( 1.000000000000000000, 6.605826996519682993E-15, -3.491481338843134539E-15 ) ) ;
#1093 = AXIS2_PLACEMENT_3D ( 'NONE', #487, #1371, #831 ) ;
#1094 = DIRECTION ( 'NONE',  ( 0.000000000000000000, 1.000000000000000000, 0.000000000000000000 ) ) ;
#1095 = VECTOR ( 'NONE', #1484, 1000.000000000000000 ) ;
#1096 = CARTESIAN_POINT ( 'NONE',  ( -3.831249999999993161, 2.292250000000001009, 0.5725000000000186606 ) ) ;
#1097 = AXIS2_PLACEMENT_3D ( 'NONE', #3825, #2309, #865 ) ;
#1098 = FACE_OUTER_BOUND ( 'NONE', #16, .T. ) ;
#1099 = LINE ( 'NONE', #3736, #2093 ) ;
#1100 = VECTOR ( 'NONE', #1064, 1000.000000000000000 ) ;
#1101 = EDGE_CURVE ( 'NONE', #1567, #2621, #3311, .T. ) ;
#1102 = FACE_OUTER_BOUND ( 'NONE', #1520, .T. ) ;
#1103 = ORIENTED_EDGE ( 'NONE', *, *, #1101, .T. ) ;
#1104 = EDGE_CURVE ( 'NONE', #967, #886, #646, .T. ) ;
#1105 = DIRECTION ( 'NONE',  ( -3.491481338843133750E-15, -1.453114432220753002E-16, -1.000000000000000000 ) ) ;
#1106 = EDGE_CURVE ( 'NONE', #1712, #3729, #2699, .T. ) ;
#1107 = ORIENTED_EDGE ( 'NONE', *, *, #2741, .F. ) ;
#1108 = DIRECTION ( 'NONE',  ( -3.491481338843133355E-15, 0.000000000000000000, -1.000000000000000000 ) ) ;
#1109 = CARTESIAN_POINT ( 'NONE',  ( -3.786250000000010107, 2.614750000000009234, -4.507499999999980744 ) ) ;
#1110 = ORIENTED_EDGE ( 'NONE', *, *, #1454, .T. ) ;
#1111 = ORIENTED_EDGE ( 'NONE', *, *, #909, .T. ) ;
#1112 = CARTESIAN_POINT ( 'NONE',  ( -3.831249999999998490, -3.035766082959412415E-15, 0.5725000000000195488 ) ) ;
#1113 = DIRECTION ( 'NONE',  ( -2.775557561562941887E-17, 1.000000000000000000, -1.453114432220752262E-16 ) ) ;
#1114 = DIRECTION ( 'NONE',  ( -2.775557561562941887E-17, 1.000000000000000000, -1.453114432220752262E-16 ) ) ;
#1115 = CARTESIAN_POINT ( 'NONE',  ( 3.781250000000003109, 2.333823006393090704, 0.5724999999999925704 ) ) ;
#1116 = LINE ( 'NONE', #3229, #1208 ) ;
#1117 = CARTESIAN_POINT ( 'NONE',  ( 3.786249999999984794, 2.337250000000000938, -4.507500000000007390 ) ) ;
#1118 =( LENGTH_UNIT ( ) NAMED_UNIT ( * ) SI_UNIT ( .MILLI., .METRE. ) );
#1119 = CYLINDRICAL_SURFACE ( 'NONE', #612, 0.04499999999999990119 ) ;
#1120 = ORIENTED_EDGE ( 'NONE', *, *, #2648, .T. ) ;
#1121 = ADVANCED_FACE ( 'NONE', ( #57 ), #1830, .F. ) ;
#1122 = DIRECTION ( 'NONE',  ( -1.000000000000000000, -2.017120320903262331E-14, 3.361867201505436956E-15 ) ) ;
#1123 = EDGE_CURVE ( 'NONE', #997, #1621, #3251, .T. ) ;
#1124 = CARTESIAN_POINT ( 'NONE',  ( -3.831250000000005596, 2.333823006393090260, -1.505249999999979993 ) ) ;
#1125 = CARTESIAN_POINT ( 'NONE',  ( 3.831250000000013145, -3.035766082959412415E-15, 3.574749999999993655 ) ) ;
#1126 = ORIENTED_EDGE ( 'NONE', *, *, #1288, .T. ) ;
#1127 = ORIENTED_EDGE ( 'NONE', *, *, #2537, .F. ) ;
#1128 = EDGE_CURVE ( 'NONE', #50, #3443, #1594, .T. ) ;
#1129 = DIRECTION ( 'NONE',  ( -1.000000000000000000, 2.952720810173326386E-15, 3.491481338843133355E-15 ) ) ;
#1130 = EDGE_LOOP ( 'NONE', ( #2609, #3691, #1848, #3686 ) ) ;
#1131 = FACE_OUTER_BOUND ( 'NONE', #3567, .T. ) ;
#1132 = LINE ( 'NONE', #2327, #289 ) ;
#1133 = CARTESIAN_POINT ( 'NONE',  ( -3.831250000000014921, -3.903127820947815962E-15, -4.045249999999980695 ) ) ;
#1134 = DIRECTION ( 'NONE',  ( 2.775557561562941887E-17, -1.000000000000000000, 1.453114432220752262E-16 ) ) ;
#1135 = ORIENTED_EDGE ( 'NONE', *, *, #2044, .F. ) ;
#1136 = CARTESIAN_POINT ( 'NONE',  ( 4.108750000000005898, -3.903127820947815962E-15, 1.505249999999992205 ) ) ;
#1137 = ORIENTED_EDGE ( 'NONE', *, *, #1447, .F. ) ;
#1138 = EDGE_CURVE ( 'NONE', #2519, #3351, #3639, .T. ) ;
#1139 = DIRECTION ( 'NONE',  ( 3.491481338843133355E-15, 1.453114432220753495E-16, 1.000000000000000000 ) ) ;
#1140 = CIRCLE ( 'NONE', #1328, 0.04499999999999990119 ) ;
#1141 = DIRECTION ( 'NONE',  ( 1.000000000000000000, 1.415534356397074589E-15, -3.491481338843133750E-15 ) ) ;
#1142 = VERTEX_POINT ( 'NONE', #1254 ) ;
#1143 = ORIENTED_EDGE ( 'NONE', *, *, #2088, .T. ) ;
#1144 = EDGE_CURVE ( 'NONE', #967, #3663, #1295, .T. ) ;
#1145 = DIRECTION ( 'NONE',  ( 2.775557561562941887E-17, -1.000000000000000000, 1.453114432220752262E-16 ) ) ;
#1146 = DIRECTION ( 'NONE',  ( 3.491481338843133355E-15, 0.000000000000000000, 1.000000000000000000 ) ) ;
#1147 = PRESENTATION_STYLE_ASSIGNMENT (( #3492 ) ) ;
#1148 = VECTOR ( 'NONE', #2785, 1000.000000000000000 ) ;
#1149 = EDGE_CURVE ( 'NONE', #1318, #1471, #97, .T. ) ;
#1150 = DIRECTION ( 'NONE',  ( -3.491481338843133355E-15, 0.000000000000000000, -1.000000000000000000 ) ) ;
#1151 = ORIENTED_EDGE ( 'NONE', *, *, #2486, .F. ) ;
#1152 = CARTESIAN_POINT ( 'NONE',  ( -3.492500000000012150, 2.614750000000000796, -4.687499999999996447 ) ) ;
#1153 = CARTESIAN_POINT ( 'NONE',  ( -3.831249999999989608, -3.035766082959412415E-15, 3.112500000000020250 ) ) ;
#1154 = VECTOR ( 'NONE', #2903, 1000.000000000000000 ) ;
#1155 = DIRECTION ( 'NONE',  ( -3.125627884642896330E-15, -1.000000000000000000, 1.091307143139841027E-29 ) ) ;
#1156 = ORIENTED_EDGE ( 'NONE', *, *, #1074, .T. ) ;
#1157 = AXIS2_PLACEMENT_3D ( 'NONE', #1193, #2938, #2997 ) ;
#1158 = DIRECTION ( 'NONE',  ( 3.125627884642896330E-15, 1.000000000000000000, -1.091307143139841027E-29 ) ) ;
#1159 = COLOUR_RGB ( '',0.7921568627450980005, 0.8196078431372548767, 0.9333333333333333481 ) ;
#1160 = VERTEX_POINT ( 'NONE', #1331 ) ;
#1161 = DIRECTION ( 'NONE',  ( -0.9838760585644680257, 0.1788516183422652062, 3.409195711428455762E-15 ) ) ;
#1162 = DIRECTION ( 'NONE',  ( 9.992007221626402947E-16, 1.000000000000000000, -1.453114432220788254E-16 ) ) ;
#1163 = ORIENTED_EDGE ( 'NONE', *, *, #2914, .T. ) ;
#1164 = EDGE_LOOP ( 'NONE', ( #1952, #73, #3697, #856 ) ) ;
#1165 = CARTESIAN_POINT ( 'NONE',  ( 3.786250000000016325, 2.337250000000002270, 4.507499999999993179 ) ) ;
#1166 = CARTESIAN_POINT ( 'NONE',  ( 3.786250000000007443, 2.292250000000001897, 1.967499999999993143 ) ) ;
#1167 = EDGE_CURVE ( 'NONE', #1653, #469, #1283, .T. ) ;
#1168 = ORIENTED_EDGE ( 'NONE', *, *, #3705, .T. ) ;
#1169 = CARTESIAN_POINT ( 'NONE',  ( 3.492500000000019700, 2.337250000000002270, 4.507499999999994067 ) ) ;
#1170 = ORIENTED_EDGE ( 'NONE', *, *, #3583, .T. ) ;
#1171 = PLANE ( 'NONE',  #907 ) ;
#1172 = EDGE_CURVE ( 'NONE', #690, #2697, #450, .T. ) ;
#1173 = LINE ( 'NONE', #2331, #798 ) ;
#1174 = ORIENTED_EDGE ( 'NONE', *, *, #3230, .T. ) ;
#1175 = DIRECTION ( 'NONE',  ( 1.000000000000000000, -2.775557561562891351E-17, -3.491481338843133355E-15 ) ) ;
#1176 = CARTESIAN_POINT ( 'NONE',  ( 0.000000000000000000, 4.571999999999997399, 0.000000000000000000 ) ) ;
#1177 = ORIENTED_EDGE ( 'NONE', *, *, #205, .T. ) ;
#1178 = ORIENTED_EDGE ( 'NONE', *, *, #945, .F. ) ;
#1179 = DIRECTION ( 'NONE',  ( 1.665334536937729387E-16, 1.000000000000000000, -1.453114432220758918E-16 ) ) ;
#1180 = DIRECTION ( 'NONE',  ( -3.491481338843133750E-15, -1.453114432220753002E-16, -1.000000000000000000 ) ) ;
#1181 = PLANE ( 'NONE',  #1041 ) ;
#1182 = ORIENTED_EDGE ( 'NONE', *, *, #3604, .F. ) ;
#1183 = DIRECTION ( 'NONE',  ( 1.000000000000000000, -1.415534356397074589E-15, -3.491481338843132961E-15 ) ) ;
#1184 = CARTESIAN_POINT ( 'NONE',  ( 4.108749999999989022, 2.292250000000001009, -3.112500000000009148 ) ) ;
#1185 = EDGE_CURVE ( 'NONE', #1004, #56, #3660, .T. ) ;
#1186 = DIRECTION ( 'NONE',  ( -3.491481338843133355E-15, -1.453114432220753248E-16, -1.000000000000000000 ) ) ;
#1187 = CARTESIAN_POINT ( 'NONE',  ( -4.108750000000013891, -3.872438979315154572, -4.045249999999978030 ) ) ;
#1188 = VERTEX_POINT ( 'NONE', #3041 ) ;
#1189 = FACE_OUTER_BOUND ( 'NONE', #1438, .T. ) ;
#1190 = DIRECTION ( 'NONE',  ( 0.000000000000000000, 1.000000000000000000, 0.000000000000000000 ) ) ;
#1191 = EDGE_LOOP ( 'NONE', ( #37, #3043, #3029, #398 ) ) ;
#1192 = CARTESIAN_POINT ( 'NONE',  ( -4.108853077640639562, 2.614750000000001684, 3.112500000000020250 ) ) ;
#1193 = CARTESIAN_POINT ( 'NONE',  ( 3.492500000000019700, 2.337250000000002270, 4.507499999999994067 ) ) ;
#1194 = ORIENTED_EDGE ( 'NONE', *, *, #776, .T. ) ;
#1195 = AXIS2_PLACEMENT_3D ( 'NONE', #1840, #25, #2689 ) ;
#1196 = ORIENTED_EDGE ( 'NONE', *, *, #3728, .T. ) ;
#1197 = VECTOR ( 'NONE', #2703, 1000.000000000000000 ) ;
#1198 = CARTESIAN_POINT ( 'NONE',  ( 3.786250000000016325, 2.614750000000002128, 4.507499999999993179 ) ) ;
#1199 = CARTESIAN_POINT ( 'NONE',  ( -3.781249999999995559, 2.333823006393090704, 1.505250000000019517 ) ) ;
#1200 = ORIENTED_EDGE ( 'NONE', *, *, #3059, .F. ) ;
#1201 = CARTESIAN_POINT ( 'NONE',  ( -3.831249999999998490, -3.035766082959412415E-15, 0.5725000000000195488 ) ) ;
#1202 = ORIENTED_EDGE ( 'NONE', *, *, #3553, .T. ) ;
#1203 = VECTOR ( 'NONE', #1573, 1000.000000000000000 ) ;
#1204 = CARTESIAN_POINT ( 'NONE',  ( -3.781250000000007550, 2.333823006393090260, -1.967499999999981375 ) ) ;
#1205 = PRESENTATION_LAYER_ASSIGNMENT (  '', '', ( #2895 ) ) ;
#1206 = EDGE_CURVE ( 'NONE', #3309, #1004, #1469, .T. ) ;
#1207 = CARTESIAN_POINT ( 'NONE',  ( -3.831249999999986056, -3.872438979315151464, 4.045250000000019774 ) ) ;
#1208 = VECTOR ( 'NONE', #1702, 1000.000000000000000 ) ;
#1209 = CARTESIAN_POINT ( 'NONE',  ( -3.831250000000005596, -3.872438979315151464, -1.505249999999979105 ) ) ;
#1210 = ORIENTED_EDGE ( 'NONE', *, *, #3845, .T. ) ;
#1211 = FACE_OUTER_BOUND ( 'NONE', #1889, .T. ) ;
#1212 = AXIS2_PLACEMENT_3D ( 'NONE', #1014, #79, #1259 ) ;
#1213 = ADVANCED_FACE ( 'NONE', ( #374 ), #3075, .T. ) ;
#1214 = VERTEX_POINT ( 'NONE', #2449 ) ;
#1215 = LINE ( 'NONE', #2391, #3388 ) ;
#1216 = VECTOR ( 'NONE', #763, 1000.000000000000000 ) ;
#1217 = DIRECTION ( 'NONE',  ( -1.000000000000000000, 1.415534356397074589E-15, 3.491481338843132961E-15 ) ) ;
#1218 = EDGE_CURVE ( 'NONE', #3022, #997, #3115, .T. ) ;
#1219 = ORIENTED_EDGE ( 'NONE', *, *, #1074, .F. ) ;
#1220 = EDGE_CURVE ( 'NONE', #881, #3022, #136, .T. ) ;
#1221 = CIRCLE ( 'NONE', #3405, 0.04499999999999990119 ) ;
#1222 = VECTOR ( 'NONE', #1799, 1000.000000000000000 ) ;
#1223 = EDGE_LOOP ( 'NONE', ( #2866, #3572, #101, #3250 ) ) ;
#1224 = CARTESIAN_POINT ( 'NONE',  ( 3.831250000000005596, -3.035766082959412415E-15, 1.505249999999993760 ) ) ;
#1225 = CARTESIAN_POINT ( 'NONE',  ( 4.108749999999993463, -3.903127820947815962E-15, -1.967500000000007798 ) ) ;
#1226 = FACE_OUTER_BOUND ( 'NONE', #3491, .T. ) ;
#1227 = CARTESIAN_POINT ( 'NONE',  ( 3.831249999999995381, -3.872438979315151464, -1.505250000000005972 ) ) ;
#1228 = ORIENTED_EDGE ( 'NONE', *, *, #3413, .T. ) ;
#1229 = DIRECTION ( 'NONE',  ( -1.000000000000000000, -9.992007221626408864E-16, 3.491481338843133355E-15 ) ) ;
#1230 = VERTEX_POINT ( 'NONE', #2167 ) ;
#1231 = CARTESIAN_POINT ( 'NONE',  ( 3.492500000000019700, 2.337250000000000938, 4.687500000000002665 ) ) ;
#1232 = DIRECTION ( 'NONE',  ( -1.000000000000000000, -1.415534356397074589E-15, 3.491481338843133750E-15 ) ) ;
#1233 = VERTEX_POINT ( 'NONE', #2495 ) ;
#1234 = PLANE ( 'NONE',  #3021 ) ;
#1235 = ORIENTED_EDGE ( 'NONE', *, *, #2230, .F. ) ;
#1236 = CARTESIAN_POINT ( 'NONE',  ( 3.831249999999995381, -3.903127820947815962E-15, -1.967500000000006910 ) ) ;
#1237 = VERTEX_POINT ( 'NONE', #691 ) ;
#1238 = EDGE_CURVE ( 'NONE', #2422, #1623, #3350, .T. ) ;
#1239 = ADVANCED_FACE ( 'NONE', ( #1571 ), #2757, .T. ) ;
#1240 = DIRECTION ( 'NONE',  ( -2.775557561562840507E-17, -1.000000000000000000, 1.453114432220754235E-16 ) ) ;
#1241 = CARTESIAN_POINT ( 'NONE',  ( 4.108750000000012115, 2.292250000000001009, 3.112499999999991385 ) ) ;
#1242 = ADVANCED_FACE ( 'NONE', ( #3678 ), #1008, .F. ) ;
#1243 = DIRECTION ( 'NONE',  ( -3.491481338843133355E-15, -1.453114432220753495E-16, -1.000000000000000000 ) ) ;
#1244 = CARTESIAN_POINT ( 'NONE',  ( 3.831250000000014921, -3.035766082959412415E-15, 4.045249999999994017 ) ) ;
#1245 = ORIENTED_EDGE ( 'NONE', *, *, #866, .T. ) ;
#1246 = DIRECTION ( 'NONE',  ( 3.491481338843133355E-15, 1.453114432220753495E-16, 1.000000000000000000 ) ) ;
#1247 = ORIENTED_EDGE ( 'NONE', *, *, #824, .F. ) ;
#1248 = CARTESIAN_POINT ( 'NONE',  ( -3.786249999999979909, 2.292250000000010779, 4.507500000000018936 ) ) ;
#1249 = SURFACE_STYLE_USAGE ( .BOTH. , #2158 ) ;
#1250 = ORIENTED_EDGE ( 'NONE', *, *, #2315, .T. ) ;
#1251 = DIRECTION ( 'NONE',  ( -3.491481338843133355E-15, -0.000000000000000000, -1.000000000000000000 ) ) ;
#1252 = CARTESIAN_POINT ( 'NONE',  ( 3.786250000000016325, 2.292250000000002341, 4.507499999999993179 ) ) ;
#1253 = ORIENTED_EDGE ( 'NONE', *, *, #2225, .T. ) ;
#1254 = CARTESIAN_POINT ( 'NONE',  ( -4.108750000000005898, -3.903127820947815962E-15, -1.505249999999979105 ) ) ;
#1255 = ORIENTED_EDGE ( 'NONE', *, *, #2939, .F. ) ;
#1256 = CARTESIAN_POINT ( 'NONE',  ( 3.831250000000003819, -3.872438979315151464, 1.034749999999994285 ) ) ;
#1257 = ADVANCED_FACE ( 'NONE', ( #2799 ), #1910, .F. ) ;
#1258 = CARTESIAN_POINT ( 'NONE',  ( 3.786250000000016325, 2.614750000000002128, 4.507499999999993179 ) ) ;
#1259 = DIRECTION ( 'NONE',  ( 0.9838760585644680257, 0.1788516183422652062, -3.461174084996292204E-15 ) ) ;
#1260 = CARTESIAN_POINT ( 'NONE',  ( -4.108750000000012115, -3.903127820947815962E-15, -3.112499999999978950 ) ) ;
#1261 = VECTOR ( 'NONE', #2887, 1000.000000000000000 ) ;
#1262 = EDGE_CURVE ( 'NONE', #3497, #1819, #1932, .T. ) ;
#1263 = VERTEX_POINT ( 'NONE', #2276 ) ;
#1264 = LINE ( 'NONE', #2807, #531 ) ;
#1265 = VERTEX_POINT ( 'NONE', #1393 ) ;
#1266 = FACE_OUTER_BOUND ( 'NONE', #2445, .T. ) ;
#1267 = AXIS2_PLACEMENT_3D ( 'NONE', #2343, #770, #2262 ) ;
#1268 = EDGE_CURVE ( 'NONE', #1882, #2073, #2918, .T. ) ;
#1269 = DIRECTION ( 'NONE',  ( 0.000000000000000000, 1.000000000000000000, 0.000000000000000000 ) ) ;
#1270 = CARTESIAN_POINT ( 'NONE',  ( 3.831250000000011369, -3.035766082959412415E-15, 3.112499999999993161 ) ) ;
#1271 = ORIENTED_EDGE ( 'NONE', *, *, #1727, .T. ) ;
#1272 = AXIS2_PLACEMENT_3D ( 'NONE', #3326, #1310, #688 ) ;
#1273 = DIRECTION ( 'NONE',  ( 1.000000000000000000, -2.952720810173326386E-15, -3.491481338843133355E-15 ) ) ;
#1274 = DIRECTION ( 'NONE',  ( 2.775557561562886421E-16, 1.000000000000000000, -1.453114432220762863E-16 ) ) ;
#1275 = ORIENTED_EDGE ( 'NONE', *, *, #3505, .F. ) ;
#1276 = CARTESIAN_POINT ( 'NONE',  ( 3.492500000000019700, 2.337250000000000938, 4.687500000000002665 ) ) ;
#1277 = ORIENTED_EDGE ( 'NONE', *, *, #805, .T. ) ;
#1278 = CARTESIAN_POINT ( 'NONE',  ( -4.108749999999986358, 2.333823006393090260, 4.045250000000020663 ) ) ;
#1279 = VECTOR ( 'NONE', #1451, 1000.000000000000000 ) ;
#1280 = ORIENTED_EDGE ( 'NONE', *, *, #1238, .T. ) ;
#1281 = DIRECTION ( 'NONE',  ( 3.491481338843133355E-15, 1.453114432220753495E-16, 1.000000000000000000 ) ) ;
#1282 = PLANE ( 'NONE',  #914 ) ;
#1283 = CIRCLE ( 'NONE', #3588, 0.04499999999999990119 ) ;
#1284 = ORIENTED_EDGE ( 'NONE', *, *, #3753, .T. ) ;
#1285 = CARTESIAN_POINT ( 'NONE',  ( 4.108749999999995239, -3.903127820947815962E-15, -1.505250000000007526 ) ) ;
#1286 = ORIENTED_EDGE ( 'NONE', *, *, #3750, .F. ) ;
#1287 = CARTESIAN_POINT ( 'NONE',  ( -3.492499999999973070, 2.614750000000000796, 4.687500000000028422 ) ) ;
#1288 = EDGE_CURVE ( 'NONE', #3818, #2740, #1949, .T. ) ;
#1289 = EDGE_CURVE ( 'NONE', #2050, #755, #1080, .T. ) ;
#1290 = DIRECTION ( 'NONE',  ( 0.000000000000000000, 1.000000000000000000, 0.000000000000000000 ) ) ;
#1291 = VERTEX_POINT ( 'NONE', #548 ) ;
#1292 = ADVANCED_FACE ( 'NONE', ( #176 ), #2254, .F. ) ;
#1293 = LINE ( 'NONE', #2491, #1402 ) ;
#1294 = ORIENTED_EDGE ( 'NONE', *, *, #1767, .F. ) ;
#1295 = LINE ( 'NONE', #1872, #2601 ) ;
#1296 = VERTEX_POINT ( 'NONE', #2858 ) ;
#1297 = CARTESIAN_POINT ( 'NONE',  ( -4.108749999999993463, 2.292250000000001009, 0.5725000000000196598 ) ) ;
#1298 = ORIENTED_EDGE ( 'NONE', *, *, #1415, .F. ) ;
#1299 = FACE_OUTER_BOUND ( 'NONE', #2355, .T. ) ;
#1300 = PLANE ( 'NONE',  #1212 ) ;
#1301 = CARTESIAN_POINT ( 'NONE',  ( 4.108750000000013003, 2.292250000000001009, 3.574749999999991878 ) ) ;
#1302 = ORIENTED_EDGE ( 'NONE', *, *, #298, .F. ) ;
#1303 = CARTESIAN_POINT ( 'NONE',  ( -3.492499999999983284, 2.337250000000009820, 4.507500000000018048 ) ) ;
#1304 = ORIENTED_EDGE ( 'NONE', *, *, #3158, .T. ) ;
#1305 = DIRECTION ( 'NONE',  ( -3.491481338843133355E-15, -1.453114432220753495E-16, -1.000000000000000000 ) ) ;
#1306 = ADVANCED_FACE ( 'NONE', ( #1969 ), #3480, .F. ) ;
#1307 = CARTESIAN_POINT ( 'NONE',  ( -3.234823149097080464, 4.571999999999998288, -4.429823149097066981 ) ) ;
#1308 = CARTESIAN_POINT ( 'NONE',  ( -3.786249999999979909, 2.337250000000010708, 4.507500000000018936 ) ) ;
#1309 = ORIENTED_EDGE ( 'NONE', *, *, #1480, .T. ) ;
#1310 = DIRECTION ( 'NONE',  ( -3.491481338843133355E-15, -0.000000000000000000, -1.000000000000000000 ) ) ;
#1311 = ADVANCED_FACE ( 'NONE', ( #1989 ), #1648, .T. ) ;
#1312 = EDGE_LOOP ( 'NONE', ( #3109, #928, #3084, #384 ) ) ;
#1313 = CARTESIAN_POINT ( 'NONE',  ( -4.108750000000005898, -3.872438979315154572, -1.505249999999978217 ) ) ;
#1314 = ORIENTED_EDGE ( 'NONE', *, *, #3434, .F. ) ;
#1315 = CARTESIAN_POINT ( 'NONE',  ( 4.108749999999993463, 2.292250000000001453, -1.967500000000009575 ) ) ;
#1316 = LINE ( 'NONE', #709, #1645 ) ;
#1317 = CARTESIAN_POINT ( 'NONE',  ( 3.831250000000002487, -3.035766082959412415E-15, 0.5724999999999927924 ) ) ;
#1318 = VERTEX_POINT ( 'NONE', #3720 ) ;
#1319 = DIRECTION ( 'NONE',  ( 3.398962753457703775E-15, 0.000000000000000000, 1.000000000000000000 ) ) ;
#1320 = EDGE_LOOP ( 'NONE', ( #516, #1735, #2614, #1345 ) ) ;
#1321 = FACE_OUTER_BOUND ( 'NONE', #1772, .T. ) ;
#1322 = VECTOR ( 'NONE', #3188, 1000.000000000000000 ) ;
#1323 = LINE ( 'NONE', #1042, #2822 ) ;
#1324 = VECTOR ( 'NONE', #2558, 1000.000000000000000 ) ;
#1325 = SURFACE_STYLE_USAGE ( .BOTH. , #2776 ) ;
#1326 = EDGE_CURVE ( 'NONE', #1188, #2740, #3133, .T. ) ;
#1327 = LINE ( 'NONE', #969, #3088 ) ;
#1328 = AXIS2_PLACEMENT_3D ( 'NONE', #2802, #1633, #1619 ) ;
#1329 = EDGE_LOOP ( 'NONE', ( #2665, #1759, #3136, #2595 ) ) ;
#1330 = AXIS2_PLACEMENT_3D ( 'NONE', #1666, #1370, #2564 ) ;
#1331 = CARTESIAN_POINT ( 'NONE',  ( -3.831250000000014921, -3.872438979315151464, -4.045249999999979806 ) ) ;
#1332 = ORIENTED_EDGE ( 'NONE', *, *, #318, .F. ) ;
#1333 = ADVANCED_FACE ( 'NONE', ( #1356 ), #2297, .T. ) ;
#1334 = DIRECTION ( 'NONE',  ( 1.000000000000000000, 9.992007221626408864E-16, -3.491481338843133355E-15 ) ) ;
#1335 = VECTOR ( 'NONE', #2469, 1000.000000000000000 ) ;
#1336 = ORIENTED_EDGE ( 'NONE', *, *, #3692, .T. ) ;
#1337 = EDGE_CURVE ( 'NONE', #2183, #95, #2550, .T. ) ;
#1338 = FACE_OUTER_BOUND ( 'NONE', #87, .T. ) ;
#1339 = VECTOR ( 'NONE', #3260, 1000.000000000000000 ) ;
#1340 = DIRECTION ( 'NONE',  ( 4.557297643665629895E-16, 0.9914448613738104932, 0.1305261922200519065 ) ) ;
#1341 = EDGE_CURVE ( 'NONE', #1452, #173, #3797, .T. ) ;
#1342 = AXIS2_PLACEMENT_3D ( 'NONE', #1976, #3162, #241 ) ;
#1343 = ORIENTED_EDGE ( 'NONE', *, *, #1458, .F. ) ;
#1344 = LINE ( 'NONE', #2460, #343 ) ;
#1345 = ORIENTED_EDGE ( 'NONE', *, *, #3553, .F. ) ;
#1346 = DIRECTION ( 'NONE',  ( 2.775557561562886421E-16, 1.000000000000000000, -1.453114432220762863E-16 ) ) ;
#1347 = VECTOR ( 'NONE', #3287, 1000.000000000000000 ) ;
#1348 = AXIS2_PLACEMENT_3D ( 'NONE', #3202, #1367, #2559 ) ;
#1349 = VECTOR ( 'NONE', #285, 1000.000000000000000 ) ;
#1350 = DIRECTION ( 'NONE',  ( -3.491481338843133355E-15, -1.453114432220753248E-16, -1.000000000000000000 ) ) ;
#1351 = CARTESIAN_POINT ( 'NONE',  ( -3.786249999999997673, 2.337250000000009820, -0.5724999999999816902 ) ) ;
#1352 = LINE ( 'NONE', #2747, #2534 ) ;
#1353 = CARTESIAN_POINT ( 'NONE',  ( 3.786249999999998561, 2.292250000000001453, -0.5725000000000081135 ) ) ;
#1354 =( NAMED_UNIT ( * ) SI_UNIT ( $, .STERADIAN. ) SOLID_ANGLE_UNIT ( ) );
#1355 = VERTEX_POINT ( 'NONE', #3154 ) ;
#1356 = FACE_OUTER_BOUND ( 'NONE', #1320, .T. ) ;
#1357 = ORIENTED_EDGE ( 'NONE', *, *, #1960, .F. ) ;
#1358 = DIRECTION ( 'NONE',  ( 6.578071420904051713E-15, 1.000000000000000000, -1.453114432220983004E-16 ) ) ;
#1359 = ORIENTED_EDGE ( 'NONE', *, *, #565, .T. ) ;
#1360 = EDGE_CURVE ( 'NONE', #2697, #3806, #1670, .T. ) ;
#1361 = DIRECTION ( 'NONE',  ( -3.491481338843133355E-15, -1.453114432220753495E-16, -1.000000000000000000 ) ) ;
#1362 = CARTESIAN_POINT ( 'NONE',  ( 3.831250000000014921, -3.872438979315151464, 4.045249999999994017 ) ) ;
#1363 = ORIENTED_EDGE ( 'NONE', *, *, #2081, .T. ) ;
#1364 = EDGE_CURVE ( 'NONE', #3142, #1214, #2567, .T. ) ;
#1365 = ORIENTED_EDGE ( 'NONE', *, *, #3033, .T. ) ;
#1366 = CARTESIAN_POINT ( 'NONE',  ( -3.831249999999987832, -3.035766082959412415E-15, 3.574750000000020744 ) ) ;
#1367 = DIRECTION ( 'NONE',  ( -3.491481338843133355E-15, -1.453114432220753495E-16, -1.000000000000000000 ) ) ;
#1368 = CARTESIAN_POINT ( 'NONE',  ( 3.831250000000003819, -3.872438979315151464, 1.034749999999994285 ) ) ;
#1369 = DIRECTION ( 'NONE',  ( -3.491481338843133355E-15, -1.453114432220753248E-16, -1.000000000000000000 ) ) ;
#1370 = DIRECTION ( 'NONE',  ( -3.491481338843133355E-15, 0.000000000000000000, -1.000000000000000000 ) ) ;
#1371 = DIRECTION ( 'NONE',  ( -3.491481338843133355E-15, -1.453114432220753248E-16, -1.000000000000000000 ) ) ;
#1372 = LINE ( 'NONE', #1392, #553 ) ;
#1373 = DIRECTION ( 'NONE',  ( -3.491481338843133355E-15, -1.453114432220753495E-16, -1.000000000000000000 ) ) ;
#1374 = VERTEX_POINT ( 'NONE', #3191 ) ;
#1375 = CARTESIAN_POINT ( 'NONE',  ( -4.108750000000013003, 2.333823006393088928, -3.574749999999979888 ) ) ;
#1376 = ORIENTED_EDGE ( 'NONE', *, *, #2746, .T. ) ;
#1377 = LINE ( 'NONE', #807, #842 ) ;
#1378 = PLANE ( 'NONE',  #1978 ) ;
#1379 = ORIENTED_EDGE ( 'NONE', *, *, #54, .F. ) ;
#1380 = ADVANCED_FACE ( 'NONE', ( #525 ), #2896, .F. ) ;
#1381 = EDGE_LOOP ( 'NONE', ( #2721, #3821, #1512, #2974 ) ) ;
#1382 = CARTESIAN_POINT ( 'NONE',  ( -3.831249999999993605, -3.035766082959412415E-15, 1.967500000000020899 ) ) ;
#1383 = VERTEX_POINT ( 'NONE', #3779 ) ;
#1384 = CARTESIAN_POINT ( 'NONE',  ( -3.492499999999991278, 2.614750000000009234, 1.967500000000018234 ) ) ;
#1385 = ADVANCED_FACE ( 'NONE', ( #1102 ), #1119, .F. ) ;
#1386 = CARTESIAN_POINT ( 'NONE',  ( -3.831250000000013145, -3.872438979315151464, -3.574749999999979888 ) ) ;
#1387 = EDGE_CURVE ( 'NONE', #212, #2982, #3554, .T. ) ;
#1388 = VECTOR ( 'NONE', #3566, 1000.000000000000000 ) ;
#1389 = EDGE_CURVE ( 'NONE', #1160, #2231, #308, .T. ) ;
#1390 = DIRECTION ( 'NONE',  ( -2.775557561562840507E-17, -1.000000000000000000, 1.453114432220754235E-16 ) ) ;
#1391 = CIRCLE ( 'NONE', #3569, 0.3224999999999998979 ) ;
#1392 = CARTESIAN_POINT ( 'NONE',  ( -3.492499999999988169, 2.337250000000009820, 3.112500000000018030 ) ) ;
#1393 = CARTESIAN_POINT ( 'NONE',  ( 4.108750000000005898, -3.872438979315153240, 1.505249999999992871 ) ) ;
#1394 = ORIENTED_EDGE ( 'NONE', *, *, #1028, .T. ) ;
#1395 = VECTOR ( 'NONE', #1108, 1000.000000000000000 ) ;
#1396 = CARTESIAN_POINT ( 'NONE',  ( 4.108749999999989022, 2.333823006393088928, -3.112500000000008704 ) ) ;
#1397 = ORIENTED_EDGE ( 'NONE', *, *, #3774, .F. ) ;
#1398 = VECTOR ( 'NONE', #475, 1000.000000000000000 ) ;
#1399 = DIRECTION ( 'NONE',  ( -1.000000000000000000, 5.551115123125782702E-17, 3.491481338843133355E-15 ) ) ;
#1400 = DIRECTION ( 'NONE',  ( -3.491481338843133355E-15, -1.453114432220753495E-16, -1.000000000000000000 ) ) ;
#1401 = ORIENTED_EDGE ( 'NONE', *, *, #2386, .T. ) ;
#1402 = VECTOR ( 'NONE', #2796, 1000.000000000000000 ) ;
#1403 = ORIENTED_EDGE ( 'NONE', *, *, #493, .T. ) ;
#1404 = CARTESIAN_POINT ( 'NONE',  ( 3.831250000000011369, -3.035766082959412415E-15, 3.112499999999993161 ) ) ;
#1405 = CARTESIAN_POINT ( 'NONE',  ( -3.786250000000010996, 2.292250000000009447, -4.507499999999980744 ) ) ;
#1406 = LINE ( 'NONE', #1441, #2779 ) ;
#1407 = VECTOR ( 'NONE', #2763, 1000.000000000000000 ) ;
#1408 = CARTESIAN_POINT ( 'NONE',  ( 3.831249999999998490, -3.035766082959412415E-15, -0.5725000000000068923 ) ) ;
#1409 = VECTOR ( 'NONE', #953, 1000.000000000000000 ) ;
#1410 = CARTESIAN_POINT ( 'NONE',  ( 3.492500000000019700, 2.614750000000000796, 4.687500000000002665 ) ) ;
#1411 = EDGE_CURVE ( 'NONE', #480, #3806, #1173, .T. ) ;
#1412 = CARTESIAN_POINT ( 'NONE',  ( 3.786250000000007443, 2.337250000000001826, 1.967499999999993143 ) ) ;
#1413 = CLOSED_SHELL ( 'NONE', ( #995, #3820, #1306, #706, #1121, #206, #3651, #1058, #133, #59, #112, #2958, #81, #1602 ) ) ;
#1414 = VECTOR ( 'NONE', #2722, 1000.000000000000000 ) ;
#1415 = EDGE_CURVE ( 'NONE', #598, #3309, #346, .T. ) ;
#1416 = CARTESIAN_POINT ( 'NONE',  ( -3.492499999999982396, 2.614750000000009678, 4.507500000000018048 ) ) ;
#1417 = ORIENTED_EDGE ( 'NONE', *, *, #2957, .T. ) ;
#1418 = FACE_OUTER_BOUND ( 'NONE', #3464, .T. ) ;
#1419 = ORIENTED_EDGE ( 'NONE', *, *, #1695, .T. ) ;
#1420 = DIRECTION ( 'NONE',  ( -6.578071420904053291E-15, 1.000000000000000000, -1.453114432220523493E-16 ) ) ;
#1421 = CARTESIAN_POINT ( 'NONE',  ( 3.492500000000019700, 2.337250000000000938, 4.687500000000002665 ) ) ;
#1422 = ORIENTED_EDGE ( 'NONE', *, *, #2627, .F. ) ;
#1423 = ORIENTED_EDGE ( 'NONE', *, *, #2178, .F. ) ;
#1424 = CARTESIAN_POINT ( 'NONE',  ( 4.108750000000013891, -3.872438979315153240, 4.045249999999992241 ) ) ;
#1425 = CARTESIAN_POINT ( 'NONE',  ( -3.492499999999973070, 2.614750000000000796, 4.687500000000028422 ) ) ;
#1426 = DIRECTION ( 'NONE',  ( -3.491481338843133355E-15, -1.453114432220753495E-16, -1.000000000000000000 ) ) ;
#1427 = CARTESIAN_POINT ( 'NONE',  ( 3.786249999999993676, 2.337250000000001382, -1.967500000000008242 ) ) ;
#1428 = DIRECTION ( 'NONE',  ( 5.551115123125833239E-17, -1.000000000000000000, 1.453114432220751276E-16 ) ) ;
#1429 = LINE ( 'NONE', #775, #1462 ) ;
#1430 = EDGE_CURVE ( 'NONE', #1214, #2672, #3835, .T. ) ;
#1431 = CARTESIAN_POINT ( 'NONE',  ( -3.786249999999979021, 2.614750000000010566, 4.507500000000018936 ) ) ;
#1432 = ORIENTED_EDGE ( 'NONE', *, *, #3110, .T. ) ;
#1433 = CARTESIAN_POINT ( 'NONE',  ( 3.831250000000002487, -3.035766082959412415E-15, 0.5724999999999927924 ) ) ;
#1434 = EDGE_CURVE ( 'NONE', #692, #1452, #623, .T. ) ;
#1435 = VERTEX_POINT ( 'NONE', #871 ) ;
#1436 = CARTESIAN_POINT ( 'NONE',  ( 4.108749999999986358, -3.872438979315154572, -4.045250000000007340 ) ) ;
#1437 = CARTESIAN_POINT ( 'NONE',  ( -4.108750000000012115, -3.903127820947815962E-15, -3.112499999999978950 ) ) ;
#1438 = EDGE_LOOP ( 'NONE', ( #3074, #6, #2067, #1177, #3843, #2478, #737, #2413 ) ) ;
#1439 = CARTESIAN_POINT ( 'NONE',  ( 3.234823149097057815, 4.571999999999998288, -4.429823149097090074 ) ) ;
#1440 = VERTEX_POINT ( 'NONE', #1825 ) ;
#1441 = CARTESIAN_POINT ( 'NONE',  ( -3.786249999999979909, 2.337250000000010708, 4.507500000000018936 ) ) ;
#1442 = DIRECTION ( 'NONE',  ( -2.775557561562896281E-16, 1.000000000000000000, -1.453114432220743634E-16 ) ) ;
#1443 = VERTEX_POINT ( 'NONE', #2658 ) ;
#1444 = LINE ( 'NONE', #2913, #852 ) ;
#1445 = SURFACE_STYLE_USAGE ( .BOTH. , #265 ) ;
#1446 = ORIENTED_EDGE ( 'NONE', *, *, #580, .T. ) ;
#1447 = EDGE_CURVE ( 'NONE', #620, #590, #326, .T. ) ;
#1448 = CARTESIAN_POINT ( 'NONE',  ( 3.781250000000004441, 2.333823006393090704, 1.034749999999993619 ) ) ;
#1449 = MECHANICAL_DESIGN_GEOMETRIC_PRESENTATION_REPRESENTATION (  '', ( #337 ), #1077 ) ;
#1450 = VECTOR ( 'NONE', #2867, 1000.000000000000000 ) ;
#1451 = DIRECTION ( 'NONE',  ( -3.400539000632660150E-15, -1.197278596184647178E-17, -1.000000000000000000 ) ) ;
#1452 = VERTEX_POINT ( 'NONE', #885 ) ;
#1453 = AXIS2_PLACEMENT_3D ( 'NONE', #2787, #2612, #2571 ) ;
#1454 = EDGE_CURVE ( 'NONE', #1542, #24, #1040, .T. ) ;
#1455 = ORIENTED_EDGE ( 'NONE', *, *, #3745, .T. ) ;
#1456 = DIRECTION ( 'NONE',  ( 1.000000000000000000, 0.000000000000000000, -4.034240641806529081E-15 ) ) ;
#1457 = DIRECTION ( 'NONE',  ( -1.000000000000000000, -3.213883132206470331E-17, 3.735599999035885952E-15 ) ) ;
#1458 = EDGE_CURVE ( 'NONE', #2733, #2185, #13, .T. ) ;
#1459 = DIRECTION ( 'NONE',  ( 0.1294283079955646509, -0.9831056027603599645, 0.1294283079955646509 ) ) ;
#1460 = VECTOR ( 'NONE', #3176, 1000.000000000000000 ) ;
#1461 = ORIENTED_EDGE ( 'NONE', *, *, #3150, .F. ) ;
#1462 = VECTOR ( 'NONE', #3795, 1000.000000000000000 ) ;
#1463 = LINE ( 'NONE', #637, #3504 ) ;
#1464 = LINE ( 'NONE', #1686, #1032 ) ;
#1465 = VECTOR ( 'NONE', #1426, 1000.000000000000000 ) ;
#1466 = VECTOR ( 'NONE', #1894, 1000.000000000000000 ) ;
#1467 = CARTESIAN_POINT ( 'NONE',  ( -3.831250000000013145, -3.903127820947815962E-15, -3.112499999999979838 ) ) ;
#1468 = ORIENTED_EDGE ( 'NONE', *, *, #1138, .F. ) ;
#1469 = CIRCLE ( 'NONE', #919, 0.04499999999999990119 ) ;
#1470 = CARTESIAN_POINT ( 'NONE',  ( -3.781249999999998668, 2.333823006393090704, 0.5725000000000191047 ) ) ;
#1471 = VERTEX_POINT ( 'NONE', #3093 ) ;
#1472 = CARTESIAN_POINT ( 'NONE',  ( -3.492500000000013927, 2.614750000000008345, -4.507499999999981632 ) ) ;
#1473 = DIRECTION ( 'NONE',  ( -3.491481338843133355E-15, -1.453114432220752016E-16, -1.000000000000000000 ) ) ;
#1474 = ORIENTED_EDGE ( 'NONE', *, *, #323, .T. ) ;
#1475 = ADVANCED_FACE ( 'NONE', ( #743 ), #3690, .F. ) ;
#1476 = ORIENTED_EDGE ( 'NONE', *, *, #2815, .F. ) ;
#1477 = DIRECTION ( 'NONE',  ( -3.491481338843133750E-15, -1.453114432220753002E-16, -1.000000000000000000 ) ) ;
#1478 = PLANE ( 'NONE',  #2596 ) ;
#1479 = CYLINDRICAL_SURFACE ( 'NONE', #1539, 0.3224999999999998979 ) ;
#1480 = EDGE_CURVE ( 'NONE', #2982, #422, #1529, .T. ) ;
#1481 = ORIENTED_EDGE ( 'NONE', *, *, #689, .T. ) ;
#1482 = CARTESIAN_POINT ( 'NONE',  ( 3.492500000000006377, 2.337250000000002270, 0.5724999999999931255 ) ) ;
#1483 = ORIENTED_EDGE ( 'NONE', *, *, #1554, .T. ) ;
#1484 = DIRECTION ( 'NONE',  ( 5.551115123125732166E-17, 1.000000000000000000, -1.453114432220755221E-16 ) ) ;
#1485 =( LENGTH_UNIT ( ) NAMED_UNIT ( * ) SI_UNIT ( .MILLI., .METRE. ) );
#1486 = DIRECTION ( 'NONE',  ( 3.491481338843133355E-15, -0.000000000000000000, 1.000000000000000000 ) ) ;
#1487 = ORIENTED_EDGE ( 'NONE', *, *, #1943, .F. ) ;
#1488 = DIRECTION ( 'NONE',  ( 2.775557561562840507E-17, 1.000000000000000000, -1.453114432220754235E-16 ) ) ;
#1489 = CYLINDRICAL_SURFACE ( 'NONE', #301, 0.3224999999999998979 ) ;
#1490 = ORIENTED_EDGE ( 'NONE', *, *, #1745, .T. ) ;
#1491 = LINE ( 'NONE', #2373, #785 ) ;
#1492 = LINE ( 'NONE', #1812, #2407 ) ;
#1493 = EDGE_LOOP ( 'NONE', ( #1309, #947, #378, #1637 ) ) ;
#1494 = EDGE_LOOP ( 'NONE', ( #3300, #2006, #841, #648 ) ) ;
#1495 = CARTESIAN_POINT ( 'NONE',  ( -3.831250000000012701, 2.292250000000001009, -3.112499999999981615 ) ) ;
#1496 = CARTESIAN_POINT ( 'NONE',  ( -3.786249999999979021, 2.614750000000010566, 4.507500000000018936 ) ) ;
#1497 = EDGE_CURVE ( 'NONE', #2475, #2107, #69, .T. ) ;
#1498 = ORIENTED_EDGE ( 'NONE', *, *, #234, .F. ) ;
#1499 = LINE ( 'NONE', #1804, #2882 ) ;
#1500 = VERTEX_POINT ( 'NONE', #2813 ) ;
#1501 = CARTESIAN_POINT ( 'NONE',  ( 3.786250000000016325, 2.337250000000002270, 4.507499999999993179 ) ) ;
#1502 = EDGE_CURVE ( 'NONE', #3246, #3744, #506, .T. ) ;
#1503 = EDGE_CURVE ( 'NONE', #433, #3744, #2251, .T. ) ;
#1504 = FACE_OUTER_BOUND ( 'NONE', #961, .T. ) ;
#1505 = ORIENTED_EDGE ( 'NONE', *, *, #1626, .T. ) ;
#1506 = EDGE_CURVE ( 'NONE', #3362, #1712, #1352, .T. ) ;
#1507 = DIRECTION ( 'NONE',  ( 1.000000000000000000, 5.551115123125782702E-17, -3.491481338843133355E-15 ) ) ;
#1508 = LINE ( 'NONE', #970, #683 ) ;
#1509 = ORIENTED_EDGE ( 'NONE', *, *, #1106, .T. ) ;
#1510 = FILL_AREA_STYLE_COLOUR ( '', #2333 ) ;
#1511 = CARTESIAN_POINT ( 'NONE',  ( 4.108749999999997016, -3.872438979315151464, -1.034750000000007164 ) ) ;
#1512 = ORIENTED_EDGE ( 'NONE', *, *, #375, .T. ) ;
#1513 = VECTOR ( 'NONE', #2348, 1000.000000000000000 ) ;
#1514 = EDGE_LOOP ( 'NONE', ( #2008, #295, #3707, #3160, #1401, #58, #2140, #769 ) ) ;
#1515 = VECTOR ( 'NONE', #1605, 1000.000000000000000 ) ;
#1516 = DIRECTION ( 'NONE',  ( -3.491481338843133355E-15, -1.453114432220753495E-16, -1.000000000000000000 ) ) ;
#1517 = PLANE ( 'NONE',  #2101 ) ;
#1518 = VECTOR ( 'NONE', #820, 1000.000000000000000 ) ;
#1519 = CARTESIAN_POINT ( 'NONE',  ( -3.831249999999997158, 2.333823006393090260, 1.034750000000020265 ) ) ;
#1520 = EDGE_LOOP ( 'NONE', ( #1904, #2806, #1200, #2363 ) ) ;
#1521 = DIRECTION ( 'NONE',  ( 0.000000000000000000, 1.000000000000000000, 0.000000000000000000 ) ) ;
#1522 = ORIENTED_EDGE ( 'NONE', *, *, #1502, .T. ) ;
#1523 = VECTOR ( 'NONE', #2278, 1000.000000000000000 ) ;
#1524 = CARTESIAN_POINT ( 'NONE',  ( 3.831250000000006928, 2.292250000000001009, 1.967499999999993143 ) ) ;
#1525 = VECTOR ( 'NONE', #63, 1000.000000000000000 ) ;
#1526 = EDGE_CURVE ( 'NONE', #3663, #931, #171, .T. ) ;
#1527 = DIRECTION ( 'NONE',  ( 3.739831156448975430E-15, 0.000000000000000000, 1.000000000000000000 ) ) ;
#1528 = VECTOR ( 'NONE', #3593, 1000.000000000000000 ) ;
#1529 = LINE ( 'NONE', #387, #3717 ) ;
#1530 = ORIENTED_EDGE ( 'NONE', *, *, #3583, .F. ) ;
#1531 = EDGE_CURVE ( 'NONE', #1265, #2376, #651, .T. ) ;
#1532 = DIRECTION ( 'NONE',  ( 1.000000000000000000, 6.578071420904052502E-15, -3.491481338843134144E-15 ) ) ;
#1533 = VECTOR ( 'NONE', #514, 1000.000000000000000 ) ;
#1534 = CARTESIAN_POINT ( 'NONE',  ( 3.492499999999988614, 2.337250000000000938, -4.507500000000006501 ) ) ;
#1535 = ORIENTED_EDGE ( 'NONE', *, *, #2916, .F. ) ;
#1536 = VECTOR ( 'NONE', #3633, 1000.000000000000000 ) ;
#1537 = DIRECTION ( 'NONE',  ( -0.9838760585644680257, 0.1788516183422652062, 3.409195711428455762E-15 ) ) ;
#1538 = ORIENTED_EDGE ( 'NONE', *, *, #2492, .F. ) ;
#1539 = AXIS2_PLACEMENT_3D ( 'NONE', #1560, #3002, #45 ) ;
#1540 = DIRECTION ( 'NONE',  ( 0.1294283079955633464, -0.9831056027603601866, -0.1294283079955644289 ) ) ;
#1541 = CARTESIAN_POINT ( 'NONE',  ( -4.108749999999984581, -3.035766082959412415E-15, 4.507500000000020712 ) ) ;
#1542 = VERTEX_POINT ( 'NONE', #22 ) ;
#1543 = LINE ( 'NONE', #681, #2759 ) ;
#1544 = ORIENTED_EDGE ( 'NONE', *, *, #2914, .F. ) ;
#1545 = CARTESIAN_POINT ( 'NONE',  ( -3.831249999999998490, -3.035766082959412415E-15, 0.5725000000000195488 ) ) ;
#1546 = FILL_AREA_STYLE ('',( #3034 ) ) ;
#1547 = ORIENTED_EDGE ( 'NONE', *, *, #1994, .T. ) ;
#1548 = EDGE_CURVE ( 'NONE', #714, #1230, #2133, .T. ) ;
#1549 = CARTESIAN_POINT ( 'NONE',  ( 3.492500000000015259, 2.337250000000002270, 3.112499999999993605 ) ) ;
#1550 = PLANE ( 'NONE',  #3473 ) ;
#1551 = VERTEX_POINT ( 'NONE', #3315 ) ;
#1552 = CARTESIAN_POINT ( 'NONE',  ( -3.786249999999979021, 2.614750000000010566, 4.507500000000018936 ) ) ;
#1553 = VERTEX_POINT ( 'NONE', #1861 ) ;
#1554 = EDGE_CURVE ( 'NONE', #1383, #881, #634, .T. ) ;
#1555 = DIRECTION ( 'NONE',  ( -3.125627884642896330E-15, -1.000000000000000000, 1.091307143139841027E-29 ) ) ;
#1556 = ORIENTED_EDGE ( 'NONE', *, *, #2201, .T. ) ;
#1557 = EDGE_CURVE ( 'NONE', #2426, #50, #2436, .T. ) ;
#1558 = CARTESIAN_POINT ( 'NONE',  ( 3.831250000000013145, -3.872438979315151464, 3.574749999999993655 ) ) ;
#1559 = CARTESIAN_POINT ( 'NONE',  ( -3.786250000000001226, 2.614750000000001684, -1.967499999999982263 ) ) ;
#1560 = CARTESIAN_POINT ( 'NONE',  ( -3.786249999999979909, 2.292250000000010779, 4.507500000000018936 ) ) ;
#1561 = CARTESIAN_POINT ( 'NONE',  ( -3.831250000000005596, -3.903127820947815962E-15, -1.034749999999979631 ) ) ;
#1562 = ORIENTED_EDGE ( 'NONE', *, *, #1745, .F. ) ;
#1563 = DIRECTION ( 'NONE',  ( 5.073521923302396075E-31, -1.000000000000000000, 1.453114432220753495E-16 ) ) ;
#1564 = EDGE_LOOP ( 'NONE', ( #1487, #1483, #2385, #3164 ) ) ;
#1565 = CARTESIAN_POINT ( 'NONE',  ( 3.492500000000019700, 2.337250000000002270, 4.507499999999994067 ) ) ;
#1566 = DIRECTION ( 'NONE',  ( -1.000000000000000000, 0.000000000000000000, 3.739831156448975430E-15 ) ) ;
#1567 = VERTEX_POINT ( 'NONE', #2964 ) ;
#1568 = CARTESIAN_POINT ( 'NONE',  ( 3.786250000000016325, 2.337250000000002270, 4.507499999999993179 ) ) ;
#1569 = CARTESIAN_POINT ( 'NONE',  ( 3.786250000000016325, 2.292250000000002341, 4.507499999999993179 ) ) ;
#1570 = ORIENTED_EDGE ( 'NONE', *, *, #1646, .T. ) ;
#1571 = FACE_OUTER_BOUND ( 'NONE', #1329, .T. ) ;
#1572 = ORIENTED_EDGE ( 'NONE', *, *, #3536, .F. ) ;
#1573 = DIRECTION ( 'NONE',  ( -3.400539000632660150E-15, 1.197278596184647178E-17, -1.000000000000000000 ) ) ;
#1574 = ADVANCED_FACE ( 'NONE', ( #2399 ), #1479, .T. ) ;
#1575 = DIRECTION ( 'NONE',  ( -9.992007221626414780E-16, 1.000000000000000000, -1.453114432220718243E-16 ) ) ;
#1576 = AXIS2_PLACEMENT_3D ( 'NONE', #758, #989, #2811 ) ;
#1577 = DIRECTION ( 'NONE',  ( 1.000000000000000000, 0.000000000000000000, -3.491481338843133355E-15 ) ) ;
#1578 = ADVANCED_FACE ( 'NONE', ( #1226 ), #1181, .F. ) ;
#1579 = VECTOR ( 'NONE', #459, 1000.000000000000000 ) ;
#1580 = ORIENTED_EDGE ( 'NONE', *, *, #2773, .F. ) ;
#1581 = EDGE_CURVE ( 'NONE', #1318, #212, #3278, .T. ) ;
#1582 = DIRECTION ( 'NONE',  ( -2.775557561562896281E-16, 1.000000000000000000, -1.453114432220743634E-16 ) ) ;
#1583 = EDGE_LOOP ( 'NONE', ( #1135, #1997, #3318, #669, #1885, #3282, #963, #2568 ) ) ;
#1584 =( LENGTH_UNIT ( ) NAMED_UNIT ( * ) SI_UNIT ( .MILLI., .METRE. ) );
#1585 = VECTOR ( 'NONE', #197, 1000.000000000000000 ) ;
#1586 = AXIS2_PLACEMENT_3D ( 'NONE', #707, #452, #3101 ) ;
#1587 = DIRECTION ( 'NONE',  ( 3.491481338843133355E-15, 1.453114432220753248E-16, 1.000000000000000000 ) ) ;
#1588 = CARTESIAN_POINT ( 'NONE',  ( -3.492500000000012150, 2.337250000000000938, -4.687499999999996447 ) ) ;
#1589 = ORIENTED_EDGE ( 'NONE', *, *, #1149, .F. ) ;
#1590 = VECTOR ( 'NONE', #1555, 1000.000000000000000 ) ;
#1591 = FACE_OUTER_BOUND ( 'NONE', #245, .T. ) ;
#1592 = ORIENTED_EDGE ( 'NONE', *, *, #843, .F. ) ;
#1593 = VECTOR ( 'NONE', #3347, 1000.000000000000000 ) ;
#1594 = LINE ( 'NONE', #2817, #1409 ) ;
#1595 = ORIENTED_EDGE ( 'NONE', *, *, #869, .T. ) ;
#1596 = AXIS2_PLACEMENT_3D ( 'NONE', #2970, #684, #2673 ) ;
#1597 = CARTESIAN_POINT ( 'NONE',  ( -4.108750000000013003, -3.872438979315154572, -3.574749999999979000 ) ) ;
#1598 = VECTOR ( 'NONE', #3624, 1000.000000000000000 ) ;
#1599 = CYLINDRICAL_SURFACE ( 'NONE', #1453, 0.04499999999999990119 ) ;
#1600 = CARTESIAN_POINT ( 'NONE',  ( -3.492499999999997051, 2.337250000000009820, 0.5725000000000174394 ) ) ;
#1601 = VECTOR ( 'NONE', #2103, 1000.000000000000000 ) ;
#1602 = ADVANCED_FACE ( 'NONE', ( #3298 ), #3609, .F. ) ;
#1603 = PRODUCT_DEFINITION_CONTEXT ( 'detailed design', #912, 'design' ) ;
#1604 = ORIENTED_EDGE ( 'NONE', *, *, #887, .F. ) ;
#1605 = DIRECTION ( 'NONE',  ( 3.491481338843133355E-15, 1.453114432220753248E-16, 1.000000000000000000 ) ) ;
#1606 = ORIENTED_EDGE ( 'NONE', *, *, #1679, .T. ) ;
#1607 = CIRCLE ( 'NONE', #1730, 0.3224999999999998979 ) ;
#1608 =( NAMED_UNIT ( * ) PLANE_ANGLE_UNIT ( ) SI_UNIT ( $, .RADIAN. ) );
#1609 = EDGE_CURVE ( 'NONE', #212, #994, #2481, .T. ) ;
#1610 = DIRECTION ( 'NONE',  ( -1.000000000000000000, 0.000000000000000000, 0.000000000000000000 ) ) ;
#1611 = CARTESIAN_POINT ( 'NONE',  ( 3.492499999999993499, 2.614750000000002128, -3.112500000000007372 ) ) ;
#1612 = PRODUCT_RELATED_PRODUCT_CATEGORY ( 'part', '', ( #956 ) ) ;
#1613 = ORIENTED_EDGE ( 'NONE', *, *, #2606, .T. ) ;
#1614 = LINE ( 'NONE', #1627, #972 ) ;
#1615 = EDGE_LOOP ( 'NONE', ( #3581, #1245, #3307, #1538, #1127, #3396, #3107, #150 ) ) ;
#1616 = DIRECTION ( 'NONE',  ( -3.491481338843133355E-15, 0.000000000000000000, -1.000000000000000000 ) ) ;
#1617 = ORIENTED_EDGE ( 'NONE', *, *, #1554, .F. ) ;
#1618 = PLANE ( 'NONE',  #3772 ) ;
#1619 = DIRECTION ( 'NONE',  ( 0.000000000000000000, -1.000000000000000000, 0.000000000000000000 ) ) ;
#1620 = DIRECTION ( 'NONE',  ( 3.491481338843133355E-15, 6.990965660939809362E-31, 1.000000000000000000 ) ) ;
#1621 = VERTEX_POINT ( 'NONE', #2243 ) ;
#1622 = LINE ( 'NONE', #3667, #2267 ) ;
#1623 = VERTEX_POINT ( 'NONE', #731 ) ;
#1624 = CARTESIAN_POINT ( 'NONE',  ( -3.786249999999988347, 2.337250000000010264, 1.967500000000019122 ) ) ;
#1625 = EDGE_CURVE ( 'NONE', #576, #2046, #3428, .T. ) ;
#1626 = EDGE_CURVE ( 'NONE', #2051, #1805, #3105, .T. ) ;
#1627 = CARTESIAN_POINT ( 'NONE',  ( 3.831250000000003819, -3.872438979315151464, 1.034749999999994285 ) ) ;
#1628 = EDGE_CURVE ( 'NONE', #590, #883, #2737, .T. ) ;
#1629 = VERTEX_POINT ( 'NONE', #1534 ) ;
#1630 = CARTESIAN_POINT ( 'NONE',  ( -4.108853077640658213, 2.614750000000001684, -1.967499999999980931 ) ) ;
#1631 = ORIENTED_EDGE ( 'NONE', *, *, #3249, .T. ) ;
#1632 = DIRECTION ( 'NONE',  ( 1.000000000000000000, 9.992007221626408864E-16, -3.491481338843133355E-15 ) ) ;
#1633 = DIRECTION ( 'NONE',  ( 3.491481338843133355E-15, 1.453114432220753248E-16, 1.000000000000000000 ) ) ;
#1634 = CARTESIAN_POINT ( 'NONE',  ( 3.786250000000016325, 2.614750000000002128, 4.507499999999993179 ) ) ;
#1635 = EDGE_LOOP ( 'NONE', ( #2661, #3721, #1038, #2940 ) ) ;
#1636 = DIRECTION ( 'NONE',  ( -1.000000000000000000, 0.000000000000000000, 3.398962753457703775E-15 ) ) ;
#1637 = ORIENTED_EDGE ( 'NONE', *, *, #231, .T. ) ;
#1638 = LINE ( 'NONE', #2177, #354 ) ;
#1639 = VECTOR ( 'NONE', #3069, 1000.000000000000000 ) ;
#1640 = FACE_OUTER_BOUND ( 'NONE', #451, .T. ) ;
#1641 = CIRCLE ( 'NONE', #3015, 0.3225000000000002864 ) ;
#1642 = CARTESIAN_POINT ( 'NONE',  ( 3.831249999999995381, -3.903127820947815962E-15, -1.967500000000006910 ) ) ;
#1643 = DIRECTION ( 'NONE',  ( -1.000000000000000000, 3.213883132206470331E-17, 3.735599999035885952E-15 ) ) ;
#1644 = LINE ( 'NONE', #2565, #602 ) ;
#1645 = VECTOR ( 'NONE', #676, 1000.000000000000000 ) ;
#1646 = EDGE_CURVE ( 'NONE', #2510, #2028, #2976, .T. ) ;
#1647 = VECTOR ( 'NONE', #625, 1000.000000000000000 ) ;
#1648 = PLANE ( 'NONE',  #2714 ) ;
#1649 = ORIENTED_EDGE ( 'NONE', *, *, #1926, .F. ) ;
#1650 = CARTESIAN_POINT ( 'NONE',  ( 3.492500000000019700, 2.337250000000002270, 4.507499999999994067 ) ) ;
#1651 = EDGE_CURVE ( 'NONE', #3472, #825, #3039, .T. ) ;
#1652 = AXIS2_PLACEMENT_3D ( 'NONE', #1568, #2197, #3055 ) ;
#1653 = VERTEX_POINT ( 'NONE', #2471 ) ;
#1654 = DIRECTION ( 'NONE',  ( -3.491481338843133355E-15, -1.453114432220753495E-16, -1.000000000000000000 ) ) ;
#1655 = VECTOR ( 'NONE', #2154, 1000.000000000000000 ) ;
#1656 = CARTESIAN_POINT ( 'NONE',  ( -3.831249999999989608, -3.035766082959412415E-15, 3.112500000000020250 ) ) ;
#1657 = ADVANCED_FACE ( 'NONE', ( #3290 ), #1550, .T. ) ;
#1658 = PRODUCT_CONTEXT ( 'NONE', #3448, 'mechanical' ) ;
#1659 = ORIENTED_EDGE ( 'NONE', *, *, #888, .T. ) ;
#1660 = FACE_OUTER_BOUND ( 'NONE', #2557, .T. ) ;
#1661 = LINE ( 'NONE', #2853, #2538 ) ;
#1662 = DIRECTION ( 'NONE',  ( 4.557297643665629895E-16, -0.9914448613738104932, 0.1305261922200519065 ) ) ;
#1663 = AXIS2_PLACEMENT_3D ( 'NONE', #1732, #816, #802 ) ;
#1664 =( GEOMETRIC_REPRESENTATION_CONTEXT ( 3 ) GLOBAL_UNCERTAINTY_ASSIGNED_CONTEXT ( ( #982 ) ) GLOBAL_UNIT_ASSIGNED_CONTEXT ( ( #2797, #1006, #1062 ) ) REPRESENTATION_CONTEXT ( 'NONE', 'WORKASPACE' ) );
#1665 = DIRECTION ( 'NONE',  ( -3.491481338843133355E-15, 0.000000000000000000, -1.000000000000000000 ) ) ;
#1666 = CARTESIAN_POINT ( 'NONE',  ( 3.786249999999998561, 2.292250000000001453, -0.5725000000000081135 ) ) ;
#1667 = PLANE ( 'NONE',  #726 ) ;
#1668 = FILL_AREA_STYLE ('',( #489 ) ) ;
#1669 = EDGE_LOOP ( 'NONE', ( #3502, #2992, #2190, #2135, #257, #40, #3555, #1253 ) ) ;
#1670 = LINE ( 'NONE', #1416, #46 ) ;
#1671 = EDGE_LOOP ( 'NONE', ( #954, #1084, #242, #2068 ) ) ;
#1672 = ADVANCED_FACE ( 'NONE', ( #643 ), #2994, .T. ) ;
#1673 = CARTESIAN_POINT ( 'NONE',  ( -3.831249999999987832, -3.872438979315151464, 3.574750000000020744 ) ) ;
#1674 = ORIENTED_EDGE ( 'NONE', *, *, #2674, .T. ) ;
#1675 = CARTESIAN_POINT ( 'NONE',  ( -3.786249999999984350, 2.337250000000010708, 3.112500000000018918 ) ) ;
#1676 = DIRECTION ( 'NONE',  ( 3.491481338843133355E-15, 1.453114432220753248E-16, 1.000000000000000000 ) ) ;
#1677 = ORIENTED_EDGE ( 'NONE', *, *, #2081, .F. ) ;
#1678 = EDGE_CURVE ( 'NONE', #766, #1567, #2124, .T. ) ;
#1679 = EDGE_CURVE ( 'NONE', #2028, #3723, #1508, .T. ) ;
#1680 = ORIENTED_EDGE ( 'NONE', *, *, #517, .F. ) ;
#1681 = CARTESIAN_POINT ( 'NONE',  ( -4.108750000000007674, 2.292250000000001009, -1.967499999999980931 ) ) ;
#1682 = CARTESIAN_POINT ( 'NONE',  ( 4.108749999999995239, 2.333823006393089372, -1.505250000000007748 ) ) ;
#1683 = CARTESIAN_POINT ( 'NONE',  ( -4.108750000000005898, -3.903127820947815962E-15, -1.505249999999978883 ) ) ;
#1684 = ADVANCED_FACE ( 'NONE', ( #3056 ), #1489, .T. ) ;
#1685 = CARTESIAN_POINT ( 'NONE',  ( -3.234823149097044936, 4.571999999999998288, 4.429823149097097179 ) ) ;
#1686 = CARTESIAN_POINT ( 'NONE',  ( 3.492500000000015259, 2.337250000000002270, 3.112499999999993605 ) ) ;
#1687 = CARTESIAN_POINT ( 'NONE',  ( -3.234823149097078687, 0.3800000000000017253, -4.429823149097066093 ) ) ;
#1688 = LINE ( 'NONE', #2354, #3531 ) ;
#1689 = DIRECTION ( 'NONE',  ( 1.000000000000000000, -1.415534356397074589E-15, -3.491481338843132961E-15 ) ) ;
#1690 = ORIENTED_EDGE ( 'NONE', *, *, #2556, .F. ) ;
#1691 = DIRECTION ( 'NONE',  ( 1.000000000000000000, 0.000000000000000000, -3.491481338843133355E-15 ) ) ;
#1692 = ORIENTED_EDGE ( 'NONE', *, *, #3413, .F. ) ;
#1693 = FACE_OUTER_BOUND ( 'NONE', #1782, .T. ) ;
#1694 = LINE ( 'NONE', #532, #3714 ) ;
#1695 = EDGE_CURVE ( 'NONE', #1567, #2510, #3576, .T. ) ;
#1696 = ORIENTED_EDGE ( 'NONE', *, *, #534, .T. ) ;
#1697 = CARTESIAN_POINT ( 'NONE',  ( 3.831249999999986056, -3.903127820947815962E-15, -4.045250000000006452 ) ) ;
#1698 = PLANE ( 'NONE',  #2717 ) ;
#1699 = CARTESIAN_POINT ( 'NONE',  ( -3.492499999999983284, 2.337250000000009820, 4.507500000000018048 ) ) ;
#1700 = EDGE_CURVE ( 'NONE', #279, #2183, #1607, .T. ) ;
#1701 = CARTESIAN_POINT ( 'NONE',  ( 3.234823149097088901, 4.571999999999998288, 4.429823149097073198 ) ) ;
#1702 = DIRECTION ( 'NONE',  ( 3.491481338843133355E-15, 1.453114432220753495E-16, 1.000000000000000000 ) ) ;
#1703 = CIRCLE ( 'NONE', #3694, 0.3224999999999998979 ) ;
#1704 = CARTESIAN_POINT ( 'NONE',  ( -3.831249999999997158, -3.872438979315151464, 1.034750000000021153 ) ) ;
#1705 = MANIFOLD_SOLID_BREP ( 'Body-Move/Copy2[1]', #1856 ) ;
#1706 = CIRCLE ( 'NONE', #2518, 0.04499999999999990119 ) ;
#1707 = CARTESIAN_POINT ( 'NONE',  ( 4.108750000000012115, 2.333823006393090260, 3.112499999999991385 ) ) ;
#1708 = DIRECTION ( 'NONE',  ( -1.000000000000000000, 2.952720810173326386E-15, 3.491481338843133355E-15 ) ) ;
#1709 = ORIENTED_EDGE ( 'NONE', *, *, #3536, .T. ) ;
#1710 = AXIS2_PLACEMENT_3D ( 'NONE', #1051, #1420, #2592 ) ;
#1711 = DIRECTION ( 'NONE',  ( -3.491481338843133355E-15, 0.000000000000000000, -1.000000000000000000 ) ) ;
#1712 = VERTEX_POINT ( 'NONE', #432 ) ;
#1713 = VECTOR ( 'NONE', #1158, 1000.000000000000000 ) ;
#1714 = PLANE ( 'NONE',  #3638 ) ;
#1715 = DIRECTION ( 'NONE',  ( 1.000000000000000000, -1.415534356397074589E-15, -3.491481338843132961E-15 ) ) ;
#1716 = STYLED_ITEM ( 'NONE', ( #1147 ), #470 ) ;
#1717 = ORIENTED_EDGE ( 'NONE', *, *, #3796, .F. ) ;
#1718 = CARTESIAN_POINT ( 'NONE',  ( 3.831250000000014921, -2.168404344971008868E-15, 4.045249999999994017 ) ) ;
#1719 = FACE_OUTER_BOUND ( 'NONE', #441, .T. ) ;
#1720 = LINE ( 'NONE', #3529, #3279 ) ;
#1721 = MANIFOLD_SOLID_BREP ( 'Body-Move/Copy2[9]', #2352 ) ;
#1722 = EDGE_CURVE ( 'NONE', #916, #279, #2509, .T. ) ;
#1723 = AXIS2_PLACEMENT_3D ( 'NONE', #3240, #1073, #3167 ) ;
#1724 = CARTESIAN_POINT ( 'NONE',  ( -3.492500000000009042, 2.614750000000002128, -3.112499999999982947 ) ) ;
#1725 = VECTOR ( 'NONE', #3854, 1000.000000000000000 ) ;
#1726 = DIRECTION ( 'NONE',  ( 3.491481338843133355E-15, 1.453114432220753248E-16, 1.000000000000000000 ) ) ;
#1727 = EDGE_CURVE ( 'NONE', #3366, #42, #3102, .T. ) ;
#1728 = LINE ( 'NONE', #546, #2772 ) ;
#1729 = VECTOR ( 'NONE', #846, 1000.000000000000000 ) ;
#1730 = AXIS2_PLACEMENT_3D ( 'NONE', #1931, #778, #1948 ) ;
#1731 = SURFACE_SIDE_STYLE ('',( #3514 ) ) ;
#1732 = CARTESIAN_POINT ( 'NONE',  ( 3.781249999999997335, 2.333823006393090704, -1.034750000000006942 ) ) ;
#1733 = ORIENTED_EDGE ( 'NONE', *, *, #178, .T. ) ;
#1734 = FACE_OUTER_BOUND ( 'NONE', #273, .T. ) ;
#1735 = ORIENTED_EDGE ( 'NONE', *, *, #2371, .T. ) ;
#1736 = MANIFOLD_SOLID_BREP ( 'Body-Move/Copy2[5]', #739 ) ;
#1737 = LINE ( 'NONE', #3426, #2084 ) ;
#1738 = LINE ( 'NONE', #3486, #1154 ) ;
#1739 = ORIENTED_EDGE ( 'NONE', *, *, #711, .T. ) ;
#1740 = ORIENTED_EDGE ( 'NONE', *, *, #2489, .F. ) ;
#1741 = FACE_OUTER_BOUND ( 'NONE', #2314, .T. ) ;
#1742 = DIRECTION ( 'NONE',  ( -3.491481338843133355E-15, -1.453114432220753248E-16, -1.000000000000000000 ) ) ;
#1743 = FACE_OUTER_BOUND ( 'NONE', #2694, .T. ) ;
#1744 = MANIFOLD_SOLID_BREP ( 'Body-Move/Copy2[8]', #2410 ) ;
#1745 = EDGE_CURVE ( 'NONE', #3806, #3328, #1372, .T. ) ;
#1746 = LINE ( 'NONE', #3457, #2265 ) ;
#1747 = ORIENTED_EDGE ( 'NONE', *, *, #587, .F. ) ;
#1748 =( NAMED_UNIT ( * ) PLANE_ANGLE_UNIT ( ) SI_UNIT ( $, .RADIAN. ) );
#1749 = EDGE_CURVE ( 'NONE', #576, #2589, #566, .T. ) ;
#1750 = CARTESIAN_POINT ( 'NONE',  ( -4.108750000000005898, 2.333823006393089372, -1.505249999999979105 ) ) ;
#1751 = DIRECTION ( 'NONE',  ( 1.000000000000000000, 0.000000000000000000, -3.491481338843133355E-15 ) ) ;
#1752 = ORIENTED_EDGE ( 'NONE', *, *, #474, .F. ) ;
#1753 = EDGE_CURVE ( 'NONE', #1142, #1318, #855, .T. ) ;
#1754 = DIRECTION ( 'NONE',  ( 0.9838760585644680257, 0.1788516183422652062, -3.461174084996292204E-15 ) ) ;
#1755 = ORIENTED_EDGE ( 'NONE', *, *, #2134, .F. ) ;
#1756 =( NAMED_UNIT ( * ) SI_UNIT ( $, .STERADIAN. ) SOLID_ANGLE_UNIT ( ) );
#1757 = CARTESIAN_POINT ( 'NONE',  ( 3.492500000000019700, 2.614750000000002128, 4.507499999999994067 ) ) ;
#1758 = ORIENTED_EDGE ( 'NONE', *, *, #2981, .F. ) ;
#1759 = ORIENTED_EDGE ( 'NONE', *, *, #652, .T. ) ;
#1760 = CARTESIAN_POINT ( 'NONE',  ( -4.108750000000013891, -3.903127820947815962E-15, -4.045249999999978918 ) ) ;
#1761 = SURFACE_STYLE_FILL_AREA ( #2017 ) ;
#1762 = ORIENTED_EDGE ( 'NONE', *, *, #3163, .T. ) ;
#1763 = LINE ( 'NONE', #189, #777 ) ;
#1764 = ORIENTED_EDGE ( 'NONE', *, *, #1337, .T. ) ;
#1765 = CARTESIAN_POINT ( 'NONE',  ( 3.492500000000019700, 2.337250000000002270, 4.507499999999994067 ) ) ;
#1766 = ORIENTED_EDGE ( 'NONE', *, *, #534, .F. ) ;
#1767 = EDGE_CURVE ( 'NONE', #862, #3232, #1688, .T. ) ;
#1768 = AXIS2_PLACEMENT_3D ( 'NONE', #2832, #716, #1059 ) ;
#1769 = ORIENTED_EDGE ( 'NONE', *, *, #2492, .T. ) ;
#1770 = AXIS2_PLACEMENT_3D ( 'NONE', #339, #3338, #2152 ) ;
#1771 = CARTESIAN_POINT ( 'NONE',  ( -3.786250000000010996, 2.337250000000009376, -4.507499999999980744 ) ) ;
#1772 = EDGE_LOOP ( 'NONE', ( #2298, #1202, #2647, #3016 ) ) ;
#1773 = ADVANCED_FACE ( 'NONE', ( #2932 ), #870, .F. ) ;
#1774 = CIRCLE ( 'NONE', #599, 0.04499999999999990119 ) ;
#1775 = ORIENTED_EDGE ( 'NONE', *, *, #467, .T. ) ;
#1776 = CARTESIAN_POINT ( 'NONE',  ( 4.108749999999998792, 2.292250000000001009, -0.5725000000000087796 ) ) ;
#1777 = CARTESIAN_POINT ( 'NONE',  ( -4.108749999999986358, -3.035766082959412415E-15, 4.045250000000021551 ) ) ;
#1778 = VECTOR ( 'NONE', #1334, 1000.000000000000000 ) ;
#1779 = ORIENTED_EDGE ( 'NONE', *, *, #779, .T. ) ;
#1780 = VECTOR ( 'NONE', #1947, 1000.000000000000000 ) ;
#1781 = PLANE ( 'NONE',  #1195 ) ;
#1782 = EDGE_LOOP ( 'NONE', ( #1973, #356, #1088, #800, #2960, #3144, #719, #2062 ) ) ;
#1783 = LINE ( 'NONE', #884, #1095 ) ;
#1784 = AXIS2_PLACEMENT_3D ( 'NONE', #1287, #756, #1662 ) ;
#1785 = CIRCLE ( 'NONE', #3465, 0.04499999999999990119 ) ;
#1786 = SURFACE_STYLE_FILL_AREA ( #1546 ) ;
#1787 = DIRECTION ( 'NONE',  ( -1.000000000000000000, 8.740854723914147288E-14, 4.034240641806529081E-15 ) ) ;
#1788 = VERTEX_POINT ( 'NONE', #2715 ) ;
#1789 = VECTOR ( 'NONE', #3601, 1000.000000000000000 ) ;
#1790 = CARTESIAN_POINT ( 'NONE',  ( 3.831250000000013145, 2.333823006393090704, 3.574749999999992767 ) ) ;
#1791 = ADVANCED_FACE ( 'NONE', ( #1824 ), #2102, .F. ) ;
#1792 = SURFACE_STYLE_FILL_AREA ( #607 ) ;
#1793 = PLANE ( 'NONE',  #293 ) ;
#1794 = VERTEX_POINT ( 'NONE', #1207 ) ;
#1795 = ORIENTED_EDGE ( 'NONE', *, *, #1844, .T. ) ;
#1796 = ADVANCED_FACE ( 'NONE', ( #1504 ), #344, .F. ) ;
#1797 = DIRECTION ( 'NONE',  ( -1.000000000000000000, 9.992007221626408864E-16, 3.491481338843133355E-15 ) ) ;
#1798 = CARTESIAN_POINT ( 'NONE',  ( 3.831249999999984723, -3.903127820947815962E-15, -4.507500000000007390 ) ) ;
#1799 = DIRECTION ( 'NONE',  ( 1.000000000000000000, 6.578071420904052502E-15, -3.491481338843134144E-15 ) ) ;
#1800 = MANIFOLD_SOLID_BREP ( 'Boss-Extrude3', #2910 ) ;
#1801 = EDGE_CURVE ( 'NONE', #177, #636, #2676, .T. ) ;
#1802 = ORIENTED_EDGE ( 'NONE', *, *, #909, .F. ) ;
#1803 = EDGE_CURVE ( 'NONE', #2795, #3337, #654, .T. ) ;
#1804 = CARTESIAN_POINT ( 'NONE',  ( 3.831250000000003819, -3.035766082959412415E-15, 1.034749999999993619 ) ) ;
#1805 = VERTEX_POINT ( 'NONE', #3344 ) ;
#1806 = CARTESIAN_POINT ( 'NONE',  ( 3.831250000000003819, -3.903127820947815962E-15, 1.034749999999993619 ) ) ;
#1807 = CARTESIAN_POINT ( 'NONE',  ( -4.108853077640652884, 2.614750000000002128, -0.5724999999999801359 ) ) ;
#1808 = ORIENTED_EDGE ( 'NONE', *, *, #3482, .F. ) ;
#1809 = PLANE ( 'NONE',  #3392 ) ;
#1810 = DIRECTION ( 'NONE',  ( -1.000000000000000000, 2.952720810173326386E-15, 3.491481338843133355E-15 ) ) ;
#1811 = EDGE_LOOP ( 'NONE', ( #1476, #1056, #817, #2851 ) ) ;
#1812 = CARTESIAN_POINT ( 'NONE',  ( -3.786249999999979021, 2.614750000000010566, 4.507500000000018936 ) ) ;
#1813 = ORIENTED_EDGE ( 'NONE', *, *, #1172, .F. ) ;
#1814 = ORIENTED_EDGE ( 'NONE', *, *, #2935, .F. ) ;
#1815 = LINE ( 'NONE', #1760, #2388 ) ;
#1816 = CARTESIAN_POINT ( 'NONE',  ( -4.108750000000013891, -3.903127820947815962E-15, -4.045249999999978918 ) ) ;
#1817 = DIRECTION ( 'NONE',  ( -1.000000000000000000, -1.415534356397074589E-15, 3.491481338843133750E-15 ) ) ;
#1818 = ADVANCED_FACE ( 'NONE', ( #2076 ), #2990, .F. ) ;
#1819 = VERTEX_POINT ( 'NONE', #1867 ) ;
#1820 = CARTESIAN_POINT ( 'NONE',  ( 3.786250000000016325, 2.337250000000002270, 4.507499999999993179 ) ) ;
#1821 = ORIENTED_EDGE ( 'NONE', *, *, #303, .T. ) ;
#1822 = LINE ( 'NONE', #600, #1655 ) ;
#1823 = ADVANCED_FACE ( 'NONE', ( #3322 ), #663, .F. ) ;
#1824 = FACE_OUTER_BOUND ( 'NONE', #3718, .T. ) ;
#1825 = CARTESIAN_POINT ( 'NONE',  ( 3.831249999999984723, -3.903127820947815962E-15, -4.507500000000007390 ) ) ;
#1826 = ORIENTED_EDGE ( 'NONE', *, *, #1876, .T. ) ;
#1827 = DIRECTION ( 'NONE',  ( 3.491481338843133355E-15, 1.453114432220753248E-16, 1.000000000000000000 ) ) ;
#1828 = ORIENTED_EDGE ( 'NONE', *, *, #1626, .F. ) ;
#1829 = DIRECTION ( 'NONE',  ( -0.9838760585644680257, 0.1788516183422652062, 3.409195711428455762E-15 ) ) ;
#1830 = PLANE ( 'NONE',  #3783 ) ;
#1831 = EDGE_LOOP ( 'NONE', ( #3394, #3053, #672, #2800 ) ) ;
#1832 = ORIENTED_EDGE ( 'NONE', *, *, #1430, .F. ) ;
#1833 = AXIS2_PLACEMENT_3D ( 'NONE', #244, #2615, #1071 ) ;
#1834 = CARTESIAN_POINT ( 'NONE',  ( 3.831250000000011369, -3.035766082959412415E-15, 3.112499999999993161 ) ) ;
#1835 = CARTESIAN_POINT ( 'NONE',  ( -3.492499999999992166, 2.337250000000008487, 1.967500000000018234 ) ) ;
#1836 = CARTESIAN_POINT ( 'NONE',  ( 3.781249999999998668, 2.333823006393090704, -0.5725000000000071143 ) ) ;
#1837 = STYLED_ITEM ( 'NONE', ( #115 ), #3037 ) ;
#1838 = CARTESIAN_POINT ( 'NONE',  ( 3.831249999999986056, -3.872438979315151464, -4.045250000000005564 ) ) ;
#1839 = EDGE_LOOP ( 'NONE', ( #1547, #1556, #26, #3741, #1284, #2364, #1916, #2219 ) ) ;
#1840 = CARTESIAN_POINT ( 'NONE',  ( -3.831249999999989608, -3.035766082959412415E-15, 3.112500000000020250 ) ) ;
#1841 = ORIENTED_EDGE ( 'NONE', *, *, #3324, .F. ) ;
#1842 = VECTOR ( 'NONE', #2719, 1000.000000000000000 ) ;
#1843 = CARTESIAN_POINT ( 'NONE',  ( 4.108750000000015667, -3.035766082959412415E-15, 4.507499999999991402 ) ) ;
#1844 = EDGE_CURVE ( 'NONE', #3122, #2338, #90, .T. ) ;
#1845 = VECTOR ( 'NONE', #3422, 1000.000000000000000 ) ;
#1846 = VECTOR ( 'NONE', #3340, 1000.000000000000000 ) ;
#1847 = EDGE_CURVE ( 'NONE', #861, #2046, #1703, .T. ) ;
#1848 = ORIENTED_EDGE ( 'NONE', *, *, #3371, .T. ) ;
#1849 = LINE ( 'NONE', #3381, #1335 ) ;
#1850 = AXIS2_PLACEMENT_3D ( 'NONE', #1878, #3120, #1340 ) ;
#1851 = CARTESIAN_POINT ( 'NONE',  ( -3.831250000000016254, -3.903127820947815962E-15, -4.507499999999980744 ) ) ;
#1852 = ORIENTED_EDGE ( 'NONE', *, *, #1753, .T. ) ;
#1853 = VECTOR ( 'NONE', #3754, 1000.000000000000000 ) ;
#1854 = DIRECTION ( 'NONE',  ( 3.491481338843133355E-15, 0.000000000000000000, 1.000000000000000000 ) ) ;
#1855 = ORIENTED_EDGE ( 'NONE', *, *, #1609, .F. ) ;
#1856 = CLOSED_SHELL ( 'NONE', ( #446, #3385, #1965, #917, #1914, #3631, #2203, #1311, #1873, #708, #2835, #2494, #2725, #2669 ) ) ;
#1857 = VECTOR ( 'NONE', #1243, 1000.000000000000000 ) ;
#1858 = VERTEX_POINT ( 'NONE', #2383 ) ;
#1859 = CARTESIAN_POINT ( 'NONE',  ( -4.108750000000013891, -3.872438979315154572, -4.045249999999978030 ) ) ;
#1860 = CARTESIAN_POINT ( 'NONE',  ( -4.108750000000015667, -3.903127820947815962E-15, -4.507499999999978968 ) ) ;
#1861 = CARTESIAN_POINT ( 'NONE',  ( -4.108749999999988134, -3.903127820947815962E-15, 3.574750000000021632 ) ) ;
#1862 = DIRECTION ( 'NONE',  ( -1.000000000000000000, 9.992007221626408864E-16, 3.491481338843133355E-15 ) ) ;
#1863 = VERTEX_POINT ( 'NONE', #3571 ) ;
#1864 = CARTESIAN_POINT ( 'NONE',  ( 3.831249999999990941, 2.292250000000001009, -3.112500000000007372 ) ) ;
#1865 = VERTEX_POINT ( 'NONE', #906 ) ;
#1866 = PLANE ( 'NONE',  #673 ) ;
#1867 = CARTESIAN_POINT ( 'NONE',  ( 4.108749999999995239, -3.903127820947815962E-15, -1.505250000000007748 ) ) ;
#1868 = ORIENTED_EDGE ( 'NONE', *, *, #2890, .T. ) ;
#1869 = FACE_OUTER_BOUND ( 'NONE', #3503, .T. ) ;
#1870 = EDGE_CURVE ( 'NONE', #333, #2573, #3286, .T. ) ;
#1871 = DIRECTION ( 'NONE',  ( -1.000000000000000000, 1.415534356397074589E-15, 3.491481338843132961E-15 ) ) ;
#1872 = CARTESIAN_POINT ( 'NONE',  ( 4.108750000000004121, 2.292250000000001009, 1.034749999999992509 ) ) ;
#1873 = ADVANCED_FACE ( 'NONE', ( #3713 ), #429, .T. ) ;
#1874 = ORIENTED_EDGE ( 'NONE', *, *, #3266, .T. ) ;
#1875 = DIRECTION ( 'NONE',  ( 0.000000000000000000, -1.000000000000000000, -0.000000000000000000 ) ) ;
#1876 = EDGE_CURVE ( 'NONE', #469, #692, #484, .T. ) ;
#1877 = CARTESIAN_POINT ( 'NONE',  ( 3.831249999999984723, 2.292250000000001009, -4.507500000000007390 ) ) ;
#1878 = CARTESIAN_POINT ( 'NONE',  ( 3.492499999999987725, 2.614750000000000796, -4.687500000000022204 ) ) ;
#1879 = UNCERTAINTY_MEASURE_WITH_UNIT (LENGTH_MEASURE( 1.000000000000000082E-05 ), #1485, 'distance_accuracy_value', 'NONE');
#1880 = ORIENTED_EDGE ( 'NONE', *, *, #323, .F. ) ;
#1881 = DIRECTION ( 'NONE',  ( 3.491481338843133355E-15, 1.453114432220753248E-16, 1.000000000000000000 ) ) ;
#1882 = VERTEX_POINT ( 'NONE', #1307 ) ;
#1883 = LINE ( 'NONE', #1057, #107 ) ;
#1884 = CARTESIAN_POINT ( 'NONE',  ( 3.786249999999989679, 2.292250000000001009, -3.112500000000008704 ) ) ;
#1885 = ORIENTED_EDGE ( 'NONE', *, *, #1341, .T. ) ;
#1886 = CARTESIAN_POINT ( 'NONE',  ( 4.108749999999995239, 2.292250000000001009, -1.505250000000007748 ) ) ;
#1887 = PRESENTATION_STYLE_ASSIGNMENT (( #2566 ) ) ;
#1888 = ORIENTED_EDGE ( 'NONE', *, *, #2916, .T. ) ;
#1889 = EDGE_LOOP ( 'NONE', ( #2941, #3560, #2521, #1363, #657, #2512, #2459, #1909 ) ) ;
#1890 = EDGE_CURVE ( 'NONE', #1933, #2359, #589, .T. ) ;
#1891 = DIRECTION ( 'NONE',  ( 3.491481338843133355E-15, 1.453114432220753495E-16, 1.000000000000000000 ) ) ;
#1892 = LINE ( 'NONE', #414, #1082 ) ;
#1893 = AXIS2_PLACEMENT_3D ( 'NONE', #2441, #2072, #3319 ) ;
#1894 = DIRECTION ( 'NONE',  ( 3.491481338843133355E-15, 1.453114432220753495E-16, 1.000000000000000000 ) ) ;
#1895 = AXIS2_PLACEMENT_3D ( 'NONE', #3590, #3851, #2380 ) ;
#1896 = ORIENTED_EDGE ( 'NONE', *, *, #1870, .T. ) ;
#1897 = DIRECTION ( 'NONE',  ( 3.491481338843133355E-15, 1.453114432220753248E-16, 1.000000000000000000 ) ) ;
#1898 = ORIENTED_EDGE ( 'NONE', *, *, #635, .F. ) ;
#1899 = CARTESIAN_POINT ( 'NONE',  ( -3.781249999999988010, 2.333823006393091148, 3.574750000000019412 ) ) ;
#1900 = VECTOR ( 'NONE', #936, 1000.000000000000000 ) ;
#1901 = AXIS2_PLACEMENT_3D ( 'NONE', #3467, #1105, #2299 ) ;
#1902 = CARTESIAN_POINT ( 'NONE',  ( -3.786249999999988347, 2.337250000000010264, 1.967500000000019122 ) ) ;
#1903 = CARTESIAN_POINT ( 'NONE',  ( -3.786249999999993232, 2.292250000000010335, 0.5725000000000185496 ) ) ;
#1904 = ORIENTED_EDGE ( 'NONE', *, *, #1167, .F. ) ;
#1905 = AXIS2_PLACEMENT_3D ( 'NONE', #1519, #3047, #2930 ) ;
#1906 = DIRECTION ( 'NONE',  ( 3.491481338843133355E-15, 0.000000000000000000, 1.000000000000000000 ) ) ;
#1907 = AXIS2_PLACEMENT_3D ( 'NONE', #423, #2544, #2522 ) ;
#1908 = FILL_AREA_STYLE_COLOUR ( '', #1159 ) ;
#1909 = ORIENTED_EDGE ( 'NONE', *, *, #3003, .T. ) ;
#1910 = PLANE ( 'NONE',  #3032 ) ;
#1911 = ORIENTED_EDGE ( 'NONE', *, *, #3724, .T. ) ;
#1912 = VECTOR ( 'NONE', #1954, 1000.000000000000000 ) ;
#1913 = DIRECTION ( 'NONE',  ( 3.491481338843133355E-15, 0.000000000000000000, 1.000000000000000000 ) ) ;
#1914 = ADVANCED_FACE ( 'NONE', ( #1640 ), #167, .F. ) ;
#1915 = VECTOR ( 'NONE', #390, 1000.000000000000000 ) ;
#1916 = ORIENTED_EDGE ( 'NONE', *, *, #3295, .T. ) ;
#1917 = CARTESIAN_POINT ( 'NONE',  ( 3.831249999999995381, -3.903127820947815962E-15, -1.967500000000006910 ) ) ;
#1918 = CARTESIAN_POINT ( 'NONE',  ( -3.831249999999987832, -3.872438979315151464, 3.574750000000020744 ) ) ;
#1919 = PRESENTATION_LAYER_ASSIGNMENT (  '', '', ( #2539 ) ) ;
#1920 = EDGE_CURVE ( 'NONE', #886, #1233, #2545, .T. ) ;
#1921 = ORIENTED_EDGE ( 'NONE', *, *, #711, .F. ) ;
#1922 = DIRECTION ( 'NONE',  ( 0.9914448613738104932, -0.1305261922200519065, -3.369884155916618788E-15 ) ) ;
#1923 = ORIENTED_EDGE ( 'NONE', *, *, #2674, .F. ) ;
#1924 = STYLED_ITEM ( 'NONE', ( #3190 ), #1744 ) ;
#1925 = DIRECTION ( 'NONE',  ( 3.491481338843133355E-15, 1.453114432220753248E-16, 1.000000000000000000 ) ) ;
#1926 = EDGE_CURVE ( 'NONE', #64, #433, #2505, .T. ) ;
#1927 = EDGE_CURVE ( 'NONE', #3612, #3425, #2793, .T. ) ;
#1928 = CARTESIAN_POINT ( 'NONE',  ( -3.786249999999979909, 2.292250000000010779, 4.507500000000018936 ) ) ;
#1929 = LINE ( 'NONE', #464, #3210 ) ;
#1930 = LINE ( 'NONE', #117, #417 ) ;
#1931 = CARTESIAN_POINT ( 'NONE',  ( 3.786249999999989679, 2.292250000000001009, -3.112500000000008704 ) ) ;
#1932 = LINE ( 'NONE', #3424, #738 ) ;
#1933 = VERTEX_POINT ( 'NONE', #3670 ) ;
#1934 = CARTESIAN_POINT ( 'NONE',  ( -3.492499999999983284, 2.337250000000009820, 4.507500000000018048 ) ) ;
#1935 = ORIENTED_EDGE ( 'NONE', *, *, #3813, .T. ) ;
#1936 = CARTESIAN_POINT ( 'NONE',  ( 3.786250000000016325, 2.614750000000002128, 4.507499999999993179 ) ) ;
#1937 = CARTESIAN_POINT ( 'NONE',  ( 4.108749999999995239, -3.872438979315154572, -1.505250000000007082 ) ) ;
#1938 = ORIENTED_EDGE ( 'NONE', *, *, #2746, .F. ) ;
#1939 = CARTESIAN_POINT ( 'NONE',  ( 3.492499999999988614, 2.614750000000000796, -4.507500000000006501 ) ) ;
#1940 = ORIENTED_EDGE ( 'NONE', *, *, #1870, .F. ) ;
#1941 = CARTESIAN_POINT ( 'NONE',  ( -3.831249999999979838, 2.292250000000010779, 4.507500000000018936 ) ) ;
#1942 = EDGE_CURVE ( 'NONE', #570, #3, #2855, .T. ) ;
#1943 = EDGE_CURVE ( 'NONE', #1383, #3577, #466, .T. ) ;
#1944 = DIRECTION ( 'NONE',  ( -3.491481338843133355E-15, -1.453114432220753495E-16, -1.000000000000000000 ) ) ;
#1945 = DIRECTION ( 'NONE',  ( 1.000000000000000000, 6.578071420904052502E-15, -3.491481338843134144E-15 ) ) ;
#1946 = ADVANCED_FACE ( 'NONE', ( #3361 ), #3688, .T. ) ;
#1947 = DIRECTION ( 'NONE',  ( 1.000000000000000000, 0.000000000000000000, -3.491481338843133355E-15 ) ) ;
#1948 = DIRECTION ( 'NONE',  ( -1.000000000000000000, 0.000000000000000000, 4.034240641806529081E-15 ) ) ;
#1949 = LINE ( 'NONE', #1046, #2905 ) ;
#1950 = EDGE_LOOP ( 'NONE', ( #747, #3666, #2260, #3679 ) ) ;
#1951 = DIRECTION ( 'NONE',  ( -3.491481338843133355E-15, -1.453114432220753495E-16, -1.000000000000000000 ) ) ;
#1952 = ORIENTED_EDGE ( 'NONE', *, *, #1942, .T. ) ;
#1953 = DIRECTION ( 'NONE',  ( -0.9838760585644680257, 0.1788516183422652062, 3.409195711428455762E-15 ) ) ;
#1954 = DIRECTION ( 'NONE',  ( 5.551115123125732166E-17, 1.000000000000000000, -1.453114432220755221E-16 ) ) ;
#1955 = ORIENTED_EDGE ( 'NONE', *, *, #869, .F. ) ;
#1956 = LINE ( 'NONE', #3506, #154 ) ;
#1957 = EDGE_LOOP ( 'NONE', ( #2247, #1063, #3258, #3312 ) ) ;
#1958 = SURFACE_SIDE_STYLE ('',( #3711 ) ) ;
#1959 = VECTOR ( 'NONE', #2487, 1000.000000000000000 ) ;
#1960 = EDGE_CURVE ( 'NONE', #1230, #290, #3111, .T. ) ;
#1961 = DIRECTION ( 'NONE',  ( -3.491481338843133750E-15, -1.453114432220753002E-16, -1.000000000000000000 ) ) ;
#1962 = AXIS2_PLACEMENT_3D ( 'NONE', #3143, #2322, #501 ) ;
#1963 = LINE ( 'NONE', #3776, #3578 ) ;
#1964 = AXIS2_PLACEMENT_3D ( 'NONE', #2514, #157, #2479 ) ;
#1965 = ADVANCED_FACE ( 'NONE', ( #700 ), #3090, .F. ) ;
#1966 = CARTESIAN_POINT ( 'NONE',  ( 4.108749999999986358, 2.292250000000001009, -4.045250000000008228 ) ) ;
#1967 = ORIENTED_EDGE ( 'NONE', *, *, #2766, .T. ) ;
#1968 = VECTOR ( 'NONE', #835, 1000.000000000000000 ) ;
#1969 = FACE_OUTER_BOUND ( 'NONE', #596, .T. ) ;
#1970 = ORIENTED_EDGE ( 'NONE', *, *, #1506, .F. ) ;
#1971 = EDGE_CURVE ( 'NONE', #2379, #3836, #1323, .T. ) ;
#1972 = DIRECTION ( 'NONE',  ( 3.491481338843133355E-15, 6.990965660939809362E-31, 1.000000000000000000 ) ) ;
#1973 = ORIENTED_EDGE ( 'NONE', *, *, #2320, .T. ) ;
#1974 = DIRECTION ( 'NONE',  ( -3.125627884642896330E-15, -1.000000000000000000, 1.091307143139841027E-29 ) ) ;
#1975 = AXIS2_PLACEMENT_3D ( 'NONE', #2656, #264, #523 ) ;
#1976 = CARTESIAN_POINT ( 'NONE',  ( -4.108750000000013891, 2.333823006393088928, -4.045249999999978918 ) ) ;
#1977 = ORIENTED_EDGE ( 'NONE', *, *, #1411, .T. ) ;
#1978 = AXIS2_PLACEMENT_3D ( 'NONE', #2625, #2572, #2878 ) ;
#1979 = ORIENTED_EDGE ( 'NONE', *, *, #2041, .F. ) ;
#1980 = CARTESIAN_POINT ( 'NONE',  ( 3.831250000000003819, 2.292250000000001009, 1.034749999999993397 ) ) ;
#1981 = CARTESIAN_POINT ( 'NONE',  ( -3.831249999999979838, 2.292250000000010779, 4.507500000000018936 ) ) ;
#1982 = FACE_OUTER_BOUND ( 'NONE', #3439, .T. ) ;
#1983 = VECTOR ( 'NONE', #3256, 1000.000000000000000 ) ;
#1984 = LINE ( 'NONE', #1386, #1513 ) ;
#1985 = FACE_OUTER_BOUND ( 'NONE', #70, .T. ) ;
#1986 = DIRECTION ( 'NONE',  ( 1.000000000000000000, -2.775557561562891351E-17, -3.491481338843133355E-15 ) ) ;
#1987 =( NAMED_UNIT ( * ) PLANE_ANGLE_UNIT ( ) SI_UNIT ( $, .RADIAN. ) );
#1988 = ORIENTED_EDGE ( 'NONE', *, *, #1844, .F. ) ;
#1989 = FACE_OUTER_BOUND ( 'NONE', #2865, .T. ) ;
#1990 = ORIENTED_EDGE ( 'NONE', *, *, #1722, .T. ) ;
#1991 = ADVANCED_FACE ( 'NONE', ( #3420 ), #3126, .F. ) ;
#1992 = DIRECTION ( 'NONE',  ( 3.491481338843133355E-15, -0.000000000000000000, 1.000000000000000000 ) ) ;
#1993 = ORIENTED_EDGE ( 'NONE', *, *, #1009, .F. ) ;
#1994 = EDGE_CURVE ( 'NONE', #3836, #3577, #3653, .T. ) ;
#1995 = CARTESIAN_POINT ( 'NONE',  ( -3.492499999999983284, 2.337250000000009820, 4.507500000000018048 ) ) ;
#1996 = DIRECTION ( 'NONE',  ( -2.775557561562840507E-17, -1.000000000000000000, 1.453114432220754235E-16 ) ) ;
#1997 = ORIENTED_EDGE ( 'NONE', *, *, #3699, .T. ) ;
#1998 = EDGE_CURVE ( 'NONE', #3246, #64, #114, .T. ) ;
#1999 = ORIENTED_EDGE ( 'NONE', *, *, #1389, .F. ) ;
#2000 = PLANE ( 'NONE',  #3763 ) ;
#2001 = CARTESIAN_POINT ( 'NONE',  ( -3.492499999999973070, 2.337250000000000938, 4.687500000000028422 ) ) ;
#2002 = DIRECTION ( 'NONE',  ( -3.491481338843133355E-15, -1.453114432220752016E-16, -1.000000000000000000 ) ) ;
#2003 = CARTESIAN_POINT ( 'NONE',  ( 3.831250000000011369, 2.292250000000001009, 3.112499999999992273 ) ) ;
#2004 = CARTESIAN_POINT ( 'NONE',  ( -3.786249999999993232, 2.292250000000010335, 0.5725000000000185496 ) ) ;
#2005 = DIRECTION ( 'NONE',  ( -0.9914448613738104932, 0.1305261922200519065, 4.103700764412283504E-15 ) ) ;
#2006 = ORIENTED_EDGE ( 'NONE', *, *, #3231, .F. ) ;
#2007 = PLANE ( 'NONE',  #2029 ) ;
#2008 = ORIENTED_EDGE ( 'NONE', *, *, #1557, .F. ) ;
#2009 = EDGE_CURVE ( 'NONE', #692, #533, #1763, .T. ) ;
#2010 = CARTESIAN_POINT ( 'NONE',  ( -3.831249999999986056, -2.168404344971008868E-15, 4.045250000000019774 ) ) ;
#2011 = CARTESIAN_POINT ( 'NONE',  ( 3.492500000000001936, 2.337250000000000938, -0.5725000000000070033 ) ) ;
#2012 = VERTEX_POINT ( 'NONE', #1724 ) ;
#2013 = ORIENTED_EDGE ( 'NONE', *, *, #635, .T. ) ;
#2014 = EDGE_CURVE ( 'NONE', #529, #2087, #2580, .T. ) ;
#2015 = DIRECTION ( 'NONE',  ( -5.551115123125833239E-17, 1.000000000000000000, -1.453114432220751276E-16 ) ) ;
#2016 = DIRECTION ( 'NONE',  ( 0.9838760585644680257, 0.1788516183422652062, -3.461174084996292204E-15 ) ) ;
#2017 = FILL_AREA_STYLE ('',( #144 ) ) ;
#2018 = ADVANCED_FACE ( 'NONE', ( #867 ), #3773, .T. ) ;
#2019 = CARTESIAN_POINT ( 'NONE',  ( 3.831249999999984723, -3.903127820947815962E-15, -4.507500000000007390 ) ) ;
#2020 = CARTESIAN_POINT ( 'NONE',  ( -1.546664485944777283E-14, 4.571999999999997399, -4.429823149097078527 ) ) ;
#2021 = VECTOR ( 'NONE', #1150, 1000.000000000000000 ) ;
#2022 = LINE ( 'NONE', #3459, #3775 ) ;
#2023 = AXIS2_PLACEMENT_3D ( 'NONE', #3254, #1477, #2983 ) ;
#2024 = DIRECTION ( 'NONE',  ( 2.952720810173325991E-15, 1.000000000000000000, -1.453114432220856540E-16 ) ) ;
#2025 = VERTEX_POINT ( 'NONE', #1096 ) ;
#2026 = VECTOR ( 'NONE', #3840, 1000.000000000000000 ) ;
#2027 = CARTESIAN_POINT ( 'NONE',  ( 3.831250000000003819, -3.872438979315151464, 1.034749999999994285 ) ) ;
#2028 = VERTEX_POINT ( 'NONE', #262 ) ;
#2029 = AXIS2_PLACEMENT_3D ( 'NONE', #2027, #1358, #2611 ) ;
#2030 = CARTESIAN_POINT ( 'NONE',  ( -4.108750000000005898, 2.333823006393089372, -1.505249999999979105 ) ) ;
#2031 = CARTESIAN_POINT ( 'NONE',  ( -4.108749999999998792, -3.903127820947815962E-15, 0.5725000000000205480 ) ) ;
#2032 = VERTEX_POINT ( 'NONE', #2056 ) ;
#2033 = CIRCLE ( 'NONE', #3515, 0.3225000000000002864 ) ;
#2034 = ADVANCED_FACE ( 'NONE', ( #1131 ), #2912, .T. ) ;
#2035 = MECHANICAL_DESIGN_GEOMETRIC_PRESENTATION_REPRESENTATION (  '', ( #2094 ), #2837 ) ;
#2036 = ORIENTED_EDGE ( 'NONE', *, *, #818, .F. ) ;
#2037 = CARTESIAN_POINT ( 'NONE',  ( 4.108749999999997016, -3.903127820947815962E-15, -1.034750000000007608 ) ) ;
#2038 = ORIENTED_EDGE ( 'NONE', *, *, #3301, .F. ) ;
#2039 = CARTESIAN_POINT ( 'NONE',  ( 3.492500000000011262, 2.614750000000002128, 1.967499999999994031 ) ) ;
#2040 = AXIS2_PLACEMENT_3D ( 'NONE', #2324, #575, #1114 ) ;
#2041 = EDGE_CURVE ( 'NONE', #3723, #1500, #2266, .T. ) ;
#2042 = LINE ( 'NONE', #1169, #2575 ) ;
#2043 = VECTOR ( 'NONE', #1459, 1000.000000000000000 ) ;
#2044 = EDGE_CURVE ( 'NONE', #3267, #894, #247, .T. ) ;
#2045 = VECTOR ( 'NONE', #1827, 1000.000000000000000 ) ;
#2046 = VERTEX_POINT ( 'NONE', #2928 ) ;
#2047 = CARTESIAN_POINT ( 'NONE',  ( -3.492500000000009930, 2.337250000000009820, -3.112499999999983391 ) ) ;
#2048 = ORIENTED_EDGE ( 'NONE', *, *, #1625, .F. ) ;
#2049 = CARTESIAN_POINT ( 'NONE',  ( 3.786250000000002558, 2.337250000000001826, 0.5724999999999920153 ) ) ;
#2050 = VERTEX_POINT ( 'NONE', #3228 ) ;
#2051 = VERTEX_POINT ( 'NONE', #1427 ) ;
#2052 = CARTESIAN_POINT ( 'NONE',  ( 3.831250000000011369, -3.035766082959412415E-15, 3.112499999999993161 ) ) ;
#2053 = ORIENTED_EDGE ( 'NONE', *, *, #1890, .T. ) ;
#2054 = CARTESIAN_POINT ( 'NONE',  ( -3.492500000000012150, 2.614750000000000796, -4.687499999999997335 ) ) ;
#2055 = VERTEX_POINT ( 'NONE', #2618 ) ;
#2056 = CARTESIAN_POINT ( 'NONE',  ( -3.831250000000014921, -3.903127820947815962E-15, -4.045249999999980695 ) ) ;
#2057 = ORIENTED_EDGE ( 'NONE', *, *, #652, .F. ) ;
#2058 = CARTESIAN_POINT ( 'NONE',  ( -4.108749999999995239, -3.903127820947815962E-15, 1.505250000000020849 ) ) ;
#2059 = EDGE_CURVE ( 'NONE', #1500, #1443, #3493, .T. ) ;
#2060 = EDGE_CURVE ( 'NONE', #1440, #2795, #2310, .T. ) ;
#2061 =( LENGTH_UNIT ( ) NAMED_UNIT ( * ) SI_UNIT ( .MILLI., .METRE. ) );
#2062 = ORIENTED_EDGE ( 'NONE', *, *, #3272, .F. ) ;
#2063 = DIRECTION ( 'NONE',  ( 5.551115123125833239E-17, -1.000000000000000000, 1.453114432220751276E-16 ) ) ;
#2064 = PRODUCT_DEFINITION ( 'UNKNOWN', '', #2465, #1603 ) ;
#2065 = ORIENTED_EDGE ( 'NONE', *, *, #1144, .T. ) ;
#2066 = DIRECTION ( 'NONE',  ( 1.000000000000000000, 0.000000000000000000, -3.491481338843133355E-15 ) ) ;
#2067 = ORIENTED_EDGE ( 'NONE', *, *, #2044, .T. ) ;
#2068 = ORIENTED_EDGE ( 'NONE', *, *, #77, .F. ) ;
#2069 = CARTESIAN_POINT ( 'NONE',  ( -3.831249999999989608, -3.035766082959412415E-15, 3.112500000000020250 ) ) ;
#2070 = PLANE ( 'NONE',  #2593 ) ;
#2071 = ORIENTED_EDGE ( 'NONE', *, *, #3125, .F. ) ;
#2072 = DIRECTION ( 'NONE',  ( -3.491481338843133355E-15, -1.453114432220752016E-16, -1.000000000000000000 ) ) ;
#2073 = VERTEX_POINT ( 'NONE', #1685 ) ;
#2074 = CARTESIAN_POINT ( 'NONE',  ( 3.831250000000005596, -3.872438979315151464, 1.505249999999993760 ) ) ;
#2075 = EDGE_CURVE ( 'NONE', #971, #141, #2603, .T. ) ;
#2076 = FACE_OUTER_BOUND ( 'NONE', #2731, .T. ) ;
#2077 = VECTOR ( 'NONE', #1442, 1000.000000000000000 ) ;
#2078 = ORIENTED_EDGE ( 'NONE', *, *, #935, .F. ) ;
#2079 = PLANE ( 'NONE',  #2335 ) ;
#2080 = VECTOR ( 'NONE', #1145, 1000.000000000000000 ) ;
#2081 = EDGE_CURVE ( 'NONE', #2475, #2808, #1746, .T. ) ;
#2082 = ORIENTED_EDGE ( 'NONE', *, *, #1581, .F. ) ;
#2083 = CARTESIAN_POINT ( 'NONE',  ( -3.831250000000003819, -3.872438979315151464, -1.034749999999979408 ) ) ;
#2084 = VECTOR ( 'NONE', #3785, 1000.000000000000000 ) ;
#2085 = CARTESIAN_POINT ( 'NONE',  ( 4.108750000000002345, 2.333823006393089372, 0.5724999999999915712 ) ) ;
#2086 = EDGE_CURVE ( 'NONE', #2231, #3142, #1984, .T. ) ;
#2087 = VERTEX_POINT ( 'NONE', #2870 ) ;
#2088 = EDGE_CURVE ( 'NONE', #590, #2032, #3168, .T. ) ;
#2089 = VECTOR ( 'NONE', #1691, 1000.000000000000000 ) ;
#2090 = ORIENTED_EDGE ( 'NONE', *, *, #2041, .T. ) ;
#2091 = DIRECTION ( 'NONE',  ( 1.000000000000000000, 0.000000000000000000, -3.361867201505436956E-15 ) ) ;
#2092 = DIRECTION ( 'NONE',  ( 0.9838760585644680257, 0.1788516183422652062, -3.461174084996292204E-15 ) ) ;
#2093 = VECTOR ( 'NONE', #170, 1000.000000000000000 ) ;
#2094 = STYLED_ITEM ( 'NONE', ( #399 ), #456 ) ;
#2095 = EDGE_LOOP ( 'NONE', ( #3565, #1821, #3076, #1007 ) ) ;
#2096 = CIRCLE ( 'NONE', #2339, 0.3224999999999998979 ) ;
#2097 = CARTESIAN_POINT ( 'NONE',  ( 3.831250000000003819, -3.872438979315151464, 1.034749999999994285 ) ) ;
#2098 = VERTEX_POINT ( 'NONE', #2291 ) ;
#2099 = CARTESIAN_POINT ( 'NONE',  ( 3.831249999999991385, -3.903127820947815962E-15, -3.112500000000006928 ) ) ;
#2100 = COLOUR_RGB ( '',0.7921568627450980005, 0.8196078431372548767, 0.9333333333333333481 ) ;
#2101 = AXIS2_PLACEMENT_3D ( 'NONE', #21, #3334, #3848 ) ;
#2102 = PLANE ( 'NONE',  #3227 ) ;
#2103 = DIRECTION ( 'NONE',  ( -2.775557561562896281E-16, 1.000000000000000000, -1.453114432220743634E-16 ) ) ;
#2104 = VERTEX_POINT ( 'NONE', #1701 ) ;
#2105 = CARTESIAN_POINT ( 'NONE',  ( 3.786249999999993676, 2.337250000000001382, -1.967500000000008242 ) ) ;
#2106 = PRESENTATION_LAYER_ASSIGNMENT (  '', '', ( #364 ) ) ;
#2107 = VERTEX_POINT ( 'NONE', #2003 ) ;
#2108 = FACE_OUTER_BOUND ( 'NONE', #3523, .T. ) ;
#2109 = DIRECTION ( 'NONE',  ( 2.775557561562840507E-17, 1.000000000000000000, -1.453114432220754235E-16 ) ) ;
#2110 = ORIENTED_EDGE ( 'NONE', *, *, #370, .F. ) ;
#2111 = EDGE_CURVE ( 'NONE', #1374, #3818, #3793, .T. ) ;
#2112 = ADVANCED_FACE ( 'NONE', ( #522 ), #3206, .F. ) ;
#2113 = ORIENTED_EDGE ( 'NONE', *, *, #2508, .F. ) ;
#2114 = DIRECTION ( 'NONE',  ( 1.000000000000000000, 0.000000000000000000, -3.491481338843133355E-15 ) ) ;
#2115 = LINE ( 'NONE', #3587, #233 ) ;
#2116 = DIRECTION ( 'NONE',  ( 3.491481338843133355E-15, -0.000000000000000000, 1.000000000000000000 ) ) ;
#2117 =( LENGTH_UNIT ( ) NAMED_UNIT ( * ) SI_UNIT ( .MILLI., .METRE. ) );
#2118 = ORIENTED_EDGE ( 'NONE', *, *, #735, .F. ) ;
#2119 = CARTESIAN_POINT ( 'NONE',  ( 3.831249999999984723, -3.903127820947815962E-15, -4.507500000000007390 ) ) ;
#2120 = DIRECTION ( 'NONE',  ( -2.775557561562941887E-17, 1.000000000000000000, -1.453114432220752262E-16 ) ) ;
#2121 = CARTESIAN_POINT ( 'NONE',  ( -3.492500000000012150, 2.614750000000000796, -4.687499999999996447 ) ) ;
#2122 = EDGE_LOOP ( 'NONE', ( #2924, #1250, #2818, #1733, #1027, #3097, #458, #1174 ) ) ;
#2123 = PLANE ( 'NONE',  #2893 ) ;
#2124 = LINE ( 'NONE', #2447, #2045 ) ;
#2125 = ORIENTED_EDGE ( 'NONE', *, *, #2149, .F. ) ;
#2126 = DIRECTION ( 'NONE',  ( 1.000000000000000000, 0.000000000000000000, -3.491481338843133355E-15 ) ) ;
#2127 = CARTESIAN_POINT ( 'NONE',  ( -3.786249999999979909, 2.337250000000010708, 4.507500000000018936 ) ) ;
#2128 = ORIENTED_EDGE ( 'NONE', *, *, #689, .F. ) ;
#2129 = EDGE_CURVE ( 'NONE', #2050, #3591, #2042, .T. ) ;
#2130 = EDGE_LOOP ( 'NONE', ( #1592, #1156, #338, #991 ) ) ;
#2131 = LINE ( 'NONE', #2666, #2885 ) ;
#2132 = CARTESIAN_POINT ( 'NONE',  ( -3.786250000000006111, 2.337250000000009376, -3.112499999999982503 ) ) ;
#2133 = LINE ( 'NONE', #980, #3592 ) ;
#2134 = EDGE_CURVE ( 'NONE', #931, #3005, #2732, .T. ) ;
#2135 = ORIENTED_EDGE ( 'NONE', *, *, #2230, .T. ) ;
#2136 = DIRECTION ( 'NONE',  ( -9.992007221626414780E-16, 1.000000000000000000, -1.453114432220718243E-16 ) ) ;
#2137 = ORIENTED_EDGE ( 'NONE', *, *, #370, .T. ) ;
#2138 = CARTESIAN_POINT ( 'NONE',  ( 3.492500000000001936, 2.614750000000002128, -0.5725000000000065592 ) ) ;
#2139 =( NAMED_UNIT ( * ) PLANE_ANGLE_UNIT ( ) SI_UNIT ( $, .RADIAN. ) );
#2140 = ORIENTED_EDGE ( 'NONE', *, *, #2320, .F. ) ;
#2141 = CARTESIAN_POINT ( 'NONE',  ( -3.786249999999979021, 2.614750000000010566, 4.507500000000018936 ) ) ;
#2142 = EDGE_LOOP ( 'NONE', ( #1379, #404, #2968, #1631 ) ) ;
#2143 = DIRECTION ( 'NONE',  ( 1.000000000000000000, 0.000000000000000000, -3.491481338843133355E-15 ) ) ;
#2144 = ORIENTED_EDGE ( 'NONE', *, *, #2155, .T. ) ;
#2145 = AXIS2_PLACEMENT_3D ( 'NONE', #128, #1961, #145 ) ;
#2146 = DIRECTION ( 'NONE',  ( -3.491481338843133750E-15, -1.453114432220753002E-16, -1.000000000000000000 ) ) ;
#2147 = CARTESIAN_POINT ( 'NONE',  ( 4.108749999999986358, -3.903127820947815962E-15, -4.045250000000008228 ) ) ;
#2148 = DIRECTION ( 'NONE',  ( -1.000000000000000000, 0.000000000000000000, 4.034240641806529081E-15 ) ) ;
#2149 = EDGE_CURVE ( 'NONE', #3183, #2376, #2671, .T. ) ;
#2150 = LINE ( 'NONE', #47, #670 ) ;
#2151 = ORIENTED_EDGE ( 'NONE', *, *, #3226, .T. ) ;
#2152 = DIRECTION ( 'NONE',  ( 1.000000000000000000, -2.952720810173326386E-15, -3.491481338843133355E-15 ) ) ;
#2153 = VECTOR ( 'NONE', #1906, 1000.000000000000000 ) ;
#2154 = DIRECTION ( 'NONE',  ( 0.000000000000000000, -1.000000000000000000, -0.000000000000000000 ) ) ;
#2155 = EDGE_CURVE ( 'NONE', #3647, #290, #49, .T. ) ;
#2156 = VECTOR ( 'NONE', #1005, 1000.000000000000000 ) ;
#2157 = ADVANCED_FACE ( 'NONE', ( #2945 ), #901, .F. ) ;
#2158 = SURFACE_SIDE_STYLE ('',( #1786 ) ) ;
#2159 = VECTOR ( 'NONE', #3615, 1000.000000000000000 ) ;
#2160 = ORIENTED_EDGE ( 'NONE', *, *, #3622, .T. ) ;
#2161 = ADVANCED_FACE ( 'NONE', ( #882 ), #304, .F. ) ;
#2162 = PLANE ( 'NONE',  #1652 ) ;
#2163 = AXIS2_PLACEMENT_3D ( 'NONE', #2303, #1400, #3786 ) ;
#2164 = DIRECTION ( 'NONE',  ( -1.000000000000000000, 0.000000000000000000, 3.491481338843133355E-15 ) ) ;
#2165 = EDGE_LOOP ( 'NONE', ( #3040, #3739, #3765, #1397 ) ) ;
#2166 = VECTOR ( 'NONE', #1708, 1000.000000000000000 ) ;
#2167 = CARTESIAN_POINT ( 'NONE',  ( 4.108749999999989022, -3.903127820947815962E-15, -3.112500000000007816 ) ) ;
#2168 = ORIENTED_EDGE ( 'NONE', *, *, #2014, .T. ) ;
#2169 = LINE ( 'NONE', #2223, #1148 ) ;
#2170 = ORIENTED_EDGE ( 'NONE', *, *, #1749, .T. ) ;
#2171 = LINE ( 'NONE', #728, #899 ) ;
#2172 = LINE ( 'NONE', #158, #2651 ) ;
#2173 = DIRECTION ( 'NONE',  ( 6.578071420904051713E-15, 1.000000000000000000, -1.453114432220983004E-16 ) ) ;
#2174 = ORIENTED_EDGE ( 'NONE', *, *, #3011, .F. ) ;
#2175 = CARTESIAN_POINT ( 'NONE',  ( 3.786250000000016325, 2.614750000000002128, 4.507499999999993179 ) ) ;
#2176 = ORIENTED_EDGE ( 'NONE', *, *, #2086, .F. ) ;
#2177 = CARTESIAN_POINT ( 'NONE',  ( 3.786250000000016325, 2.337250000000002270, 4.507499999999993179 ) ) ;
#2178 = EDGE_CURVE ( 'NONE', #3425, #2986, #619, .T. ) ;
#2179 = DIRECTION ( 'NONE',  ( -0.1294283079955633742, -0.9831056027603600755, 0.1294283079955642624 ) ) ;
#2180 = ORIENTED_EDGE ( 'NONE', *, *, #2009, .T. ) ;
#2181 = CARTESIAN_POINT ( 'NONE',  ( 3.786250000000011440, 2.292250000000002341, 3.112499999999992717 ) ) ;
#2182 = EDGE_CURVE ( 'NONE', #3232, #2051, #2987, .T. ) ;
#2183 = VERTEX_POINT ( 'NONE', #320 ) ;
#2184 = DIRECTION ( 'NONE',  ( 3.707836382467011589E-15, -0.1305261922200519065, 0.9914448613738104932 ) ) ;
#2185 = VERTEX_POINT ( 'NONE', #597 ) ;
#2186 = LINE ( 'NONE', #1029, #1778 ) ;
#2187 = PLANE ( 'NONE',  #3079 ) ;
#2188 = LINE ( 'NONE', #3373, #674 ) ;
#2189 = UNCERTAINTY_MEASURE_WITH_UNIT (LENGTH_MEASURE( 1.000000000000000082E-05 ), #2061, 'distance_accuracy_value', 'NONE');
#2190 = ORIENTED_EDGE ( 'NONE', *, *, #1185, .T. ) ;
#2191 = PLANE ( 'NONE',  #659 ) ;
#2192 = ORIENTED_EDGE ( 'NONE', *, *, #178, .F. ) ;
#2193 = FACE_OUTER_BOUND ( 'NONE', #2095, .T. ) ;
#2194 = CARTESIAN_POINT ( 'NONE',  ( -3.786249999999979909, 2.292250000000010779, 4.507500000000018936 ) ) ;
#2195 = EDGE_LOOP ( 'NONE', ( #1677, #1422, #1111, #1178 ) ) ;
#2196 = EDGE_CURVE ( 'NONE', #361, #1233, #1499, .T. ) ;
#2197 = DIRECTION ( 'NONE',  ( 5.073521923302396075E-31, -1.000000000000000000, 1.453114432220753495E-16 ) ) ;
#2198 = ORIENTED_EDGE ( 'NONE', *, *, #3125, .T. ) ;
#2199 = CARTESIAN_POINT ( 'NONE',  ( 3.831250000000011369, -3.035766082959412415E-15, 3.112499999999993161 ) ) ;
#2200 = ORIENTED_EDGE ( 'NONE', *, *, #2957, .F. ) ;
#2201 = EDGE_CURVE ( 'NONE', #3577, #2342, #1463, .T. ) ;
#2202 = DIRECTION ( 'NONE',  ( -5.551115123125833239E-17, 1.000000000000000000, -1.453114432220751276E-16 ) ) ;
#2203 = ADVANCED_FACE ( 'NONE', ( #3613 ), #1781, .F. ) ;
#2204 = DIRECTION ( 'NONE',  ( -5.073521923302396075E-31, 1.000000000000000000, -1.453114432220753495E-16 ) ) ;
#2205 = FACE_OUTER_BOUND ( 'NONE', #1811, .T. ) ;
#2206 = ADVANCED_BREP_SHAPE_REPRESENTATION ( 'DS1302', ( #1705, #470, #3008, #456, #1736, #1800, #3037, #1744, #1721, #2706 ), #2400 ) ;
#2207 = ADVANCED_FACE ( 'NONE', ( #962 ), #946, .T. ) ;
#2208 = VECTOR ( 'NONE', #2114, 1000.000000000000000 ) ;
#2209 = ORIENTED_EDGE ( 'NONE', *, *, #2182, .T. ) ;
#2210 = DIRECTION ( 'NONE',  ( -1.000000000000000000, 0.000000000000000000, 2.409338161078903914E-15 ) ) ;
#2211 = VERTEX_POINT ( 'NONE', #280 ) ;
#2212 = SURFACE_STYLE_USAGE ( .BOTH. , #1958 ) ;
#2213 = AXIS2_PLACEMENT_3D ( 'NONE', #1903, #2488, #403 ) ;
#2214 = VECTOR ( 'NONE', #2546, 1000.000000000000000 ) ;
#2215 = DIRECTION ( 'NONE',  ( 3.491481338843133355E-15, 1.453114432220753248E-16, 1.000000000000000000 ) ) ;
#2216 = LINE ( 'NONE', #3421, #2214 ) ;
#2217 = VECTOR ( 'NONE', #3625, 1000.000000000000000 ) ;
#2218 = DIRECTION ( 'NONE',  ( 2.952720810173325991E-15, 1.000000000000000000, -1.453114432220856540E-16 ) ) ;
#2219 = ORIENTED_EDGE ( 'NONE', *, *, #1971, .T. ) ;
#2220 = DIRECTION ( 'NONE',  ( 1.000000000000000000, -9.992007221626408864E-16, -3.491481338843133355E-15 ) ) ;
#2221 = VERTEX_POINT ( 'NONE', #1201 ) ;
#2222 = VECTOR ( 'NONE', #497, 1000.000000000000000 ) ;
#2223 = CARTESIAN_POINT ( 'NONE',  ( -3.831249999999986056, -3.872438979315151464, 4.045250000000019774 ) ) ;
#2224 = VECTOR ( 'NONE', #640, 1000.000000000000000 ) ;
#2225 = EDGE_CURVE ( 'NONE', #886, #598, #1543, .T. ) ;
#2226 = LINE ( 'NONE', #3703, #2825 ) ;
#2227 = CARTESIAN_POINT ( 'NONE',  ( -3.831249999999984723, -3.035766082959412415E-15, 4.507500000000018936 ) ) ;
#2228 = AXIS2_PLACEMENT_3D ( 'NONE', #2616, #222, #2016 ) ;
#2229 =( GEOMETRIC_REPRESENTATION_CONTEXT ( 3 ) GLOBAL_UNCERTAINTY_ASSIGNED_CONTEXT ( ( #2189 ) ) GLOBAL_UNIT_ASSIGNED_CONTEXT ( ( #2061, #3245, #2948 ) ) REPRESENTATION_CONTEXT ( 'NONE', 'WORKASPACE' ) );
#2230 = EDGE_CURVE ( 'NONE', #56, #1090, #2654, .T. ) ;
#2231 = VERTEX_POINT ( 'NONE', #2710 ) ;
#2232 = CARTESIAN_POINT ( 'NONE',  ( -3.786249999999997673, 2.292250000000009891, -0.5724999999999816902 ) ) ;
#2233 = ORIENTED_EDGE ( 'NONE', *, *, #3291, .F. ) ;
#2234 = DIRECTION ( 'NONE',  ( -3.491481338843133750E-15, -1.453114432220753002E-16, -1.000000000000000000 ) ) ;
#2235 = DIRECTION ( 'NONE',  ( -6.578071420904053291E-15, 1.000000000000000000, -1.453114432220523493E-16 ) ) ;
#2236 = LINE ( 'NONE', #1117, #1845 ) ;
#2237 = DIRECTION ( 'NONE',  ( 1.000000000000000000, -2.952720810173326386E-15, -3.491481338843133355E-15 ) ) ;
#2238 = ORIENTED_EDGE ( 'NONE', *, *, #1557, .T. ) ;
#2239 = CARTESIAN_POINT ( 'NONE',  ( -3.786249999999992344, 2.614750000000010122, 0.5725000000000185496 ) ) ;
#2240 = ORIENTED_EDGE ( 'NONE', *, *, #2196, .F. ) ;
#2241 = LINE ( 'NONE', #3217, #1395 ) ;
#2242 = PLANE ( 'NONE',  #3091 ) ;
#2243 = CARTESIAN_POINT ( 'NONE',  ( -3.786250000000010996, 2.337250000000009376, -4.507499999999980744 ) ) ;
#2244 = ADVANCED_FACE ( 'NONE', ( #2403 ), #7, .F. ) ;
#2245 = ORIENTED_EDGE ( 'NONE', *, *, #2088, .F. ) ;
#2246 = DIRECTION ( 'NONE',  ( 3.491481338843133355E-15, 1.453114432220753495E-16, 1.000000000000000000 ) ) ;
#2247 = ORIENTED_EDGE ( 'NONE', *, *, #824, .T. ) ;
#2248 = CARTESIAN_POINT ( 'NONE',  ( -3.831249999999987832, -3.872438979315151464, 3.574750000000020744 ) ) ;
#2249 = EDGE_CURVE ( 'NONE', #764, #42, #927, .T. ) ;
#2250 = CARTESIAN_POINT ( 'NONE',  ( -3.492499999999973070, 2.614750000000000796, 4.687500000000028422 ) ) ;
#2251 = LINE ( 'NONE', #760, #359 ) ;
#2252 = DIRECTION ( 'NONE',  ( -1.000000000000000000, 0.000000000000000000, 3.361867201505441295E-15 ) ) ;
#2253 = ORIENTED_EDGE ( 'NONE', *, *, #2386, .F. ) ;
#2254 = PLANE ( 'NONE',  #2473 ) ;
#2255 = ORIENTED_EDGE ( 'NONE', *, *, #2295, .T. ) ;
#2256 = DIRECTION ( 'NONE',  ( 3.491481338843133355E-15, 1.453114432220753248E-16, 1.000000000000000000 ) ) ;
#2257 = CARTESIAN_POINT ( 'NONE',  ( 0.000000000000000000, 0.3800000000000014477, 0.000000000000000000 ) ) ;
#2258 = CARTESIAN_POINT ( 'NONE',  ( 3.786250000000016325, 2.614750000000002128, 4.507499999999993179 ) ) ;
#2259 = ORIENTED_EDGE ( 'NONE', *, *, #3182, .F. ) ;
#2260 = ORIENTED_EDGE ( 'NONE', *, *, #2891, .T. ) ;
#2261 = AXIS2_PLACEMENT_3D ( 'NONE', #949, #930, #52 ) ;
#2262 = DIRECTION ( 'NONE',  ( 0.000000000000000000, 1.000000000000000000, 0.000000000000000000 ) ) ;
#2263 = DIRECTION ( 'NONE',  ( 0.000000000000000000, 1.000000000000000000, 0.000000000000000000 ) ) ;
#2264 = LINE ( 'NONE', #3749, #1035 ) ;
#2265 = VECTOR ( 'NONE', #795, 1000.000000000000000 ) ;
#2266 = LINE ( 'NONE', #1408, #1261 ) ;
#2267 = VECTOR ( 'NONE', #3375, 1000.000000000000000 ) ;
#2268 = SURFACE_STYLE_FILL_AREA ( #190 ) ;
#2269 = EDGE_CURVE ( 'NONE', #3180, #877, #1344, .T. ) ;
#2270 = DIRECTION ( 'NONE',  ( -3.491481338843133355E-15, -0.000000000000000000, -1.000000000000000000 ) ) ;
#2271 = AXIS2_PLACEMENT_3D ( 'NONE', #890, #255, #1161 ) ;
#2272 = CARTESIAN_POINT ( 'NONE',  ( 4.108749999999997016, 2.333823006393089372, -1.034750000000008052 ) ) ;
#2273 = ORIENTED_EDGE ( 'NONE', *, *, #2771, .F. ) ;
#2274 = ADVANCED_FACE ( 'NONE', ( #736 ), #1055, .T. ) ;
#2275 = VECTOR ( 'NONE', #1951, 1000.000000000000000 ) ;
#2276 = CARTESIAN_POINT ( 'NONE',  ( -4.108749999999996128, 2.292250000000012111, -0.5724999999999796918 ) ) ;
#2277 = ORIENTED_EDGE ( 'NONE', *, *, #3437, .T. ) ;
#2278 = DIRECTION ( 'NONE',  ( -3.491481338843133355E-15, -1.453114432220753495E-16, -1.000000000000000000 ) ) ;
#2279 = AXIS2_PLACEMENT_3D ( 'NONE', #2605, #3170, #2856 ) ;
#2280 = DIRECTION ( 'NONE',  ( -1.000000000000000000, 0.000000000000000000, 3.491481338843133355E-15 ) ) ;
#2281 = VECTOR ( 'NONE', #868, 1000.000000000000000 ) ;
#2282 = CARTESIAN_POINT ( 'NONE',  ( -3.831250000000016254, 2.292250000000011223, -4.507499999999980744 ) ) ;
#2283 = VERTEX_POINT ( 'NONE', #397 ) ;
#2284 = VECTOR ( 'NONE', #2361, 1000.000000000000114 ) ;
#2285 = ORIENTED_EDGE ( 'NONE', *, *, #2060, .T. ) ;
#2286 = CARTESIAN_POINT ( 'NONE',  ( -3.781250000000005773, 2.333823006393090260, -1.505249999999980215 ) ) ;
#2287 = CARTESIAN_POINT ( 'NONE',  ( -4.108750000000007674, -3.903127820947815962E-15, -1.967499999999979154 ) ) ;
#2288 = CARTESIAN_POINT ( 'NONE',  ( -3.492499999999983284, 2.337250000000009820, 4.507500000000018048 ) ) ;
#2289 = VECTOR ( 'NONE', #3173, 1000.000000000000000 ) ;
#2290 =( GEOMETRIC_REPRESENTATION_CONTEXT ( 3 ) GLOBAL_UNCERTAINTY_ASSIGNED_CONTEXT ( ( #360 ) ) GLOBAL_UNIT_ASSIGNED_CONTEXT ( ( #1118, #1987, #3171 ) ) REPRESENTATION_CONTEXT ( 'NONE', 'WORKASPACE' ) );
#2291 = CARTESIAN_POINT ( 'NONE',  ( 4.108749999999984581, -3.903127820947815962E-15, -4.507500000000009166 ) ) ;
#2292 = DIRECTION ( 'NONE',  ( -1.000000000000000000, -0.000000000000000000, 3.491481338843133355E-15 ) ) ;
#2293 = AXIS2_PLACEMENT_3D ( 'NONE', #2586, #367, #307 ) ;
#2294 = DIRECTION ( 'NONE',  ( 2.775557561562840507E-17, 1.000000000000000000, -1.453114432220754235E-16 ) ) ;
#2295 = EDGE_CURVE ( 'NONE', #588, #1819, #1037, .T. ) ;
#2296 = SURFACE_STYLE_USAGE ( .BOTH. , #1731 ) ;
#2297 = PLANE ( 'NONE',  #3469 ) ;
#2298 = ORIENTED_EDGE ( 'NONE', *, *, #774, .F. ) ;
#2299 = DIRECTION ( 'NONE',  ( 0.9838760585644680257, 0.1788516183422652062, -3.461174084996292204E-15 ) ) ;
#2300 = ADVANCED_FACE ( 'NONE', ( #2750 ), #109, .T. ) ;
#2301 = EDGE_LOOP ( 'NONE', ( #3134, #495, #572, #624 ) ) ;
#2302 = DIRECTION ( 'NONE',  ( -3.491481338843133355E-15, -1.453114432220752016E-16, -1.000000000000000000 ) ) ;
#2303 = CARTESIAN_POINT ( 'NONE',  ( 3.786250000000016325, 2.292250000000002341, 4.507499999999993179 ) ) ;
#2304 = ADVANCED_FACE ( 'NONE', ( #3415 ), #162, .T. ) ;
#2305 = ORIENTED_EDGE ( 'NONE', *, *, #152, .F. ) ;
#2306 = ORIENTED_EDGE ( 'NONE', *, *, #2585, .F. ) ;
#2307 = DIRECTION ( 'NONE',  ( 1.000000000000000000, 0.000000000000000000, -3.491481338843133355E-15 ) ) ;
#2308 = CARTESIAN_POINT ( 'NONE',  ( 3.492500000000006377, 2.337250000000000938, 0.5724999999999931255 ) ) ;
#2309 = DIRECTION ( 'NONE',  ( -9.992007221626414780E-16, 1.000000000000000000, -1.453114432220718243E-16 ) ) ;
#2310 = LINE ( 'NONE', #2019, #2077 ) ;
#2311 = CARTESIAN_POINT ( 'NONE',  ( -3.492499999999973070, 2.614750000000000796, 4.687500000000028422 ) ) ;
#2312 = FILL_AREA_STYLE_COLOUR ( '', #2971 ) ;
#2313 = CARTESIAN_POINT ( 'NONE',  ( -3.786249999999979909, 2.292250000000010779, 4.507500000000018936 ) ) ;
#2314 = EDGE_LOOP ( 'NONE', ( #254, #110, #3264, #2820 ) ) ;
#2315 = EDGE_CURVE ( 'NONE', #410, #626, #473, .T. ) ;
#2316 = LINE ( 'NONE', #1375, #3771 ) ;
#2317 = FACE_OUTER_BOUND ( 'NONE', #2319, .T. ) ;
#2318 = CARTESIAN_POINT ( 'NONE',  ( -3.234823149097042272, 0.3800000000000019473, 4.429823149097096291 ) ) ;
#2319 = EDGE_LOOP ( 'NONE', ( #2396, #790, #3042, #1692 ) ) ;
#2320 = EDGE_CURVE ( 'NONE', #3443, #1291, #124, .T. ) ;
#2321 = ORIENTED_EDGE ( 'NONE', *, *, #2367, .F. ) ;
#2322 = DIRECTION ( 'NONE',  ( -3.491481338843133355E-15, -0.000000000000000000, -1.000000000000000000 ) ) ;
#2323 = ORIENTED_EDGE ( 'NONE', *, *, #3705, .F. ) ;
#2324 = CARTESIAN_POINT ( 'NONE',  ( 4.108750000000013003, 2.333823006393090260, 3.574749999999991878 ) ) ;
#2325 = EDGE_CURVE ( 'NONE', #3729, #252, #440, .T. ) ;
#2326 = DIRECTION ( 'NONE',  ( 3.125627884642896330E-15, 1.000000000000000000, -1.091307143139841027E-29 ) ) ;
#2327 = CARTESIAN_POINT ( 'NONE',  ( -3.492500000000001048, 2.337250000000009820, -0.5724999999999826894 ) ) ;
#2328 = VECTOR ( 'NONE', #3435, 1000.000000000000000 ) ;
#2329 = DIRECTION ( 'NONE',  ( 1.000000000000000000, -6.578071420904052502E-15, -3.491481338843132566E-15 ) ) ;
#2330 = SURFACE_SIDE_STYLE ('',( #3538 ) ) ;
#2331 = CARTESIAN_POINT ( 'NONE',  ( -4.108853077640639562, 2.614750000000001684, 3.112500000000020250 ) ) ;
#2332 = ORIENTED_EDGE ( 'NONE', *, *, #1927, .T. ) ;
#2333 = COLOUR_RGB ( '',0.7921568627450980005, 0.8196078431372548767, 0.9333333333333333481 ) ;
#2334 = DIRECTION ( 'NONE',  ( 2.775557561562840507E-17, 1.000000000000000000, -1.453114432220754235E-16 ) ) ;
#2335 = AXIS2_PLACEMENT_3D ( 'NONE', #1470, #932, #1754 ) ;
#2336 = CARTESIAN_POINT ( 'NONE',  ( 3.786249999999984794, 2.292250000000001009, -4.507500000000007390 ) ) ;
#2337 = LINE ( 'NONE', #3179, #2841 ) ;
#2338 = VERTEX_POINT ( 'NONE', #1939 ) ;
#2339 = AXIS2_PLACEMENT_3D ( 'NONE', #1353, #1061, #2252 ) ;
#2340 = ADVANCED_FACE ( 'NONE', ( #984 ), #2191, .T. ) ;
#2341 = AXIS2_PLACEMENT_3D ( 'NONE', #1248, #88, #3630 ) ;
#2342 = VERTEX_POINT ( 'NONE', #2484 ) ;
#2343 = CARTESIAN_POINT ( 'NONE',  ( 3.786250000000016325, 2.292250000000002341, 4.507499999999993179 ) ) ;
#2344 = ORIENTED_EDGE ( 'NONE', *, *, #3826, .F. ) ;
#2345 = DIRECTION ( 'NONE',  ( -0.9838760585644680257, 0.1788516183422652062, 3.409195711428455762E-15 ) ) ;
#2346 = VECTOR ( 'NONE', #880, 1000.000000000000000 ) ;
#2347 = EDGE_CURVE ( 'NONE', #137, #1553, #3430, .T. ) ;
#2348 = DIRECTION ( 'NONE',  ( 1.665334536937729387E-16, 1.000000000000000000, -1.453114432220758918E-16 ) ) ;
#2349 = ORIENTED_EDGE ( 'NONE', *, *, #1009, .T. ) ;
#2350 = AXIS2_PLACEMENT_3D ( 'NONE', #3616, #3672, #3070 ) ;
#2351 = CARTESIAN_POINT ( 'NONE',  ( -3.786250000000002114, 2.337250000000009820, -1.967499999999982263 ) ) ;
#2352 = CLOSED_SHELL ( 'NONE', ( #3499, #3364, #512, #3368, #1257, #1818, #1991, #3181, #2304, #1684, #462, #2018, #545, #2985 ) ) ;
#2353 = VECTOR ( 'NONE', #762, 1000.000000000000000 ) ;
#2354 = CARTESIAN_POINT ( 'NONE',  ( 3.786249999999998561, 2.337250000000001382, -0.5725000000000081135 ) ) ;
#2355 = EDGE_LOOP ( 'NONE', ( #3589, #1432, #3013, #472 ) ) ;
#2356 = LINE ( 'NONE', #271, #3329 ) ;
#2357 = DIRECTION ( 'NONE',  ( 1.000000000000000000, -9.992007221626408864E-16, -3.491481338843133355E-15 ) ) ;
#2358 = EDGE_LOOP ( 'NONE', ( #641, #2688, #1417, #439 ) ) ;
#2359 = VERTEX_POINT ( 'NONE', #1864 ) ;
#2360 = LINE ( 'NONE', #879, #1197 ) ;
#2361 = DIRECTION ( 'NONE',  ( 0.1294283079955642624, 0.9831056027603600755, 0.1294283079955633742 ) ) ;
#2362 = EDGE_CURVE ( 'NONE', #908, #1865, #3395, .T. ) ;
#2363 = ORIENTED_EDGE ( 'NONE', *, *, #3552, .F. ) ;
#2364 = ORIENTED_EDGE ( 'NONE', *, *, #1458, .T. ) ;
#2365 = LINE ( 'NONE', #542, #794 ) ;
#2366 = EDGE_CURVE ( 'NONE', #1629, #2338, #1622, .T. ) ;
#2367 = EDGE_CURVE ( 'NONE', #50, #1142, #3049, .T. ) ;
#2368 = CARTESIAN_POINT ( 'NONE',  ( 3.786250000000016325, 2.292250000000002341, 4.507499999999993179 ) ) ;
#2369 = DIRECTION ( 'NONE',  ( 1.000000000000000000, 9.992007221626408864E-16, -3.491481338843133355E-15 ) ) ;
#2370 = EDGE_LOOP ( 'NONE', ( #1302, #1795, #329, #3414 ) ) ;
#2371 = EDGE_CURVE ( 'NONE', #1882, #2876, #1264, .T. ) ;
#2372 = CARTESIAN_POINT ( 'NONE',  ( 3.781250000000013323, 2.333823006393091148, 3.574749999999993211 ) ) ;
#2373 = CARTESIAN_POINT ( 'NONE',  ( -4.108749999999988134, -3.872438979315153240, 3.574750000000021632 ) ) ;
#2374 = CARTESIAN_POINT ( 'NONE',  ( -3.781250000000011546, 2.333823006393089816, -3.112499999999981171 ) ) ;
#2375 = ORIENTED_EDGE ( 'NONE', *, *, #2362, .F. ) ;
#2376 = VERTEX_POINT ( 'NONE', #383 ) ;
#2377 = CARTESIAN_POINT ( 'NONE',  ( 3.786249999999998561, 2.614750000000002128, -0.5725000000000076694 ) ) ;
#2378 = CARTESIAN_POINT ( 'NONE',  ( 3.831250000000002487, -3.035766082959412415E-15, 0.5724999999999927924 ) ) ;
#2379 = VERTEX_POINT ( 'NONE', #713 ) ;
#2380 = DIRECTION ( 'NONE',  ( -1.000000000000000000, -9.992007221626408864E-16, 3.491481338843133355E-15 ) ) ;
#2381 = LINE ( 'NONE', #1545, #3582 ) ;
#2382 = ADVANCED_FACE ( 'NONE', ( #697 ), #3108, .F. ) ;
#2383 = CARTESIAN_POINT ( 'NONE',  ( -4.108750000000004121, -3.903127820947815962E-15, -1.034749999999978964 ) ) ;
#2384 = VECTOR ( 'NONE', #2215, 1000.000000000000000 ) ;
#2385 = ORIENTED_EDGE ( 'NONE', *, *, #36, .F. ) ;
#2386 = EDGE_CURVE ( 'NONE', #3357, #134, #2520, .T. ) ;
#2387 = CARTESIAN_POINT ( 'NONE',  ( -3.492500000000000160, 2.614750000000002128, -0.5724999999999823563 ) ) ;
#2388 = VECTOR ( 'NONE', #614, 1000.000000000000000 ) ;
#2389 = DIRECTION ( 'NONE',  ( -3.491481338843133355E-15, -1.453114432220753495E-16, -1.000000000000000000 ) ) ;
#2390 = ORIENTED_EDGE ( 'NONE', *, *, #1678, .T. ) ;
#2391 = CARTESIAN_POINT ( 'NONE',  ( 4.108750000000013003, -3.903127820947815962E-15, 3.574749999999992767 ) ) ;
#2392 = AXIS2_PLACEMENT_3D ( 'NONE', #555, #838, #2535 ) ;
#2393 = CARTESIAN_POINT ( 'NONE',  ( 3.781249999999995559, 2.333823006393090260, -1.505250000000006638 ) ) ;
#2394 = EDGE_LOOP ( 'NONE', ( #220, #1570, #1606, #3695 ) ) ;
#2395 = VECTOR ( 'NONE', #1711, 1000.000000000000000 ) ;
#2396 = ORIENTED_EDGE ( 'NONE', *, *, #1890, .F. ) ;
#2397 = DIRECTION ( 'NONE',  ( -3.491481338843133355E-15, -0.000000000000000000, -1.000000000000000000 ) ) ;
#2398 = LINE ( 'NONE', #2984, #2965 ) ;
#2399 = FACE_OUTER_BOUND ( 'NONE', #1564, .T. ) ;
#2400 =( GEOMETRIC_REPRESENTATION_CONTEXT ( 3 ) GLOBAL_UNCERTAINTY_ASSIGNED_CONTEXT ( ( #2540 ) ) GLOBAL_UNIT_ASSIGNED_CONTEXT ( ( #853, #1748, #925 ) ) REPRESENTATION_CONTEXT ( 'NONE', 'WORKASPACE' ) );
#2401 = VECTOR ( 'NONE', #3377, 1000.000000000000000 ) ;
#2402 = ORIENTED_EDGE ( 'NONE', *, *, #3505, .T. ) ;
#2403 = FACE_OUTER_BOUND ( 'NONE', #3801, .T. ) ;
#2404 = ORIENTED_EDGE ( 'NONE', *, *, #1625, .T. ) ;
#2405 = DIRECTION ( 'NONE',  ( 2.775557561562941887E-17, -1.000000000000000000, 1.453114432220752262E-16 ) ) ;
#2406 = VECTOR ( 'NONE', #650, 1000.000000000000000 ) ;
#2407 = VECTOR ( 'NONE', #3235, 1000.000000000000000 ) ;
#2408 = DIRECTION ( 'NONE',  ( 5.551115123125833239E-17, -1.000000000000000000, 1.453114432220751276E-16 ) ) ;
#2409 = VERTEX_POINT ( 'NONE', #1382 ) ;
#2410 = CLOSED_SHELL ( 'NONE', ( #611, #3655, #30, #1475, #3010, #1292, #1796, #2842, #366, #2720, #2511, #2300, #940, #2862 ) ) ;
#2411 = ADVANCED_FACE ( 'NONE', ( #3223 ), #810, .T. ) ;
#2412 = CARTESIAN_POINT ( 'NONE',  ( -3.831249999999987832, -3.872438979315151464, 3.574750000000020744 ) ) ;
#2413 = ORIENTED_EDGE ( 'NONE', *, *, #3819, .T. ) ;
#2414 = PLANE ( 'NONE',  #2764 ) ;
#2415 = DIRECTION ( 'NONE',  ( -3.491481338843133355E-15, -1.453114432220753495E-16, -1.000000000000000000 ) ) ;
#2416 = ORIENTED_EDGE ( 'NONE', *, *, #303, .F. ) ;
#2417 = EDGE_CURVE ( 'NONE', #2426, #784, #2579, .T. ) ;
#2418 = ORIENTED_EDGE ( 'NONE', *, *, #1531, .F. ) ;
#2419 = PLANE ( 'NONE',  #2023 ) ;
#2420 = DIRECTION ( 'NONE',  ( 1.000000000000000000, -9.992007221626408864E-16, -3.491481338843133355E-15 ) ) ;
#2421 = CARTESIAN_POINT ( 'NONE',  ( -3.492499999999973070, 2.337250000000000938, 4.687500000000028422 ) ) ;
#2422 = VERTEX_POINT ( 'NONE', #1424 ) ;
#2423 = ORIENTED_EDGE ( 'NONE', *, *, #1411, .F. ) ;
#2424 = FACE_OUTER_BOUND ( 'NONE', #1514, .T. ) ;
#2425 = DIRECTION ( 'NONE',  ( 3.491481338843133355E-15, 1.453114432220753248E-16, 1.000000000000000000 ) ) ;
#2426 = VERTEX_POINT ( 'NONE', #1681 ) ;
#2427 = LINE ( 'NONE', #2412, #2462 ) ;
#2428 = DIRECTION ( 'NONE',  ( -0.000000000000000000, -1.000000000000000000, -0.000000000000000000 ) ) ;
#2429 = VERTEX_POINT ( 'NONE', #1697 ) ;
#2430 = EDGE_CURVE ( 'NONE', #3732, #1553, #3807, .T. ) ;
#2431 = CARTESIAN_POINT ( 'NONE',  ( -4.108749999999995239, -3.872438979315153240, 1.505250000000021515 ) ) ;
#2432 = ORIENTED_EDGE ( 'NONE', *, *, #2693, .F. ) ;
#2433 = ADVANCED_FACE ( 'NONE', ( #1660 ), #2000, .T. ) ;
#2434 = PLANE ( 'NONE',  #282 ) ;
#2435 = FACE_OUTER_BOUND ( 'NONE', #2897, .T. ) ;
#2436 = LINE ( 'NONE', #3046, #1983 ) ;
#2437 = EDGE_CURVE ( 'NONE', #1090, #3005, #202, .T. ) ;
#2438 = LINE ( 'NONE', #1133, #1030 ) ;
#2439 = ORIENTED_EDGE ( 'NONE', *, *, #3466, .F. ) ;
#2440 = EDGE_CURVE ( 'NONE', #407, #1435, #221, .T. ) ;
#2441 = CARTESIAN_POINT ( 'NONE',  ( 3.781250000000016431, 2.333823006393091148, 4.507499999999993179 ) ) ;
#2442 = ORIENTED_EDGE ( 'NONE', *, *, #3699, .F. ) ;
#2443 = CYLINDRICAL_SURFACE ( 'NONE', #2341, 0.3224999999999998979 ) ;
#2444 = CARTESIAN_POINT ( 'NONE',  ( -3.831249999999997158, -3.035766082959412415E-15, 1.034750000000020487 ) ) ;
#2445 = EDGE_LOOP ( 'NONE', ( #1050, #2952, #3846, #3346 ) ) ;
#2446 = CARTESIAN_POINT ( 'NONE',  ( -3.492500000000001048, 2.337250000000008487, -0.5724999999999826894 ) ) ;
#2447 = CARTESIAN_POINT ( 'NONE',  ( 4.108749999999995239, -3.872438979315154572, -1.505250000000006860 ) ) ;
#2448 = VERTEX_POINT ( 'NONE', #1718 ) ;
#2449 = CARTESIAN_POINT ( 'NONE',  ( -3.831250000000013145, -3.903127820947815962E-15, -3.112499999999979394 ) ) ;
#2450 = ORIENTED_EDGE ( 'NONE', *, *, #993, .T. ) ;
#2451 = VECTOR ( 'NONE', #227, 1000.000000000000000 ) ;
#2452 = DIRECTION ( 'NONE',  ( 3.491481338843133355E-15, 1.453114432220753248E-16, 1.000000000000000000 ) ) ;
#2453 = VECTOR ( 'NONE', #941, 1000.000000000000000 ) ;
#2454 = DIRECTION ( 'NONE',  ( -3.491481338843133355E-15, 0.000000000000000000, -1.000000000000000000 ) ) ;
#2455 = DIRECTION ( 'NONE',  ( 3.491481338843133355E-15, 1.453114432220753495E-16, 1.000000000000000000 ) ) ;
#2456 = AXIS2_PLACEMENT_3D ( 'NONE', #2257, #530, #2280 ) ;
#2457 = CARTESIAN_POINT ( 'NONE',  ( 3.831250000000014921, -3.872438979315151464, 4.045249999999994017 ) ) ;
#2458 = EDGE_CURVE ( 'NONE', #2221, #2025, #826, .T. ) ;
#2459 = ORIENTED_EDGE ( 'NONE', *, *, #935, .T. ) ;
#2460 = CARTESIAN_POINT ( 'NONE',  ( -3.786249999999992344, 2.614750000000010122, 0.5725000000000185496 ) ) ;
#2461 = ORIENTED_EDGE ( 'NONE', *, *, #1497, .T. ) ;
#2462 = VECTOR ( 'NONE', #1532, 1000.000000000000000 ) ;
#2463 = DIRECTION ( 'NONE',  ( -3.491481338843133750E-15, -1.453114432220753002E-16, -1.000000000000000000 ) ) ;
#2464 = EDGE_CURVE ( 'NONE', #570, #3246, #518, .T. ) ;
#2465 = PRODUCT_DEFINITION_FORMATION_WITH_SPECIFIED_SOURCE ( 'ANY', '', #956, .NOT_KNOWN. ) ;
#2466 = CARTESIAN_POINT ( 'NONE',  ( 4.108750000000004121, -3.903127820947815962E-15, 1.034749999999992731 ) ) ;
#2467 = AXIS2_PLACEMENT_3D ( 'NONE', #1765, #2946, #3208 ) ;
#2468 = ORIENTED_EDGE ( 'NONE', *, *, #291, .F. ) ;
#2469 = DIRECTION ( 'NONE',  ( -0.1294283079955635130, -0.9831056027603600755, 0.1294283079955644011 ) ) ;
#2470 = VECTOR ( 'NONE', #3607, 1000.000000000000000 ) ;
#2471 = CARTESIAN_POINT ( 'NONE',  ( -3.831249999999988276, 2.292250000000001009, 1.967500000000019567 ) ) ;
#2472 = ORIENTED_EDGE ( 'NONE', *, *, #200, .F. ) ;
#2473 = AXIS2_PLACEMENT_3D ( 'NONE', #3212, #3440, #3463 ) ;
#2474 = DIRECTION ( 'NONE',  ( -1.000000000000000000, 2.952720810173325991E-15, 3.491481338843133355E-15 ) ) ;
#2475 = VERTEX_POINT ( 'NONE', #1404 ) ;
#2476 = LINE ( 'NONE', #1597, #2640 ) ;
#2477 =( GEOMETRIC_REPRESENTATION_CONTEXT ( 3 ) GLOBAL_UNCERTAINTY_ASSIGNED_CONTEXT ( ( #2805 ) ) GLOBAL_UNIT_ASSIGNED_CONTEXT ( ( #3131, #2780, #1354 ) ) REPRESENTATION_CONTEXT ( 'NONE', 'WORKASPACE' ) );
#2478 = ORIENTED_EDGE ( 'NONE', *, *, #152, .T. ) ;
#2479 = DIRECTION ( 'NONE',  ( -5.551115123125732166E-17, -1.000000000000000000, 1.453114432220755221E-16 ) ) ;
#2480 = DIRECTION ( 'NONE',  ( 9.992007221626402947E-16, 1.000000000000000000, -1.453114432220788254E-16 ) ) ;
#2481 = LINE ( 'NONE', #159, #175 ) ;
#2482 = SHAPE_DEFINITION_REPRESENTATION ( #371, #2206 ) ;
#2483 = ORIENTED_EDGE ( 'NONE', *, *, #2890, .F. ) ;
#2484 = CARTESIAN_POINT ( 'NONE',  ( -4.108750000000011227, 2.292250000000010335, -4.507499999999978968 ) ) ;
#2485 = VERTEX_POINT ( 'NONE', #2576 ) ;
#2486 = EDGE_CURVE ( 'NONE', #1443, #2051, #1706, .T. ) ;
#2487 = DIRECTION ( 'NONE',  ( 1.000000000000000000, -2.952720810173326386E-15, -3.491481338843133355E-15 ) ) ;
#2488 = DIRECTION ( 'NONE',  ( 3.491481338843133355E-15, 0.000000000000000000, 1.000000000000000000 ) ) ;
#2489 = EDGE_CURVE ( 'NONE', #1160, #2032, #2907, .T. ) ;
#2490 = ORIENTED_EDGE ( 'NONE', *, *, #3231, .T. ) ;
#2491 = CARTESIAN_POINT ( 'NONE',  ( -4.108749999999979252, 2.292250000000011667, 4.507500000000020712 ) ) ;
#2492 = EDGE_CURVE ( 'NONE', #3237, #2409, #3790, .T. ) ;
#2493 = SURFACE_STYLE_USAGE ( .BOTH. , #1024 ) ;
#2494 = ADVANCED_FACE ( 'NONE', ( #3747 ), #845, .T. ) ;
#2495 = CARTESIAN_POINT ( 'NONE',  ( 4.108750000000004121, -3.903127820947815962E-15, 1.034749999999992731 ) ) ;
#2496 = VERTEX_POINT ( 'NONE', #1439 ) ;
#2497 = CARTESIAN_POINT ( 'NONE',  ( 3.492500000000019700, 2.614750000000000796, 4.687500000000002665 ) ) ;
#2498 = CARTESIAN_POINT ( 'NONE',  ( -3.831250000000009148, -3.903127820947815962E-15, -1.967499999999980043 ) ) ;
#2499 = DIRECTION ( 'NONE',  ( -2.952720810173325991E-15, -1.000000000000000000, 1.453114432220856540E-16 ) ) ;
#2500 = DIRECTION ( 'NONE',  ( 3.491481338843133355E-15, 0.000000000000000000, 1.000000000000000000 ) ) ;
#2501 = EDGE_LOOP ( 'NONE', ( #3155, #1888, #2442, #353 ) ) ;
#2502 = DIRECTION ( 'NONE',  ( -3.491481338843133355E-15, 0.000000000000000000, -1.000000000000000000 ) ) ;
#2503 = ORIENTED_EDGE ( 'NONE', *, *, #234, .T. ) ;
#2504 =( NAMED_UNIT ( * ) SI_UNIT ( $, .STERADIAN. ) SOLID_ANGLE_UNIT ( ) );
#2505 = LINE ( 'NONE', #1020, #3012 ) ;
#2506 = ORIENTED_EDGE ( 'NONE', *, *, #3272, .T. ) ;
#2507 = LINE ( 'NONE', #132, #789 ) ;
#2508 = EDGE_CURVE ( 'NONE', #2485, #2107, #1956, .T. ) ;
#2509 = LINE ( 'NONE', #1966, #2657 ) ;
#2510 = VERTEX_POINT ( 'NONE', #2037 ) ;
#2511 = ADVANCED_FACE ( 'NONE', ( #1741 ), #3823, .T. ) ;
#2512 = ORIENTED_EDGE ( 'NONE', *, *, #757, .T. ) ;
#2513 = CARTESIAN_POINT ( 'NONE',  ( 4.108750000000004121, -3.872438979315153240, 1.034749999999993397 ) ) ;
#2514 = CARTESIAN_POINT ( 'NONE',  ( -3.831249999999987832, 2.333823006393090704, 3.574750000000019856 ) ) ;
#2515 = VECTOR ( 'NONE', #656, 1000.000000000000000 ) ;
#2516 = CARTESIAN_POINT ( 'NONE',  ( 3.831249999999995381, -3.903127820947815962E-15, -1.967500000000006910 ) ) ;
#2517 = DIRECTION ( 'NONE',  ( 1.000000000000000000, 0.000000000000000000, 0.000000000000000000 ) ) ;
#2518 = AXIS2_PLACEMENT_3D ( 'NONE', #559, #2925, #259 ) ;
#2519 = VERTEX_POINT ( 'NONE', #3451 ) ;
#2520 = LINE ( 'NONE', #3708, #839 ) ;
#2521 = ORIENTED_EDGE ( 'NONE', *, *, #1497, .F. ) ;
#2522 = DIRECTION ( 'NONE',  ( -3.491481338843133355E-15, -1.453114432220753495E-16, -1.000000000000000000 ) ) ;
#2523 =( GEOMETRIC_REPRESENTATION_CONTEXT ( 3 ) GLOBAL_UNCERTAINTY_ASSIGNED_CONTEXT ( ( #595 ) ) GLOBAL_UNIT_ASSIGNED_CONTEXT ( ( #875, #627, #1756 ) ) REPRESENTATION_CONTEXT ( 'NONE', 'WORKASPACE' ) );
#2524 = AXIS2_PLACEMENT_3D ( 'NONE', #1790, #1507, #2063 ) ;
#2525 = DIRECTION ( 'NONE',  ( -5.073521923302395199E-31, 1.000000000000000000, -1.453114432220753248E-16 ) ) ;
#2526 = LINE ( 'NONE', #1351, #903 ) ;
#2527 = DIRECTION ( 'NONE',  ( 1.000000000000000000, 9.992007221626408864E-16, -3.491481338843133355E-15 ) ) ;
#2528 = EDGE_LOOP ( 'NONE', ( #889, #492, #2238, #108, #1852, #235, #3058, #161 ) ) ;
#2529 = DIRECTION ( 'NONE',  ( -1.000000000000000000, 0.000000000000000000, 3.491481338843133355E-15 ) ) ;
#2530 = ORIENTED_EDGE ( 'NONE', *, *, #3468, .F. ) ;
#2531 = EDGE_CURVE ( 'NONE', #252, #3309, #791, .T. ) ;
#2532 = VECTOR ( 'NONE', #3045, 1000.000000000000000 ) ;
#2533 = LINE ( 'NONE', #3409, #100 ) ;
#2534 = VECTOR ( 'NONE', #3563, 1000.000000000000000 ) ;
#2535 = DIRECTION ( 'NONE',  ( 0.000000000000000000, 1.000000000000000000, 0.000000000000000000 ) ) ;
#2536 = LINE ( 'NONE', #695, #2222 ) ;
#2537 = EDGE_CURVE ( 'NONE', #2995, #3237, #896, .T. ) ;
#2538 = VECTOR ( 'NONE', #3808, 1000.000000000000000 ) ;
#2539 = STYLED_ITEM ( 'NONE', ( #3834 ), #1736 ) ;
#2540 = UNCERTAINTY_MEASURE_WITH_UNIT (LENGTH_MEASURE( 1.000000000000000082E-05 ), #853, 'distance_accuracy_value', 'NONE');
#2541 = EDGE_LOOP ( 'NONE', ( #3303, #3199, #243, #2816, #1955, #2432, #1286, #2 ) ) ;
#2542 = DIRECTION ( 'NONE',  ( -3.125627884642896330E-15, -1.000000000000000000, 1.091307143139841027E-29 ) ) ;
#2543 = ORIENTED_EDGE ( 'NONE', *, *, #1447, .T. ) ;
#2544 = DIRECTION ( 'NONE',  ( 5.073521923302396075E-31, -1.000000000000000000, 1.453114432220753495E-16 ) ) ;
#2545 = LINE ( 'NONE', #2466, #2384 ) ;
#2546 = DIRECTION ( 'NONE',  ( 3.491481338843133355E-15, 1.453114432220753495E-16, 1.000000000000000000 ) ) ;
#2547 = FACE_OUTER_BOUND ( 'NONE', #1164, .T. ) ;
#2548 = CARTESIAN_POINT ( 'NONE',  ( -3.786249999999979909, 2.292250000000010779, 4.507500000000018936 ) ) ;
#2549 = EDGE_LOOP ( 'NONE', ( #2503, #2738, #3236, #1613 ) ) ;
#2550 = LINE ( 'NONE', #780, #3525 ) ;
#2551 = VERTEX_POINT ( 'NONE', #1776 ) ;
#2552 = LINE ( 'NONE', #3740, #224 ) ;
#2553 = FACE_OUTER_BOUND ( 'NONE', #2570, .T. ) ;
#2554 = PLANE ( 'NONE',  #1342 ) ;
#2555 = ORIENTED_EDGE ( 'NONE', *, *, #2602, .T. ) ;
#2556 = EDGE_CURVE ( 'NONE', #2496, #844, #3546, .T. ) ;
#2557 = EDGE_LOOP ( 'NONE', ( #2461, #1874, #1868, #3450, #983, #2711, #2170, #3519 ) ) ;
#2558 = DIRECTION ( 'NONE',  ( 3.491481338843133355E-15, 1.453114432220753495E-16, 1.000000000000000000 ) ) ;
#2559 = DIRECTION ( 'NONE',  ( 0.000000000000000000, 1.000000000000000000, 0.000000000000000000 ) ) ;
#2560 = DIRECTION ( 'NONE',  ( -3.491481338843133355E-15, -1.453114432220753495E-16, -1.000000000000000000 ) ) ;
#2561 = ADVANCED_FACE ( 'NONE', ( #574 ), #61, .F. ) ;
#2562 = EDGE_CURVE ( 'NONE', #2342, #620, #649, .T. ) ;
#2563 = DIRECTION ( 'NONE',  ( -2.775557561562840507E-17, -1.000000000000000000, 1.453114432220754235E-16 ) ) ;
#2564 = DIRECTION ( 'NONE',  ( -1.000000000000000000, 0.000000000000000000, 2.409338161078903914E-15 ) ) ;
#2565 = CARTESIAN_POINT ( 'NONE',  ( -4.108750000000013891, 2.333823006393088928, -4.045249999999978918 ) ) ;
#2566 = SURFACE_STYLE_USAGE ( .BOTH. , #2857 ) ;
#2567 = LINE ( 'NONE', #3758, #488 ) ;
#2568 = ORIENTED_EDGE ( 'NONE', *, *, #324, .F. ) ;
#2569 = PLANE ( 'NONE',  #1901 ) ;
#2570 = EDGE_LOOP ( 'NONE', ( #2192, #2926, #3114, #1423 ) ) ;
#2571 = DIRECTION ( 'NONE',  ( 0.000000000000000000, 1.000000000000000000, 0.000000000000000000 ) ) ;
#2572 = DIRECTION ( 'NONE',  ( -1.000000000000000000, -2.775557561562891043E-17, 3.491481338843133355E-15 ) ) ;
#2573 = VERTEX_POINT ( 'NONE', #2377 ) ;
#2574 = ORIENTED_EDGE ( 'NONE', *, *, #77, .T. ) ;
#2575 = VECTOR ( 'NONE', #3549, 1000.000000000000000 ) ;
#2576 = CARTESIAN_POINT ( 'NONE',  ( 3.831250000000015810, 2.292250000000001009, 4.507499999999993179 ) ) ;
#2577 = DIRECTION ( 'NONE',  ( 1.000000000000000000, 0.000000000000000000, 0.000000000000000000 ) ) ;
#2578 = EDGE_CURVE ( 'NONE', #3351, #3259, #1391, .T. ) ;
#2579 = CIRCLE ( 'NONE', #1962, 0.3224999999999998979 ) ;
#2580 = LINE ( 'NONE', #207, #3323 ) ;
#2581 = CARTESIAN_POINT ( 'NONE',  ( 3.831249999999995381, 2.333823006393090260, -1.505250000000006860 ) ) ;
#2582 = EDGE_CURVE ( 'NONE', #724, #3732, #3561, .T. ) ;
#2583 = CARTESIAN_POINT ( 'NONE',  ( 3.831250000000007372, -3.035766082959412415E-15, 1.967499999999994031 ) ) ;
#2584 = AXIS2_PLACEMENT_3D ( 'NONE', #2875, #1992, #1122 ) ;
#2585 = EDGE_CURVE ( 'NONE', #3005, #967, #1641, .T. ) ;
#2586 = CARTESIAN_POINT ( 'NONE',  ( -3.781249999999993783, 2.333823006393090704, 1.967500000000019122 ) ) ;
#2587 = VECTOR ( 'NONE', #1862, 1000.000000000000000 ) ;
#2588 = DIRECTION ( 'NONE',  ( -5.551115123125732166E-17, -1.000000000000000000, 1.453114432220755221E-16 ) ) ;
#2589 = VERTEX_POINT ( 'NONE', #3313 ) ;
#2590 = PLANE ( 'NONE',  #348 ) ;
#2591 = VECTOR ( 'NONE', #3568, 1000.000000000000000 ) ;
#2592 = DIRECTION ( 'NONE',  ( -1.000000000000000000, -6.578071420904052502E-15, 3.491481338843134144E-15 ) ) ;
#2593 = AXIS2_PLACEMENT_3D ( 'NONE', #62, #3297, #3314 ) ;
#2594 = CARTESIAN_POINT ( 'NONE',  ( -3.786250000000010996, 2.292250000000009447, -4.507499999999980744 ) ) ;
#2595 = ORIENTED_EDGE ( 'NONE', *, *, #3826, .T. ) ;
#2596 = AXIS2_PLACEMENT_3D ( 'NONE', #1199, #1180, #2092 ) ;
#2597 = ORIENTED_EDGE ( 'NONE', *, *, #3226, .F. ) ;
#2598 = CARTESIAN_POINT ( 'NONE',  ( -3.831250000000014921, -3.872438979315151464, -4.045249999999979806 ) ) ;
#2599 = ORIENTED_EDGE ( 'NONE', *, *, #2059, .F. ) ;
#2600 =( NAMED_UNIT ( * ) SI_UNIT ( $, .STERADIAN. ) SOLID_ANGLE_UNIT ( ) );
#2601 = VECTOR ( 'NONE', #1854, 1000.000000000000000 ) ;
#2602 = EDGE_CURVE ( 'NONE', #755, #861, #3238, .T. ) ;
#2603 = LINE ( 'NONE', #577, #91 ) ;
#2604 = DIRECTION ( 'NONE',  ( -0.1294283079955639293, 0.9831056027603601866, -0.1294283079955634574 ) ) ;
#2605 = CARTESIAN_POINT ( 'NONE',  ( 3.781249999999986233, 2.333823006393089816, -4.045250000000006452 ) ) ;
#2606 = EDGE_CURVE ( 'NONE', #137, #2659, #592, .T. ) ;
#2607 = SURFACE_STYLE_USAGE ( .BOTH. , #2330 ) ;
#2608 = DIRECTION ( 'NONE',  ( -1.000000000000000000, 5.551115123125782702E-17, 3.491481338843133355E-15 ) ) ;
#2609 = ORIENTED_EDGE ( 'NONE', *, *, #757, .F. ) ;
#2610 = EDGE_CURVE ( 'NONE', #620, #701, #1815, .T. ) ;
#2611 = DIRECTION ( 'NONE',  ( 1.000000000000000000, -6.578071420904052502E-15, -3.491481338843132566E-15 ) ) ;
#2612 = DIRECTION ( 'NONE',  ( -3.491481338843133355E-15, -1.453114432220753495E-16, -1.000000000000000000 ) ) ;
#2613 = CARTESIAN_POINT ( 'NONE',  ( 4.108749999999984581, 2.292250000000001009, -4.507500000000008278 ) ) ;
#2614 = ORIENTED_EDGE ( 'NONE', *, *, #106, .T. ) ;
#2615 = DIRECTION ( 'NONE',  ( -3.491481338843133355E-15, -1.453114432220753495E-16, -1.000000000000000000 ) ) ;
#2616 = CARTESIAN_POINT ( 'NONE',  ( -3.781250000000003109, 2.333823006393090704, -0.5724999999999806910 ) ) ;
#2617 = DIRECTION ( 'NONE',  ( 1.000000000000000000, 6.605826996519682993E-15, -3.491481338843134539E-15 ) ) ;
#2618 = CARTESIAN_POINT ( 'NONE',  ( -4.108749999999997016, -3.872438979315153240, 1.034750000000022041 ) ) ;
#2619 = CARTESIAN_POINT ( 'NONE',  ( 4.108750000000015667, -3.035766082959412415E-15, 4.507499999999991402 ) ) ;
#2620 = FILL_AREA_STYLE ('',( #2312 ) ) ;
#2621 = VERTEX_POINT ( 'NONE', #863 ) ;
#2622 = DIRECTION ( 'NONE',  ( 9.992007221626402947E-16, 1.000000000000000000, -1.453114432220788254E-16 ) ) ;
#2623 = ADVANCED_FACE ( 'NONE', ( #2686 ), #2942, .F. ) ;
#2624 = DIRECTION ( 'NONE',  ( 3.491481338843133355E-15, 1.453114432220753248E-16, 1.000000000000000000 ) ) ;
#2625 = CARTESIAN_POINT ( 'NONE',  ( 4.108749999999986358, 2.333823006393088928, -4.045250000000008228 ) ) ;
#2626 = ORIENTED_EDGE ( 'NONE', *, *, #1679, .F. ) ;
#2627 = EDGE_CURVE ( 'NONE', #2589, #2475, #43, .T. ) ;
#2628 = DIRECTION ( 'NONE',  ( -3.491481338843133355E-15, 0.000000000000000000, -1.000000000000000000 ) ) ;
#2629 = LINE ( 'NONE', #792, #3530 ) ;
#2630 = PLANE ( 'NONE',  #1097 ) ;
#2631 = DIRECTION ( 'NONE',  ( -0.9838760585644680257, 0.1788516183422652062, 3.409195711428455762E-15 ) ) ;
#2632 = LINE ( 'NONE', #1152, #2281 ) ;
#2633 = PRESENTATION_LAYER_ASSIGNMENT (  '', '', ( #337 ) ) ;
#2634 = VECTOR ( 'NONE', #1179, 1000.000000000000000 ) ;
#2635 = CARTESIAN_POINT ( 'NONE',  ( 3.831250000000002487, -3.035766082959412415E-15, 0.5724999999999927924 ) ) ;
#2636 = ORIENTED_EDGE ( 'NONE', *, *, #3348, .T. ) ;
#2637 = AXIS2_PLACEMENT_3D ( 'NONE', #2030, #3725, #3444 ) ;
#2638 = CARTESIAN_POINT ( 'NONE',  ( -3.831249999999998490, -3.035766082959412415E-15, 0.5725000000000195488 ) ) ;
#2639 = ORIENTED_EDGE ( 'NONE', *, *, #3626, .F. ) ;
#2640 = VECTOR ( 'NONE', #3387, 1000.000000000000000 ) ;
#2641 = EDGE_CURVE ( 'NONE', #1435, #2702, #2131, .T. ) ;
#2642 = LINE ( 'NONE', #1192, #2026 ) ;
#2643 = DIRECTION ( 'NONE',  ( -1.000000000000000000, 6.605826996519682993E-15, 3.491481338843132961E-15 ) ) ;
#2644 = ORIENTED_EDGE ( 'NONE', *, *, #2981, .T. ) ;
#2645 = AXIS2_PLACEMENT_3D ( 'NONE', #3189, #3755, #3479 ) ;
#2646 = VECTOR ( 'NONE', #2889, 1000.000000000000000 ) ;
#2647 = ORIENTED_EDGE ( 'NONE', *, *, #3702, .T. ) ;
#2648 = EDGE_CURVE ( 'NONE', #3404, #1004, #299, .T. ) ;
#2649 = DIRECTION ( 'NONE',  ( -3.491481338843133355E-15, -1.453114432220753495E-16, -1.000000000000000000 ) ) ;
#2650 = DIRECTION ( 'NONE',  ( -3.491481338843133355E-15, 0.000000000000000000, -1.000000000000000000 ) ) ;
#2651 = VECTOR ( 'NONE', #1620, 1000.000000000000000 ) ;
#2652 = EDGE_CURVE ( 'NONE', #766, #3614, #2360, .T. ) ;
#2653 = VERTEX_POINT ( 'NONE', #1224 ) ;
#2654 = LINE ( 'NONE', #1482, #3141 ) ;
#2655 = VECTOR ( 'NONE', #2415, 1000.000000000000000 ) ;
#2656 = CARTESIAN_POINT ( 'NONE',  ( 3.786250000000016325, 2.337250000000002270, 4.507499999999993179 ) ) ;
#2657 = VECTOR ( 'NONE', #172, 1000.000000000000000 ) ;
#2658 = CARTESIAN_POINT ( 'NONE',  ( 3.831249999999993605, 2.292250000000001009, -1.967500000000008686 ) ) ;
#2659 = VERTEX_POINT ( 'NONE', #2069 ) ;
#2660 = CARTESIAN_POINT ( 'NONE',  ( 3.831249999999997158, -3.903127820947815962E-15, -1.505250000000006860 ) ) ;
#2661 = ORIENTED_EDGE ( 'NONE', *, *, #1876, .F. ) ;
#2662 = CARTESIAN_POINT ( 'NONE',  ( 3.786249999999984794, 2.292250000000001009, -4.507500000000007390 ) ) ;
#2663 = LINE ( 'NONE', #272, #428 ) ;
#2664 = ORIENTED_EDGE ( 'NONE', *, *, #2693, .T. ) ;
#2665 = ORIENTED_EDGE ( 'NONE', *, *, #2362, .T. ) ;
#2666 = CARTESIAN_POINT ( 'NONE',  ( 3.831250000000013145, -3.872438979315151464, 3.574749999999993655 ) ) ;
#2667 = CARTESIAN_POINT ( 'NONE',  ( 3.831249999999997158, -3.872438979315151464, -1.034750000000006276 ) ) ;
#2668 = CARTESIAN_POINT ( 'NONE',  ( 3.781250000000015099, 2.333823006393091148, 4.045249999999993129 ) ) ;
#2669 = ADVANCED_FACE ( 'NONE', ( #4 ), #2419, .T. ) ;
#2670 = ORIENTED_EDGE ( 'NONE', *, *, #587, .T. ) ;
#2671 = LINE ( 'NONE', #2097, #1388 ) ;
#2672 = VERTEX_POINT ( 'NONE', #1495 ) ;
#2673 = DIRECTION ( 'NONE',  ( 1.000000000000000000, 0.000000000000000000, 0.000000000000000000 ) ) ;
#2674 = EDGE_CURVE ( 'NONE', #3744, #908, #3606, .T. ) ;
#2675 = EDGE_CURVE ( 'NONE', #123, #2046, #2226, .T. ) ;
#2676 = LINE ( 'NONE', #2444, #148 ) ;
#2677 = DIRECTION ( 'NONE',  ( 0.000000000000000000, 1.000000000000000000, 0.000000000000000000 ) ) ;
#2678 = ORIENTED_EDGE ( 'NONE', *, *, #3570, .F. ) ;
#2679 = CARTESIAN_POINT ( 'NONE',  ( 4.108750000000007674, 2.333823006393089816, 1.967499999999991811 ) ) ;
#2680 = DIRECTION ( 'NONE',  ( -3.491481338843133355E-15, -1.453114432220753495E-16, -1.000000000000000000 ) ) ;
#2681 = ORIENTED_EDGE ( 'NONE', *, *, #1998, .T. ) ;
#2682 = DIRECTION ( 'NONE',  ( 3.491481338843133355E-15, 1.453114432220753248E-16, 1.000000000000000000 ) ) ;
#2683 = FACE_OUTER_BOUND ( 'NONE', #3380, .T. ) ;
#2684 = ORIENTED_EDGE ( 'NONE', *, *, #3461, .T. ) ;
#2685 = ORIENTED_EDGE ( 'NONE', *, *, #1387, .T. ) ;
#2686 = FACE_OUTER_BOUND ( 'NONE', #194, .T. ) ;
#2687 = LINE ( 'NONE', #2704, #2470 ) ;
#2688 = ORIENTED_EDGE ( 'NONE', *, *, #2111, .F. ) ;
#2689 = DIRECTION ( 'NONE',  ( -1.000000000000000000, -9.992007221626408864E-16, 3.491481338843133355E-15 ) ) ;
#2690 = LINE ( 'NONE', #3304, #3336 ) ;
#2691 = ADVANCED_FACE ( 'NONE', ( #1299 ), #1031, .F. ) ;
#2692 = VECTOR ( 'NONE', #325, 1000.000000000000000 ) ;
#2693 = EDGE_CURVE ( 'NONE', #2485, #84, #1140, .T. ) ;
#2694 = EDGE_LOOP ( 'NONE', ( #2468, #2418, #510, #1163 ) ) ;
#2695 = DIRECTION ( 'NONE',  ( 1.000000000000000000, 0.000000000000000000, -3.491481338843133355E-15 ) ) ;
#2696 = VECTOR ( 'NONE', #1881, 1000.000000000000000 ) ;
#2697 = VERTEX_POINT ( 'NONE', #139 ) ;
#2698 = AXIS2_PLACEMENT_3D ( 'NONE', #312, #2937, #1829 ) ;
#2699 = LINE ( 'NONE', #39, #857 ) ;
#2700 = ORIENTED_EDGE ( 'NONE', *, *, #2578, .F. ) ;
#2701 = CIRCLE ( 'NONE', #1330, 0.04499999999999990119 ) ;
#2702 = VERTEX_POINT ( 'NONE', #3643 ) ;
#2703 = DIRECTION ( 'NONE',  ( -1.000000000000000000, 6.578071420904052502E-15, 3.491481338843132566E-15 ) ) ;
#2704 = CARTESIAN_POINT ( 'NONE',  ( 4.108749999999995239, 2.333823006393089372, -1.505250000000007748 ) ) ;
#2705 = CARTESIAN_POINT ( 'NONE',  ( 3.786250000000007443, 2.292250000000001897, 1.967499999999993143 ) ) ;
#2706 = AXIS2_PLACEMENT_3D ( 'NONE', #457, #105, #2517 ) ;
#2707 = DIRECTION ( 'NONE',  ( 3.491481338843133355E-15, 1.453114432220753248E-16, 1.000000000000000000 ) ) ;
#2708 =( GEOMETRIC_REPRESENTATION_CONTEXT ( 3 ) GLOBAL_UNCERTAINTY_ASSIGNED_CONTEXT ( ( #83 ) ) GLOBAL_UNIT_ASSIGNED_CONTEXT ( ( #277, #3225, #2600 ) ) REPRESENTATION_CONTEXT ( 'NONE', 'WORKASPACE' ) );
#2709 = ORIENTED_EDGE ( 'NONE', *, *, #2325, .F. ) ;
#2710 = CARTESIAN_POINT ( 'NONE',  ( -3.831250000000013145, -3.872438979315151464, -3.574749999999979444 ) ) ;
#2711 = ORIENTED_EDGE ( 'NONE', *, *, #3604, .T. ) ;
#2712 = LINE ( 'NONE', #2734, #229 ) ;
#2713 = ADVANCED_FACE ( 'NONE', ( #102 ), #2434, .T. ) ;
#2714 = AXIS2_PLACEMENT_3D ( 'NONE', #1431, #2024, #2237 ) ;
#2715 = CARTESIAN_POINT ( 'NONE',  ( -4.108749999999988134, -3.872438979315153240, 3.574750000000021632 ) ) ;
#2716 = ORIENTED_EDGE ( 'NONE', *, *, #752, .T. ) ;
#2717 = AXIS2_PLACEMENT_3D ( 'NONE', #3452, #864, #3528 ) ;
#2718 = VECTOR ( 'NONE', #1134, 1000.000000000000000 ) ;
#2719 = DIRECTION ( 'NONE',  ( -2.775557561562941887E-17, 1.000000000000000000, -1.453114432220752262E-16 ) ) ;
#2720 = ADVANCED_FACE ( 'NONE', ( #978 ), #3664, .T. ) ;
#2721 = ORIENTED_EDGE ( 'NONE', *, *, #3813, .F. ) ;
#2722 = DIRECTION ( 'NONE',  ( -3.491481338843133355E-15, -1.453114432220753495E-16, -1.000000000000000000 ) ) ;
#2723 = EDGE_CURVE ( 'NONE', #3294, #1265, #1316, .T. ) ;
#2724 = ORIENTED_EDGE ( 'NONE', *, *, #2562, .F. ) ;
#2725 = ADVANCED_FACE ( 'NONE', ( #998 ), #2821, .F. ) ;
#2726 = CARTESIAN_POINT ( 'NONE',  ( 3.234823149097058259, 4.571999999999997399, -4.429823149097090962 ) ) ;
#2727 = PLANE ( 'NONE',  #485 ) ;
#2728 = DIRECTION ( 'NONE',  ( -1.000000000000000000, 6.605826996519682993E-15, 3.491481338843132961E-15 ) ) ;
#2729 = SURFACE_STYLE_FILL_AREA ( #564 ) ;
#2730 = UNCERTAINTY_MEASURE_WITH_UNIT (LENGTH_MEASURE( 1.000000000000000082E-05 ), #773, 'distance_accuracy_value', 'NONE');
#2731 = EDGE_LOOP ( 'NONE', ( #218, #2767, #1298, #3376, #1000, #3850, #3746, #1277 ) ) ;
#2732 = LINE ( 'NONE', #362, #3073 ) ;
#2733 = VERTEX_POINT ( 'NONE', #1859 ) ;
#2734 = CARTESIAN_POINT ( 'NONE',  ( 4.108749999999993463, 2.333823006393089372, -1.967500000000008686 ) ) ;
#2735 = ORIENTED_EDGE ( 'NONE', *, *, #2059, .T. ) ;
#2736 = LINE ( 'NONE', #1023, #2156 ) ;
#2737 = LINE ( 'NONE', #1851, #3285 ) ;
#2738 = ORIENTED_EDGE ( 'NONE', *, *, #2430, .T. ) ;
#2739 = CARTESIAN_POINT ( 'NONE',  ( -3.786249999999988347, 2.292250000000010335, 1.967500000000019122 ) ) ;
#2740 = VERTEX_POINT ( 'NONE', #3062 ) ;
#2741 = EDGE_CURVE ( 'NONE', #2753, #1443, #3081, .T. ) ;
#2742 = FACE_OUTER_BOUND ( 'NONE', #2988, .T. ) ;
#2743 = ADVANCED_FACE ( 'NONE', ( #3411 ), #3682, .F. ) ;
#2744 = CARTESIAN_POINT ( 'NONE',  ( 3.831249999999995381, -3.903127820947815962E-15, -1.967500000000006910 ) ) ;
#2745 = DIRECTION ( 'NONE',  ( -1.000000000000000000, -1.415534356397074589E-15, 3.491481338843133750E-15 ) ) ;
#2746 = EDGE_CURVE ( 'NONE', #2753, #3497, #437, .T. ) ;
#2747 = CARTESIAN_POINT ( 'NONE',  ( 4.108750000000004121, -3.903127820947815962E-15, 1.034749999999992731 ) ) ;
#2748 = FACE_OUTER_BOUND ( 'NONE', #3602, .T. ) ;
#2749 = EDGE_LOOP ( 'NONE', ( #1544, #3489, #1509, #3681 ) ) ;
#2750 = FACE_OUTER_BOUND ( 'NONE', #3153, .T. ) ;
#2751 = ORIENTED_EDGE ( 'NONE', *, *, #3128, .F. ) ;
#2752 = CARTESIAN_POINT ( 'NONE',  ( 3.492500000000019700, 2.614750000000002128, 4.507499999999994067 ) ) ;
#2753 = VERTEX_POINT ( 'NONE', #1917 ) ;
#2754 = DIRECTION ( 'NONE',  ( 2.952720810173325991E-15, 1.000000000000000000, -1.453114432220856540E-16 ) ) ;
#2755 = COLOUR_RGB ( '',0.2509803921568627416, 0.2509803921568627416, 0.2509803921568627416 ) ;
#2756 = ORIENTED_EDGE ( 'NONE', *, *, #1920, .F. ) ;
#2757 = PLANE ( 'NONE',  #296 ) ;
#2758 = ORIENTED_EDGE ( 'NONE', *, *, #2178, .T. ) ;
#2759 = VECTOR ( 'NONE', #3302, 1000.000000000000000 ) ;
#2760 = CARTESIAN_POINT ( 'NONE',  ( -3.831250000000009148, -3.903127820947815962E-15, -1.967499999999980043 ) ) ;
#2761 = ADVANCED_FACE ( 'NONE', ( #1013 ), #2187, .T. ) ;
#2762 = CARTESIAN_POINT ( 'NONE',  ( 3.831249999999995381, -3.903127820947815962E-15, -1.967500000000006910 ) ) ;
#2763 = DIRECTION ( 'NONE',  ( -3.491481338843133355E-15, -1.453114432220753495E-16, -1.000000000000000000 ) ) ;
#2764 = AXIS2_PLACEMENT_3D ( 'NONE', #2336, #585, #3600 ) ;
#2765 = APPLICATION_PROTOCOL_DEFINITION ( 'draft international standard', 'automotive_design', 1998, #912 ) ;
#2766 = EDGE_CURVE ( 'NONE', #2672, #655, #1774, .T. ) ;
#2767 = ORIENTED_EDGE ( 'NONE', *, *, #2531, .T. ) ;
#2768 = CARTESIAN_POINT ( 'NONE',  ( 3.831250000000007372, -3.035766082959412415E-15, 1.967499999999993587 ) ) ;
#2769 = EDGE_LOOP ( 'NONE', ( #613, #3253, #3065, #3416, #2597, #705, #1054, #1498 ) ) ;
#2770 = VECTOR ( 'NONE', #1891, 1000.000000000000000 ) ;
#2771 = EDGE_CURVE ( 'NONE', #1188, #714, #1892, .T. ) ;
#2772 = VECTOR ( 'NONE', #1078, 1000.000000000000000 ) ;
#2773 = EDGE_CURVE ( 'NONE', #3784, #2409, #2171, .T. ) ;
#2774 = DIRECTION ( 'NONE',  ( 2.775557561562840507E-17, 1.000000000000000000, -1.453114432220754235E-16 ) ) ;
#2775 = VECTOR ( 'NONE', #1925, 1000.000000000000000 ) ;
#2776 = SURFACE_SIDE_STYLE ('',( #2268 ) ) ;
#2777 = EDGE_LOOP ( 'NONE', ( #3617, #1764, #368, #1988 ) ) ;
#2778 = FACE_OUTER_BOUND ( 'NONE', #2933, .T. ) ;
#2779 = VECTOR ( 'NONE', #847, 1000.000000000000000 ) ;
#2780 =( NAMED_UNIT ( * ) PLANE_ANGLE_UNIT ( ) SI_UNIT ( $, .RADIAN. ) );
#2781 = ORIENTED_EDGE ( 'NONE', *, *, #3011, .T. ) ;
#2782 = VECTOR ( 'NONE', #2369, 1000.000000000000000 ) ;
#2783 = DIRECTION ( 'NONE',  ( 1.000000000000000000, -2.952720810173325991E-15, -3.491481338843133355E-15 ) ) ;
#2784 = ORIENTED_EDGE ( 'NONE', *, *, #828, .T. ) ;
#2785 = DIRECTION ( 'NONE',  ( 1.665334536937729387E-16, 1.000000000000000000, -1.453114432220758918E-16 ) ) ;
#2786 = AXIS2_PLACEMENT_3D ( 'NONE', #1836, #3727, #2824 ) ;
#2787 = CARTESIAN_POINT ( 'NONE',  ( -3.786249999999979909, 2.292250000000010779, 4.507500000000018936 ) ) ;
#2788 = CARTESIAN_POINT ( 'NONE',  ( -3.492499999999983284, 2.337250000000009820, 4.507500000000018048 ) ) ;
#2789 = ORIENTED_EDGE ( 'NONE', *, *, #583, .F. ) ;
#2790 = DIRECTION ( 'NONE',  ( -0.1294283079955644011, -0.9831056027603599645, -0.1294283079955639293 ) ) ;
#2791 = ORIENTED_EDGE ( 'NONE', *, *, #225, .F. ) ;
#2792 = PLANE ( 'NONE',  #3274 ) ;
#2793 = LINE ( 'NONE', #741, #1639 ) ;
#2794 = LINE ( 'NONE', #129, #33 ) ;
#2795 = VERTEX_POINT ( 'NONE', #1877 ) ;
#2796 = DIRECTION ( 'NONE',  ( -3.491481338843133355E-15, -1.453114432220753495E-16, -1.000000000000000000 ) ) ;
#2797 =( LENGTH_UNIT ( ) NAMED_UNIT ( * ) SI_UNIT ( .MILLI., .METRE. ) );
#2798 = ORIENTED_EDGE ( 'NONE', *, *, #3603, .F. ) ;
#2799 = FACE_OUTER_BOUND ( 'NONE', #2749, .T. ) ;
#2800 = ORIENTED_EDGE ( 'NONE', *, *, #342, .F. ) ;
#2801 = LINE ( 'NONE', #1278, #3268 ) ;
#2802 = CARTESIAN_POINT ( 'NONE',  ( 3.786250000000016325, 2.292250000000002341, 4.507499999999993179 ) ) ;
#2803 = PLANE ( 'NONE',  #355 ) ;
#2804 = DIRECTION ( 'NONE',  ( -5.551115123125833239E-17, 1.000000000000000000, -1.453114432220751276E-16 ) ) ;
#2805 = UNCERTAINTY_MEASURE_WITH_UNIT (LENGTH_MEASURE( 1.000000000000000082E-05 ), #3131, 'distance_accuracy_value', 'NONE');
#2806 = ORIENTED_EDGE ( 'NONE', *, *, #866, .F. ) ;
#2807 = CARTESIAN_POINT ( 'NONE',  ( -3.234823149097080464, 4.571999999999997399, -4.429823149097066093 ) ) ;
#2808 = VERTEX_POINT ( 'NONE', #394 ) ;
#2809 = LINE ( 'NONE', #793, #1465 ) ;
#2810 = ADVANCED_FACE ( 'NONE', ( #3372 ), #1599, .F. ) ;
#2811 = DIRECTION ( 'NONE',  ( -1.000000000000000000, -2.420544385083914608E-14, 4.034240641806524347E-15 ) ) ;
#2812 = DIRECTION ( 'NONE',  ( 0.000000000000000000, 1.000000000000000000, 0.000000000000000000 ) ) ;
#2813 = CARTESIAN_POINT ( 'NONE',  ( 3.831249999999998046, 2.292250000000001009, -0.5725000000000072253 ) ) ;
#2814 = DIRECTION ( 'NONE',  ( 1.000000000000000000, -2.952720810173326386E-15, -3.491481338843133355E-15 ) ) ;
#2815 = EDGE_CURVE ( 'NONE', #3328, #3621, #3762, .T. ) ;
#2816 = ORIENTED_EDGE ( 'NONE', *, *, #1289, .F. ) ;
#2817 = CARTESIAN_POINT ( 'NONE',  ( -3.831250000000009148, -3.903127820947815962E-15, -1.967499999999980043 ) ) ;
#2818 = ORIENTED_EDGE ( 'NONE', *, *, #3085, .T. ) ;
#2819 = LINE ( 'NONE', #725, #3513 ) ;
#2820 = ORIENTED_EDGE ( 'NONE', *, *, #1337, .F. ) ;
#2821 = PLANE ( 'NONE',  #1964 ) ;
#2822 = VECTOR ( 'NONE', #1587, 1000.000000000000000 ) ;
#2823 = DIRECTION ( 'NONE',  ( -3.125627884642896330E-15, -1.000000000000000000, 1.091307143139841027E-29 ) ) ;
#2824 = DIRECTION ( 'NONE',  ( -0.9838760585644680257, 0.1788516183422652062, 3.409195711428455762E-15 ) ) ;
#2825 = VECTOR ( 'NONE', #379, 1000.000000000000000 ) ;
#2826 = VERTEX_POINT ( 'NONE', #2010 ) ;
#2827 = CARTESIAN_POINT ( 'NONE',  ( 3.786250000000016325, 2.337250000000002270, 4.507499999999993179 ) ) ;
#2828 = ORIENTED_EDGE ( 'NONE', *, *, #3603, .T. ) ;
#2829 = LINE ( 'NONE', #3089, #605 ) ;
#2830 = VECTOR ( 'NONE', #3802, 1000.000000000000000 ) ;
#2831 = VECTOR ( 'NONE', #3498, 1000.000000000000000 ) ;
#2832 = CARTESIAN_POINT ( 'NONE',  ( -3.492499999999983284, 2.337250000000009820, 4.507500000000018048 ) ) ;
#2833 = PLANE ( 'NONE',  #476 ) ;
#2834 = CIRCLE ( 'NONE', #412, 0.3224999999999998979 ) ;
#2835 = ADVANCED_FACE ( 'NONE', ( #3195 ), #2921, .F. ) ;
#2836 = DIRECTION ( 'NONE',  ( -2.775557561562840507E-17, -1.000000000000000000, 1.453114432220754235E-16 ) ) ;
#2837 =( GEOMETRIC_REPRESENTATION_CONTEXT ( 3 ) GLOBAL_UNCERTAINTY_ASSIGNED_CONTEXT ( ( #3121 ) ) GLOBAL_UNIT_ASSIGNED_CONTEXT ( ( #1584, #1608, #2504 ) ) REPRESENTATION_CONTEXT ( 'NONE', 'WORKASPACE' ) );
#2838 = ORIENTED_EDGE ( 'NONE', *, *, #426, .T. ) ;
#2839 = DIRECTION ( 'NONE',  ( 3.491481338843133355E-15, 1.453114432220753248E-16, 1.000000000000000000 ) ) ;
#2840 = EDGE_LOOP ( 'NONE', ( #3020, #2113, #2664, #2137 ) ) ;
#2841 = VECTOR ( 'NONE', #1068, 1000.000000000000000 ) ;
#2842 = ADVANCED_FACE ( 'NONE', ( #2317 ), #3137, .F. ) ;
#2843 = CARTESIAN_POINT ( 'NONE',  ( 3.831249999999986056, -3.903127820947815962E-15, -4.045250000000006452 ) ) ;
#2844 = VECTOR ( 'NONE', #151, 1000.000000000000000 ) ;
#2845 = ADVANCED_FACE ( 'NONE', ( #1693 ), #786, .F. ) ;
#2846 = CARTESIAN_POINT ( 'NONE',  ( 3.781249999999989786, 2.333823006393089816, -3.112500000000007372 ) ) ;
#2847 = DIRECTION ( 'NONE',  ( -1.000000000000000000, -9.992007221626408864E-16, 3.491481338843133355E-15 ) ) ;
#2848 = ADVANCED_FACE ( 'NONE', ( #1338 ), #3485, .T. ) ;
#2849 = VECTOR ( 'NONE', #1092, 1000.000000000000000 ) ;
#2850 = VECTOR ( 'NONE', #933, 1000.000000000000000 ) ;
#2851 = ORIENTED_EDGE ( 'NONE', *, *, #3198, .T. ) ;
#2852 = CARTESIAN_POINT ( 'NONE',  ( -4.108853077640649332, 2.614750000000001684, 0.5725000000000196598 ) ) ;
#2853 = CARTESIAN_POINT ( 'NONE',  ( 3.831249999999987832, -3.872438979315151464, -3.574750000000006533 ) ) ;
#2854 = LINE ( 'NONE', #3398, #3778 ) ;
#2855 = LINE ( 'NONE', #2250, #2328 ) ;
#2856 = DIRECTION ( 'NONE',  ( -0.9838760585644680257, 0.1788516183422652062, 3.409195711428455762E-15 ) ) ;
#2857 = SURFACE_SIDE_STYLE ('',( #149 ) ) ;
#2858 = CARTESIAN_POINT ( 'NONE',  ( -3.492499999999983284, 2.337250000000009820, 4.507500000000018048 ) ) ;
#2859 = ORIENTED_EDGE ( 'NONE', *, *, #342, .T. ) ;
#2860 = FACE_OUTER_BOUND ( 'NONE', #14, .T. ) ;
#2861 = ORIENTED_EDGE ( 'NONE', *, *, #1262, .T. ) ;
#2862 = ADVANCED_FACE ( 'NONE', ( #2877 ), #1714, .F. ) ;
#2863 = CARTESIAN_POINT ( 'NONE',  ( 3.786250000000011440, 2.337250000000002270, 3.112499999999992717 ) ) ;
#2864 = CARTESIAN_POINT ( 'NONE',  ( 3.786250000000007443, 2.614750000000002128, 1.967499999999993143 ) ) ;
#2865 = EDGE_LOOP ( 'NONE', ( #2423, #1314, #8, #3118 ) ) ;
#2866 = ORIENTED_EDGE ( 'NONE', *, *, #2537, .T. ) ;
#2867 = DIRECTION ( 'NONE',  ( -4.139111436541140022E-15, 0.000000000000000000, -1.000000000000000000 ) ) ;
#2868 = DIRECTION ( 'NONE',  ( -1.000000000000000000, -2.775557561562891043E-17, 3.491481338843133355E-15 ) ) ;
#2869 = DIRECTION ( 'NONE',  ( 3.491481338843133355E-15, 1.453114432220753248E-16, 1.000000000000000000 ) ) ;
#2870 = CARTESIAN_POINT ( 'NONE',  ( 3.492500000000011262, 2.337250000000000938, 1.967499999999994031 ) ) ;
#2871 = DIRECTION ( 'NONE',  ( 1.000000000000000000, 5.551115123125782702E-17, -3.491481338843133355E-15 ) ) ;
#2872 = LINE ( 'NONE', #3495, #3710 ) ;
#2873 = CARTESIAN_POINT ( 'NONE',  ( -3.786249999999993232, 2.337250000000010264, 0.5725000000000185496 ) ) ;
#2874 = EDGE_LOOP ( 'NONE', ( #2879, #2791, #515, #1690 ) ) ;
#2875 = CARTESIAN_POINT ( 'NONE',  ( -3.786249999999997673, 2.292250000000009891, -0.5724999999999816902 ) ) ;
#2876 = VERTEX_POINT ( 'NONE', #3178 ) ;
#2877 = FACE_OUTER_BOUND ( 'NONE', #75, .T. ) ;
#2878 = DIRECTION ( 'NONE',  ( -2.775557561562941887E-17, 1.000000000000000000, -1.453114432220752262E-16 ) ) ;
#2879 = ORIENTED_EDGE ( 'NONE', *, *, #2891, .F. ) ;
#2880 = ADVANCED_FACE ( 'NONE', ( #477 ), #767, .F. ) ;
#2881 = ORIENTED_EDGE ( 'NONE', *, *, #1548, .F. ) ;
#2882 = VECTOR ( 'NONE', #1183, 1000.000000000000000 ) ;
#2883 = DIRECTION ( 'NONE',  ( -3.491481338843133750E-15, -1.453114432220753002E-16, -1.000000000000000000 ) ) ;
#2884 = LINE ( 'NONE', #2908, #2849 ) ;
#2885 = VECTOR ( 'NONE', #3000, 1000.000000000000000 ) ;
#2886 = ADVANCED_FACE ( 'NONE', ( #3470 ), #2901, .F. ) ;
#2887 = DIRECTION ( 'NONE',  ( -2.775557561562896281E-16, 1.000000000000000000, -1.453114432220743634E-16 ) ) ;
#2888 = PRESENTATION_LAYER_ASSIGNMENT (  '', '', ( #1837 ) ) ;
#2889 = DIRECTION ( 'NONE',  ( 2.775557561562886421E-16, 1.000000000000000000, -1.453114432220762863E-16 ) ) ;
#2890 = EDGE_CURVE ( 'NONE', #1863, #3591, #240, .T. ) ;
#2891 = EDGE_CURVE ( 'NONE', #2104, #2496, #2241, .T. ) ;
#2892 = LINE ( 'NONE', #1412, #1780 ) ;
#2893 = AXIS2_PLACEMENT_3D ( 'NONE', #2638, #2975, #582 ) ;
#2894 = FILL_AREA_STYLE_COLOUR ( '', #617 ) ;
#2895 = STYLED_ITEM ( 'NONE', ( #3832 ), #2206 ) ;
#2896 = PLANE ( 'NONE',  #3403 ) ;
#2897 = EDGE_LOOP ( 'NONE', ( #1674, #2344, #878, #1522 ) ) ;
#2898 = LINE ( 'NONE', #1650, #1523 ) ;
#2899 = PRESENTATION_LAYER_ASSIGNMENT (  '', '', ( #1716 ) ) ;
#2900 = EDGE_LOOP ( 'NONE', ( #985, #3192, #327, #3548 ) ) ;
#2901 = PLANE ( 'NONE',  #1710 ) ;
#2902 = VECTOR ( 'NONE', #812, 1000.000000000000000 ) ;
#2903 = DIRECTION ( 'NONE',  ( 3.491481338843133355E-15, 6.990965660939809362E-31, 1.000000000000000000 ) ) ;
#2904 = ORIENTED_EDGE ( 'NONE', *, *, #1749, .F. ) ;
#2905 = VECTOR ( 'NONE', #2839, 1000.000000000000000 ) ;
#2906 = ORIENTED_EDGE ( 'NONE', *, *, #419, .F. ) ;
#2907 = LINE ( 'NONE', #2598, #1021 ) ;
#2908 = CARTESIAN_POINT ( 'NONE',  ( -4.108749999999995239, -3.872438979315151464, 1.505250000000021515 ) ) ;
#2909 = LINE ( 'NONE', #2054, #733 ) ;
#2910 = CLOSED_SHELL ( 'NONE', ( #1053, #377, #1333, #823, #1213, #1823, #3675, #1791, #2382, #1239, #630, #3061, #2274, #2848 ) ) ;
#2911 = VECTOR ( 'NONE', #2728, 1000.000000000000000 ) ;
#2912 = PLANE ( 'NONE',  #1019 ) ;
#2913 = CARTESIAN_POINT ( 'NONE',  ( -4.108749999999997016, -3.872438979315153240, 1.034750000000022041 ) ) ;
#2914 = EDGE_CURVE ( 'NONE', #3362, #2653, #1737, .T. ) ;
#2915 = DIRECTION ( 'NONE',  ( -2.775557561562896281E-16, 1.000000000000000000, -1.453114432220743634E-16 ) ) ;
#2916 = EDGE_CURVE ( 'NONE', #1542, #3180, #181, .T. ) ;
#2917 = ADVANCED_FACE ( 'NONE', ( #2553 ), #3742, .T. ) ;
#2918 = LINE ( 'NONE', #491, #1100 ) ;
#2919 = ORIENTED_EDGE ( 'NONE', *, *, #3371, .F. ) ;
#2920 = LINE ( 'NONE', #511, #2089 ) ;
#2921 = CYLINDRICAL_SURFACE ( 'NONE', #96, 0.04499999999999990119 ) ;
#2922 = CARTESIAN_POINT ( 'NONE',  ( 3.786250000000016325, 2.337250000000002270, 4.507499999999993179 ) ) ;
#2923 = EDGE_LOOP ( 'NONE', ( #2071, #2209, #1151, #2599 ) ) ;
#2924 = ORIENTED_EDGE ( 'NONE', *, *, #413, .T. ) ;
#2925 = DIRECTION ( 'NONE',  ( 3.491481338843133355E-15, 0.000000000000000000, 1.000000000000000000 ) ) ;
#2926 = ORIENTED_EDGE ( 'NONE', *, *, #474, .T. ) ;
#2927 = FACE_OUTER_BOUND ( 'NONE', #297, .T. ) ;
#2928 = CARTESIAN_POINT ( 'NONE',  ( 4.108750000000015667, 2.292250000000001009, 4.507499999999991402 ) ) ;
#2929 = ORIENTED_EDGE ( 'NONE', *, *, #2269, .F. ) ;
#2930 = DIRECTION ( 'NONE',  ( -5.551115123125732166E-17, -1.000000000000000000, 1.453114432220755221E-16 ) ) ;
#2931 = EDGE_CURVE ( 'NONE', #1263, #2426, #3161, .T. ) ;
#2932 = FACE_OUTER_BOUND ( 'NONE', #892, .T. ) ;
#2933 = EDGE_LOOP ( 'NONE', ( #2685, #788, #1589, #2977 ) ) ;
#2934 = FACE_OUTER_BOUND ( 'NONE', #3369, .T. ) ;
#2935 = EDGE_CURVE ( 'NONE', #3122, #2183, #1377, .T. ) ;
#2936 = ORIENTED_EDGE ( 'NONE', *, *, #1220, .T. ) ;
#2937 = DIRECTION ( 'NONE',  ( -3.491481338843133355E-15, -1.453114432220752016E-16, -1.000000000000000000 ) ) ;
#2938 = DIRECTION ( 'NONE',  ( -1.000000000000000000, 0.000000000000000000, 3.491481338843133355E-15 ) ) ;
#2939 = EDGE_CURVE ( 'NONE', #214, #1010, #2642, .T. ) ;
#2940 = ORIENTED_EDGE ( 'NONE', *, *, #1434, .F. ) ;
#2941 = ORIENTED_EDGE ( 'NONE', *, *, #3750, .T. ) ;
#2942 = CYLINDRICAL_SURFACE ( 'NONE', #3636, 0.04499999999999990119 ) ;
#2943 = PLANE ( 'NONE',  #1723 ) ;
#2944 = ORIENTED_EDGE ( 'NONE', *, *, #2347, .T. ) ;
#2945 = FACE_OUTER_BOUND ( 'NONE', #449, .T. ) ;
#2946 = DIRECTION ( 'NONE',  ( -1.000000000000000000, 0.000000000000000000, 3.491481338843133355E-15 ) ) ;
#2947 = VECTOR ( 'NONE', #921, 1000.000000000000000 ) ;
#2948 =( NAMED_UNIT ( * ) SI_UNIT ( $, .STERADIAN. ) SOLID_ANGLE_UNIT ( ) );
#2949 = ORIENTED_EDGE ( 'NONE', *, *, #426, .F. ) ;
#2950 = MECHANICAL_DESIGN_GEOMETRIC_PRESENTATION_REPRESENTATION (  '', ( #3701 ), #2523 ) ;
#2951 = CARTESIAN_POINT ( 'NONE',  ( -3.831250000000009148, -3.903127820947815962E-15, -1.967499999999980043 ) ) ;
#2952 = ORIENTED_EDGE ( 'NONE', *, *, #1049, .T. ) ;
#2953 = CIRCLE ( 'NONE', #1272, 0.3224999999999998979 ) ;
#2954 = CARTESIAN_POINT ( 'NONE',  ( -3.492500000000005045, 2.614750000000001684, -1.967499999999983151 ) ) ;
#2955 = CARTESIAN_POINT ( 'NONE',  ( 3.786250000000011440, 2.614750000000001684, 3.112499999999992717 ) ) ;
#2956 = ORIENTED_EDGE ( 'NONE', *, *, #2366, .T. ) ;
#2957 = EDGE_CURVE ( 'NONE', #1374, #1188, #3310, .T. ) ;
#2958 = ADVANCED_FACE ( 'NONE', ( #3816 ), #3542, .T. ) ;
#2959 = VECTOR ( 'NONE', #2604, 999.9999999999998863 ) ;
#2960 = ORIENTED_EDGE ( 'NONE', *, *, #1480, .F. ) ;
#2961 = DIRECTION ( 'NONE',  ( 9.992007221626402947E-16, 1.000000000000000000, -1.453114432220788254E-16 ) ) ;
#2962 = FACE_OUTER_BOUND ( 'NONE', #1223, .T. ) ;
#2963 = EDGE_CURVE ( 'NONE', #1623, #123, #1215, .T. ) ;
#2964 = CARTESIAN_POINT ( 'NONE',  ( 4.108749999999997016, -3.872438979315153240, -1.034750000000007164 ) ) ;
#2965 = VECTOR ( 'NONE', #317, 1000.000000000000000 ) ;
#2966 = ORIENTED_EDGE ( 'NONE', *, *, #3777, .T. ) ;
#2967 = CARTESIAN_POINT ( 'NONE',  ( -3.492499999999982396, 2.614750000000009678, 4.507500000000018048 ) ) ;
#2968 = ORIENTED_EDGE ( 'NONE', *, *, #2771, .T. ) ;
#2969 = VECTOR ( 'NONE', #2474, 1000.000000000000000 ) ;
#2970 = CARTESIAN_POINT ( 'NONE',  ( -3.786249999999984350, 2.292250000000010779, 3.112500000000018918 ) ) ;
#2971 = COLOUR_RGB ( '',0.7921568627450980005, 0.8196078431372548767, 0.9333333333333333481 ) ;
#2972 = DIRECTION ( 'NONE',  ( 0.000000000000000000, -1.000000000000000000, 0.000000000000000000 ) ) ;
#2973 = CARTESIAN_POINT ( 'NONE',  ( -3.786249999999988347, 2.292250000000010335, 1.967500000000019122 ) ) ;
#2974 = ORIENTED_EDGE ( 'NONE', *, *, #3003, .F. ) ;
#2975 = DIRECTION ( 'NONE',  ( -9.992007221626414780E-16, 1.000000000000000000, -1.453114432220718243E-16 ) ) ;
#2976 = LINE ( 'NONE', #372, #2850 ) ;
#2977 = ORIENTED_EDGE ( 'NONE', *, *, #1581, .T. ) ;
#2978 = DIRECTION ( 'NONE',  ( 3.491481338843133355E-15, 1.453114432220753248E-16, 1.000000000000000000 ) ) ;
#2979 = LINE ( 'NONE', #1757, #2655 ) ;
#2980 = ORIENTED_EDGE ( 'NONE', *, *, #1503, .T. ) ;
#2981 = EDGE_CURVE ( 'NONE', #1788, #3829, #1491, .T. ) ;
#2982 = VERTEX_POINT ( 'NONE', #2083 ) ;
#2983 = DIRECTION ( 'NONE',  ( 0.9838760585644680257, 0.1788516183422652062, -3.461174084996292204E-15 ) ) ;
#2984 = CARTESIAN_POINT ( 'NONE',  ( -3.831250000000014921, -3.872438979315151464, -4.045249999999979806 ) ) ;
#2985 = ADVANCED_FACE ( 'NONE', ( #2108 ), #38, .F. ) ;
#2986 = VERTEX_POINT ( 'NONE', #2954 ) ;
#2987 = LINE ( 'NONE', #1820, #715 ) ;
#2988 = EDGE_LOOP ( 'NONE', ( #3087, #2716, #1235, #2416 ) ) ;
#2989 = CARTESIAN_POINT ( 'NONE',  ( 3.831249999999991385, -3.903127820947815962E-15, -3.112500000000006484 ) ) ;
#2990 = PLANE ( 'NONE',  #3822 ) ;
#2991 = CARTESIAN_POINT ( 'NONE',  ( -3.831250000000014921, -3.872438979315151464, -4.045249999999979806 ) ) ;
#2992 = ORIENTED_EDGE ( 'NONE', *, *, #1206, .T. ) ;
#2993 = LINE ( 'NONE', #3597, #968 ) ;
#2994 = CYLINDRICAL_SURFACE ( 'NONE', #3719, 0.3224999999999998979 ) ;
#2995 = VERTEX_POINT ( 'NONE', #3579 ) ;
#2996 = CARTESIAN_POINT ( 'NONE',  ( -4.108749999999984581, -3.035766082959412415E-15, 4.507500000000020712 ) ) ;
#2997 = DIRECTION ( 'NONE',  ( 3.491481338843133355E-15, 0.000000000000000000, 1.000000000000000000 ) ) ;
#2998 = ORIENTED_EDGE ( 'NONE', *, *, #1926, .T. ) ;
#2999 = ORIENTED_EDGE ( 'NONE', *, *, #3187, .F. ) ;
#3000 = DIRECTION ( 'NONE',  ( -1.000000000000000000, 6.578071420904052502E-15, 3.491481338843132566E-15 ) ) ;
#3001 = CARTESIAN_POINT ( 'NONE',  ( -4.108749999999997016, -3.903127820947815962E-15, 1.034750000000021375 ) ) ;
#3002 = DIRECTION ( 'NONE',  ( -3.491481338843133355E-15, -1.453114432220753495E-16, -1.000000000000000000 ) ) ;
#3003 = EDGE_CURVE ( 'NONE', #2448, #977, #2356, .T. ) ;
#3004 = LINE ( 'NONE', #1153, #1525 ) ;
#3005 = VERTEX_POINT ( 'NONE', #645 ) ;
#3006 = DIRECTION ( 'NONE',  ( -3.491481338843133355E-15, -6.990965660939809362E-31, -1.000000000000000000 ) ) ;
#3007 = ORIENTED_EDGE ( 'NONE', *, *, #666, .F. ) ;
#3008 = MANIFOLD_SOLID_BREP ( 'Body-Move/Copy2[3]', #1413 ) ;
#3009 = LINE ( 'NONE', #1843, #418 ) ;
#3010 = ADVANCED_FACE ( 'NONE', ( #913 ), #2414, .F. ) ;
#3011 = EDGE_CURVE ( 'NONE', #603, #764, #292, .T. ) ;
#3012 = VECTOR ( 'NONE', #2179, 1000.000000000000114 ) ;
#3013 = ORIENTED_EDGE ( 'NONE', *, *, #3230, .F. ) ;
#3014 = LINE ( 'NONE', #349, #848 ) ;
#3015 = AXIS2_PLACEMENT_3D ( 'NONE', #3527, #632, #2091 ) ;
#3016 = ORIENTED_EDGE ( 'NONE', *, *, #225, .T. ) ;
#3017 = DIRECTION ( 'NONE',  ( 2.775557561562941887E-17, -1.000000000000000000, 1.453114432220752262E-16 ) ) ;
#3018 = AXIS2_PLACEMENT_3D ( 'NONE', #1558, #3044, #750 ) ;
#3019 = PLANE ( 'NONE',  #3841 ) ;
#3020 = ORIENTED_EDGE ( 'NONE', *, *, #3266, .F. ) ;
#3021 = AXIS2_PLACEMENT_3D ( 'NONE', #2372, #288, #3289 ) ;
#3022 = VERTEX_POINT ( 'NONE', #1472 ) ;
#3023 = CARTESIAN_POINT ( 'NONE',  ( -3.831249999999995381, -3.872438979315151464, 1.505250000000020627 ) ) ;
#3024 = CARTESIAN_POINT ( 'NONE',  ( -3.492499999999973070, 2.337250000000000938, 4.687500000000028422 ) ) ;
#3025 = CIRCLE ( 'NONE', #1093, 0.3224999999999998979 ) ;
#3026 = FILL_AREA_STYLE_COLOUR ( '', #351 ) ;
#3027 = ORIENTED_EDGE ( 'NONE', *, *, #666, .T. ) ;
#3028 = DIRECTION ( 'NONE',  ( -3.491481338843133355E-15, -1.453114432220753495E-16, -1.000000000000000000 ) ) ;
#3029 = ORIENTED_EDGE ( 'NONE', *, *, #205, .F. ) ;
#3030 = DIRECTION ( 'NONE',  ( -1.000000000000000000, 1.415534356397074589E-15, 3.491481338843132961E-15 ) ) ;
#3031 = VECTOR ( 'NONE', #3219, 1000.000000000000000 ) ;
#3032 = AXIS2_PLACEMENT_3D ( 'NONE', #3099, #1026, #3407 ) ;
#3033 = EDGE_CURVE ( 'NONE', #95, #916, #219, .T. ) ;
#3034 = FILL_AREA_STYLE_COLOUR ( '', #2755 ) ;
#3035 = EDGE_LOOP ( 'NONE', ( #2332, #2758, #266, #3815 ) ) ;
#3036 = AXIS2_PLACEMENT_3D ( 'NONE', #1405, #1742, #2263 ) ;
#3037 = MANIFOLD_SOLID_BREP ( 'Body-Move/Copy2[7]', #918 ) ;
#3038 = PLANE ( 'NONE',  #3455 ) ;
#3039 = LINE ( 'NONE', #3598, #3656 ) ;
#3040 = ORIENTED_EDGE ( 'NONE', *, *, #3437, .F. ) ;
#3041 = CARTESIAN_POINT ( 'NONE',  ( 4.108749999999988134, -3.872438979315154572, -3.574750000000006978 ) ) ;
#3042 = ORIENTED_EDGE ( 'NONE', *, *, #1803, .F. ) ;
#3043 = ORIENTED_EDGE ( 'NONE', *, *, #1801, .T. ) ;
#3044 = DIRECTION ( 'NONE',  ( 6.578071420904051713E-15, 1.000000000000000000, -1.453114432220983004E-16 ) ) ;
#3045 = DIRECTION ( 'NONE',  ( 3.491481338843133355E-15, 1.453114432220753248E-16, 1.000000000000000000 ) ) ;
#3046 = CARTESIAN_POINT ( 'NONE',  ( -4.108750000000007674, 2.333823006393089372, -1.967499999999980043 ) ) ;
#3047 = DIRECTION ( 'NONE',  ( -1.000000000000000000, 5.551115123125782702E-17, 3.491481338843133355E-15 ) ) ;
#3048 = ORIENTED_EDGE ( 'NONE', *, *, #1920, .T. ) ;
#3049 = LINE ( 'NONE', #3086, #1515 ) ;
#3050 = ORIENTED_EDGE ( 'NONE', *, *, #3324, .T. ) ;
#3051 = DIRECTION ( 'NONE',  ( 0.9838760585644680257, 0.1788516183422652062, -3.461174084996292204E-15 ) ) ;
#3052 =( NAMED_UNIT ( * ) SI_UNIT ( $, .STERADIAN. ) SOLID_ANGLE_UNIT ( ) );
#3053 = ORIENTED_EDGE ( 'NONE', *, *, #3247, .F. ) ;
#3054 = EDGE_CURVE ( 'NONE', #1233, #3294, #330, .T. ) ;
#3055 = DIRECTION ( 'NONE',  ( -3.491481338843133355E-15, -1.453114432220753495E-16, -1.000000000000000000 ) ) ;
#3056 = FACE_OUTER_BOUND ( 'NONE', #3619, .T. ) ;
#3057 = CARTESIAN_POINT ( 'NONE',  ( 4.108750000000013891, 2.333823006393090260, 4.045249999999991353 ) ) ;
#3058 = ORIENTED_EDGE ( 'NONE', *, *, #1034, .T. ) ;
#3059 = EDGE_CURVE ( 'NONE', #173, #2025, #3830, .T. ) ;
#3060 = LINE ( 'NONE', #1048, #1590 ) ;
#3061 = ADVANCED_FACE ( 'NONE', ( #146 ), #2833, .T. ) ;
#3062 = CARTESIAN_POINT ( 'NONE',  ( 3.831249999999987832, -3.872438979315151464, -3.574750000000006089 ) ) ;
#3063 = FACE_OUTER_BOUND ( 'NONE', #568, .T. ) ;
#3064 = PLANE ( 'NONE',  #226 ) ;
#3065 = ORIENTED_EDGE ( 'NONE', *, *, #2249, .F. ) ;
#3066 = DIRECTION ( 'NONE',  ( 1.000000000000000000, -3.125627884642896330E-15, -3.491481338843132961E-15 ) ) ;
#3067 = ORIENTED_EDGE ( 'NONE', *, *, #3317, .T. ) ;
#3068 = LINE ( 'NONE', #1941, #3518 ) ;
#3069 = DIRECTION ( 'NONE',  ( 1.000000000000000000, 0.000000000000000000, -3.491481338843133355E-15 ) ) ;
#3070 = DIRECTION ( 'NONE',  ( -0.9838760585644680257, 0.1788516183422652062, 3.409195711428455762E-15 ) ) ;
#3071 = ORIENTED_EDGE ( 'NONE', *, *, #3054, .F. ) ;
#3072 = PLANE ( 'NONE',  #905 ) ;
#3073 = VECTOR ( 'NONE', #3028, 1000.000000000000000 ) ;
#3074 = ORIENTED_EDGE ( 'NONE', *, *, #567, .T. ) ;
#3075 = PLANE ( 'NONE',  #3844 ) ;
#3076 = ORIENTED_EDGE ( 'NONE', *, *, #1185, .F. ) ;
#3077 = VECTOR ( 'NONE', #3184, 1000.000000000000000 ) ;
#3078 = LINE ( 'NONE', #3680, #667 ) ;
#3079 = AXIS2_PLACEMENT_3D ( 'NONE', #1936, #2204, #1281 ) ;
#3080 = ADVANCED_FACE ( 'NONE', ( #3671 ), #1003, .F. ) ;
#3081 = LINE ( 'NONE', #2762, #3265 ) ;
#3082 = FACE_OUTER_BOUND ( 'NONE', #1494, .T. ) ;
#3083 = VECTOR ( 'NONE', #213, 1000.000000000000000 ) ;
#3084 = ORIENTED_EDGE ( 'NONE', *, *, #3106, .T. ) ;
#3085 = EDGE_CURVE ( 'NONE', #626, #3605, #2526, .T. ) ;
#3086 = CARTESIAN_POINT ( 'NONE',  ( -4.108750000000005898, -3.903127820947815962E-15, -1.505249999999978883 ) ) ;
#3087 = ORIENTED_EDGE ( 'NONE', *, *, #2014, .F. ) ;
#3088 = VECTOR ( 'NONE', #2527, 1000.000000000000000 ) ;
#3089 = CARTESIAN_POINT ( 'NONE',  ( 3.831249999999984723, -3.903127820947815962E-15, -4.507500000000007390 ) ) ;
#3090 = PLANE ( 'NONE',  #2145 ) ;
#3091 = AXIS2_PLACEMENT_3D ( 'NONE', #416, #2499, #455 ) ;
#3092 = DIRECTION ( 'NONE',  ( 5.551115123125732166E-17, 1.000000000000000000, -1.453114432220755221E-16 ) ) ;
#3093 = CARTESIAN_POINT ( 'NONE',  ( -4.108750000000004121, -3.872438979315153240, -1.034749999999978520 ) ) ;
#3094 = ORIENTED_EDGE ( 'NONE', *, *, #2578, .T. ) ;
#3095 = CARTESIAN_POINT ( 'NONE',  ( 3.831249999999995381, -3.872438979315151464, -1.505250000000006194 ) ) ;
#3096 = VECTOR ( 'NONE', #3383, 1000.000000000000000 ) ;
#3097 = ORIENTED_EDGE ( 'NONE', *, *, #3321, .T. ) ;
#3098 = VECTOR ( 'NONE', #2143, 1000.000000000000000 ) ;
#3099 = CARTESIAN_POINT ( 'NONE',  ( 3.831250000000002487, -3.035766082959412415E-15, 0.5724999999999927924 ) ) ;
#3100 = ORIENTED_EDGE ( 'NONE', *, *, #443, .T. ) ;
#3101 = DIRECTION ( 'NONE',  ( 1.000000000000000000, 0.000000000000000000, 0.000000000000000000 ) ) ;
#3102 = CIRCLE ( 'NONE', #740, 0.04499999999999990119 ) ;
#3103 = DIRECTION ( 'NONE',  ( 3.491481338843133355E-15, 1.453114432220753495E-16, 1.000000000000000000 ) ) ;
#3104 = CARTESIAN_POINT ( 'NONE',  ( -3.831250000000007372, -3.035766082959412415E-15, -1.505249999999979771 ) ) ;
#3105 = LINE ( 'NONE', #2105, #986 ) ;
#3106 = EDGE_CURVE ( 'NONE', #2702, #2808, #1929, .T. ) ;
#3107 = ORIENTED_EDGE ( 'NONE', *, *, #3291, .T. ) ;
#3108 = PLANE ( 'NONE',  #278 ) ;
#3109 = ORIENTED_EDGE ( 'NONE', *, *, #2440, .T. ) ;
#3110 = EDGE_CURVE ( 'NONE', #422, #2211, #2216, .T. ) ;
#3111 = LINE ( 'NONE', #3378, #3761 ) ;
#3112 = CARTESIAN_POINT ( 'NONE',  ( 3.492499999999987725, 2.614750000000000796, -4.687500000000022204 ) ) ;
#3113 = PLANE ( 'NONE',  #104 ) ;
#3114 = ORIENTED_EDGE ( 'NONE', *, *, #3175, .F. ) ;
#3115 = LINE ( 'NONE', #973, #113 ) ;
#3116 = ORIENTED_EDGE ( 'NONE', *, *, #270, .F. ) ;
#3117 = LINE ( 'NONE', #411, #3706 ) ;
#3118 = ORIENTED_EDGE ( 'NONE', *, *, #1360, .T. ) ;
#3119 = DIRECTION ( 'NONE',  ( -1.000000000000000000, 0.000000000000000000, 0.000000000000000000 ) ) ;
#3120 = DIRECTION ( 'NONE',  ( -3.707836382467011589E-15, 0.1305261922200519065, -0.9914448613738104932 ) ) ;
#3121 = UNCERTAINTY_MEASURE_WITH_UNIT (LENGTH_MEASURE( 1.000000000000000082E-05 ), #1584, 'distance_accuracy_value', 'NONE');
#3122 = VERTEX_POINT ( 'NONE', #1611 ) ;
#3123 = CARTESIAN_POINT ( 'NONE',  ( 3.492499999999987725, 2.337250000000000938, -4.687500000000022204 ) ) ;
#3124 = ORIENTED_EDGE ( 'NONE', *, *, #3724, .F. ) ;
#3125 = EDGE_CURVE ( 'NONE', #3232, #1500, #2701, .T. ) ;
#3126 = CYLINDRICAL_SURFACE ( 'NONE', #3445, 0.04499999999999990119 ) ;
#3127 = CARTESIAN_POINT ( 'NONE',  ( 4.108750000000004121, 2.333823006393089816, 1.034749999999992509 ) ) ;
#3128 = EDGE_CURVE ( 'NONE', #771, #1933, #3148, .T. ) ;
#3129 = PLANE ( 'NONE',  #2279 ) ;
#3130 = EDGE_CURVE ( 'NONE', #2055, #3789, #2794, .T. ) ;
#3131 =( LENGTH_UNIT ( ) NAMED_UNIT ( * ) SI_UNIT ( .MILLI., .METRE. ) );
#3132 = ADVANCED_FACE ( 'NONE', ( #486 ), #742, .T. ) ;
#3133 = LINE ( 'NONE', #3496, #2289 ) ;
#3134 = ORIENTED_EDGE ( 'NONE', *, *, #3249, .F. ) ;
#3135 = CARTESIAN_POINT ( 'NONE',  ( -3.492499999999988169, 2.337250000000008487, 3.112500000000018030 ) ) ;
#3136 = ORIENTED_EDGE ( 'NONE', *, *, #15, .T. ) ;
#3137 = CYLINDRICAL_SURFACE ( 'NONE', #2392, 0.04499999999999990119 ) ;
#3138 = VECTOR ( 'NONE', #504, 1000.000000000000000 ) ;
#3139 = CARTESIAN_POINT ( 'NONE',  ( 3.492499999999987725, 2.614750000000000796, -4.687500000000023093 ) ) ;
#3140 =( NAMED_UNIT ( * ) SI_UNIT ( $, .STERADIAN. ) SOLID_ANGLE_UNIT ( ) );
#3141 = VECTOR ( 'NONE', #1521, 1000.000000000000000 ) ;
#3142 = VERTEX_POINT ( 'NONE', #1022 ) ;
#3143 = CARTESIAN_POINT ( 'NONE',  ( -3.786250000000002114, 2.292250000000009891, -1.967499999999982263 ) ) ;
#3144 = ORIENTED_EDGE ( 'NONE', *, *, #1387, .F. ) ;
#3145 = FACE_OUTER_BOUND ( 'NONE', #1047, .T. ) ;
#3146 = PRESENTATION_LAYER_ASSIGNMENT (  '', '', ( #3701 ) ) ;
#3147 = AXIS2_PLACEMENT_3D ( 'NONE', #1308, #3689, #3752 ) ;
#3148 = LINE ( 'NONE', #3735, #408 ) ;
#3149 = LINE ( 'NONE', #465, #3273 ) ;
#3150 = EDGE_CURVE ( 'NONE', #64, #844, #3401, .T. ) ;
#3151 = PRESENTATION_LAYER_ASSIGNMENT (  '', '', ( #2094 ) ) ;
#3152 = DIRECTION ( 'NONE',  ( 0.000000000000000000, 1.000000000000000000, 0.000000000000000000 ) ) ;
#3153 = EDGE_LOOP ( 'NONE', ( #2751, #3673, #156, #3540 ) ) ;
#3154 = CARTESIAN_POINT ( 'NONE',  ( -4.108749999999976588, 2.292250000000012111, 4.507500000000020712 ) ) ;
#3155 = ORIENTED_EDGE ( 'NONE', *, *, #1454, .F. ) ;
#3156 = VECTOR ( 'NONE', #2869, 1000.000000000000000 ) ;
#3157 = FACE_OUTER_BOUND ( 'NONE', #3359, .T. ) ;
#3158 = EDGE_CURVE ( 'NONE', #588, #2753, #3715, .T. ) ;
#3159 = VECTOR ( 'NONE', #3558, 1000.000000000000000 ) ;
#3160 = ORIENTED_EDGE ( 'NONE', *, *, #3175, .T. ) ;
#3161 = LINE ( 'NONE', #496, #1585 ) ;
#3162 = DIRECTION ( 'NONE',  ( 1.000000000000000000, -2.775557561562891351E-17, -3.491481338843133355E-15 ) ) ;
#3163 = EDGE_CURVE ( 'NONE', #3789, #2995, #3436, .T. ) ;
#3164 = ORIENTED_EDGE ( 'NONE', *, *, #2201, .F. ) ;
#3165 = DIRECTION ( 'NONE',  ( -3.491481338843133355E-15, 0.000000000000000000, -1.000000000000000000 ) ) ;
#3166 = DIRECTION ( 'NONE',  ( -3.491481338843133355E-15, -1.453114432220753495E-16, -1.000000000000000000 ) ) ;
#3167 = DIRECTION ( 'NONE',  ( -2.775557561562941887E-17, 1.000000000000000000, -1.453114432220752262E-16 ) ) ;
#3168 = LINE ( 'NONE', #3533, #3138 ) ;
#3169 = PLANE ( 'NONE',  #3215 ) ;
#3170 = DIRECTION ( 'NONE',  ( -3.491481338843133355E-15, -1.453114432220752016E-16, -1.000000000000000000 ) ) ;
#3171 =( NAMED_UNIT ( * ) SI_UNIT ( $, .STERADIAN. ) SOLID_ANGLE_UNIT ( ) );
#3172 = ORIENTED_EDGE ( 'NONE', *, *, #2582, .F. ) ;
#3173 = DIRECTION ( 'NONE',  ( -1.000000000000000000, 6.605826996519682993E-15, 3.491481338843132961E-15 ) ) ;
#3174 = ORIENTED_EDGE ( 'NONE', *, *, #1700, .T. ) ;
#3175 = EDGE_CURVE ( 'NONE', #2986, #3357, #3060, .T. ) ;
#3176 = DIRECTION ( 'NONE',  ( -2.775557561562840507E-17, -1.000000000000000000, 1.453114432220754235E-16 ) ) ;
#3177 = EDGE_LOOP ( 'NONE', ( #1255, #199, #2555, #2349 ) ) ;
#3178 = CARTESIAN_POINT ( 'NONE',  ( -3.492500000000012150, 2.614750000000000796, -4.687499999999997335 ) ) ;
#3179 = CARTESIAN_POINT ( 'NONE',  ( -4.108749999999984581, 2.333823006393090260, 4.507500000000020712 ) ) ;
#3180 = VERTEX_POINT ( 'NONE', #2239 ) ;
#3181 = ADVANCED_FACE ( 'NONE', ( #2742 ), #1618, .T. ) ;
#3182 = EDGE_CURVE ( 'NONE', #3829, #682, #2801, .T. ) ;
#3183 = VERTEX_POINT ( 'NONE', #1256 ) ;
#3184 = DIRECTION ( 'NONE',  ( 2.775557561562886421E-16, 1.000000000000000000, -1.453114432220762863E-16 ) ) ;
#3185 = FACE_OUTER_BOUND ( 'NONE', #1493, .T. ) ;
#3186 = SURFACE_SIDE_STYLE ('',( #1761 ) ) ;
#3187 = EDGE_CURVE ( 'NONE', #2185, #2231, #2476, .T. ) ;
#3188 = DIRECTION ( 'NONE',  ( -1.000000000000000000, 6.578071420904052502E-15, 3.491481338843132566E-15 ) ) ;
#3189 = CARTESIAN_POINT ( 'NONE',  ( 3.786250000000016325, 2.292250000000002341, 4.507499999999993179 ) ) ;
#3190 = PRESENTATION_STYLE_ASSIGNMENT (( #2296 ) ) ;
#3191 = CARTESIAN_POINT ( 'NONE',  ( 4.108749999999986358, -3.872438979315154572, -4.045250000000007340 ) ) ;
#3192 = ORIENTED_EDGE ( 'NONE', *, *, #3702, .F. ) ;
#3193 = CARTESIAN_POINT ( 'NONE',  ( 3.831249999999986056, 2.292250000000001009, -4.045250000000006452 ) ) ;
#3194 = ORIENTED_EDGE ( 'NONE', *, *, #3203, .F. ) ;
#3195 = FACE_OUTER_BOUND ( 'NONE', #554, .T. ) ;
#3196 = LINE ( 'NONE', #1437, #547 ) ;
#3197 = ORIENTED_EDGE ( 'NONE', *, *, #3669, .T. ) ;
#3198 = EDGE_CURVE ( 'NONE', #3366, #3621, #393, .T. ) ;
#3199 = ORIENTED_EDGE ( 'NONE', *, *, #1847, .F. ) ;
#3200 = AXIS2_PLACEMENT_3D ( 'NONE', #3281, #2136, #1229 ) ;
#3201 = CARTESIAN_POINT ( 'NONE',  ( 3.781250000000011546, 2.333823006393091148, 3.112499999999992717 ) ) ;
#3202 = CARTESIAN_POINT ( 'NONE',  ( 3.786250000000016325, 2.292250000000002341, 4.507499999999993179 ) ) ;
#3203 = EDGE_CURVE ( 'NONE', #2697, #1296, #76, .T. ) ;
#3204 = AXIS2_PLACEMENT_3D ( 'NONE', #2232, #2502, #2210 ) ;
#3205 = EDGE_CURVE ( 'NONE', #141, #3237, #2186, .T. ) ;
#3206 = PLANE ( 'NONE',  #400 ) ;
#3207 = VECTOR ( 'NONE', #3103, 1000.000000000000000 ) ;
#3208 = DIRECTION ( 'NONE',  ( 3.491481338843133355E-15, 0.000000000000000000, 1.000000000000000000 ) ) ;
#3209 = FACE_OUTER_BOUND ( 'NONE', #2923, .T. ) ;
#3210 = VECTOR ( 'NONE', #3092, 1000.000000000000000 ) ;
#3211 = VECTOR ( 'NONE', #3335, 1000.000000000000114 ) ;
#3212 = CARTESIAN_POINT ( 'NONE',  ( 3.831249999999984723, -3.903127820947815962E-15, -4.507500000000007390 ) ) ;
#3213 = ORIENTED_EDGE ( 'NONE', *, *, #3130, .F. ) ;
#3214 = CARTESIAN_POINT ( 'NONE',  ( -3.492500000000005933, 2.337250000000008487, -1.967499999999983151 ) ) ;
#3215 = AXIS2_PLACEMENT_3D ( 'NONE', #2581, #2871, #1428 ) ;
#3216 = ORIENTED_EDGE ( 'NONE', *, *, #1801, .F. ) ;
#3217 = CARTESIAN_POINT ( 'NONE',  ( 3.234823149097073358, 4.571999999999997399, -1.129432465953020891E-14 ) ) ;
#3218 = VECTOR ( 'NONE', #2560, 1000.000000000000000 ) ;
#3219 = DIRECTION ( 'NONE',  ( -1.665334536937739494E-16, 1.000000000000000000, -1.453114432220747085E-16 ) ) ;
#3220 = ORIENTED_EDGE ( 'NONE', *, *, #1971, .F. ) ;
#3221 = AXIS2_PLACEMENT_3D ( 'NONE', #2973, #1486, #1787 ) ;
#3222 = ORIENTED_EDGE ( 'NONE', *, *, #1389, .T. ) ;
#3223 = FACE_OUTER_BOUND ( 'NONE', #3857, .T. ) ;
#3224 = LINE ( 'NONE', #2001, #1729 ) ;
#3225 =( NAMED_UNIT ( * ) PLANE_ANGLE_UNIT ( ) SI_UNIT ( $, .RADIAN. ) );
#3226 = EDGE_CURVE ( 'NONE', #1794, #2826, #2169, .T. ) ;
#3227 = AXIS2_PLACEMENT_3D ( 'NONE', #2121, #1527, #3632 ) ;
#3228 = CARTESIAN_POINT ( 'NONE',  ( 3.492500000000019700, 2.337250000000002270, 4.507499999999994067 ) ) ;
#3229 = CARTESIAN_POINT ( 'NONE',  ( 3.831249999999984723, -3.903127820947815962E-15, -4.507500000000007390 ) ) ;
#3230 = EDGE_CURVE ( 'NONE', #1551, #2211, #2819, .T. ) ;
#3231 = EDGE_CURVE ( 'NONE', #2379, #3142, #2533, .T. ) ;
#3232 = VERTEX_POINT ( 'NONE', #120 ) ;
#3233 = CARTESIAN_POINT ( 'NONE',  ( 3.492500000000019700, 2.614750000000000796, 4.687500000000002665 ) ) ;
#3234 = PRESENTATION_STYLE_ASSIGNMENT (( #3520 ) ) ;
#3235 = DIRECTION ( 'NONE',  ( -3.491481338843133355E-15, -1.453114432220753495E-16, -1.000000000000000000 ) ) ;
#3236 = ORIENTED_EDGE ( 'NONE', *, *, #2347, .F. ) ;
#3237 = VERTEX_POINT ( 'NONE', #3352 ) ;
#3238 = LINE ( 'NONE', #1198, #2208 ) ;
#3239 = ORIENTED_EDGE ( 'NONE', *, *, #779, .F. ) ;
#3240 = CARTESIAN_POINT ( 'NONE',  ( 4.108750000000004121, 2.333823006393089816, 1.034749999999992509 ) ) ;
#3241 = ORIENTED_EDGE ( 'NONE', *, *, #1526, .T. ) ;
#3242 = CARTESIAN_POINT ( 'NONE',  ( 3.831249999999995381, 2.292250000000001009, -1.505250000000006860 ) ) ;
#3243 = CARTESIAN_POINT ( 'NONE',  ( -3.831249999999989608, -3.035766082959412415E-15, 3.112500000000020250 ) ) ;
#3244 = EDGE_CURVE ( 'NONE', #333, #862, #748, .T. ) ;
#3245 =( NAMED_UNIT ( * ) PLANE_ANGLE_UNIT ( ) SI_UNIT ( $, .RADIAN. ) );
#3246 = VERTEX_POINT ( 'NONE', #155 ) ;
#3247 = EDGE_CURVE ( 'NONE', #3472, #844, #436, .T. ) ;
#3248 = LINE ( 'NONE', #2047, #1713 ) ;
#3249 = EDGE_CURVE ( 'NONE', #714, #3647, #3117, .T. ) ;
#3250 = ORIENTED_EDGE ( 'NONE', *, *, #85, .T. ) ;
#3251 = LINE ( 'NONE', #1771, #2969 ) ;
#3252 = ORIENTED_EDGE ( 'NONE', *, *, #580, .F. ) ;
#3253 = ORIENTED_EDGE ( 'NONE', *, *, #448, .F. ) ;
#3254 = CARTESIAN_POINT ( 'NONE',  ( -3.781249999999989786, 2.333823006393091148, 3.112500000000018918 ) ) ;
#3255 = LINE ( 'NONE', #593, #2406 ) ;
#3256 = DIRECTION ( 'NONE',  ( -2.775557561562840507E-17, -1.000000000000000000, 1.453114432220754235E-16 ) ) ;
#3257 = AXIS2_PLACEMENT_3D ( 'NONE', #386, #3595, #1566 ) ;
#3258 = ORIENTED_EDGE ( 'NONE', *, *, #2437, .F. ) ;
#3259 = VERTEX_POINT ( 'NONE', #1315 ) ;
#3260 = DIRECTION ( 'NONE',  ( -3.491481338843133355E-15, -1.453114432220753495E-16, -1.000000000000000000 ) ) ;
#3261 = VECTOR ( 'NONE', #754, 1000.000000000000000 ) ;
#3262 = AXIS2_PLACEMENT_3D ( 'NONE', #1124, #1399, #1086 ) ;
#3263 = CARTESIAN_POINT ( 'NONE',  ( 3.492500000000019700, 2.614750000000002128, 4.507499999999994067 ) ) ;
#3264 = ORIENTED_EDGE ( 'NONE', *, *, #3033, .F. ) ;
#3265 = VECTOR ( 'NONE', #3353, 1000.000000000000000 ) ;
#3266 = EDGE_CURVE ( 'NONE', #2107, #1863, #3833, .T. ) ;
#3267 = VERTEX_POINT ( 'NONE', #1297 ) ;
#3268 = VECTOR ( 'NONE', #99, 1000.000000000000000 ) ;
#3269 = FILL_AREA_STYLE_COLOUR ( '', #406 ) ;
#3270 = DIRECTION ( 'NONE',  ( 2.775557561562886421E-16, 1.000000000000000000, -1.453114432220762863E-16 ) ) ;
#3271 = ORIENTED_EDGE ( 'NONE', *, *, #2196, .T. ) ;
#3272 = EDGE_CURVE ( 'NONE', #3443, #994, #3722, .T. ) ;
#3273 = VECTOR ( 'NONE', #1390, 1000.000000000000000 ) ;
#3274 = AXIS2_PLACEMENT_3D ( 'NONE', #1899, #2234, #483 ) ;
#3275 = ORIENTED_EDGE ( 'NONE', *, *, #1531, .T. ) ;
#3276 = DIRECTION ( 'NONE',  ( 1.000000000000000000, 9.992007221626408864E-16, -3.491481338843133355E-15 ) ) ;
#3277 = CARTESIAN_POINT ( 'NONE',  ( -3.786249999999997673, 2.337250000000009820, -0.5724999999999816902 ) ) ;
#3278 = LINE ( 'NONE', #616, #1222 ) ;
#3279 = VECTOR ( 'NONE', #3792, 1000.000000000000000 ) ;
#3280 = ORIENTED_EDGE ( 'NONE', *, *, #1360, .F. ) ;
#3281 = CARTESIAN_POINT ( 'NONE',  ( -3.831249999999998490, -3.035766082959412415E-15, 0.5725000000000195488 ) ) ;
#3282 = ORIENTED_EDGE ( 'NONE', *, *, #3059, .T. ) ;
#3283 = VECTOR ( 'NONE', #286, 1000.000000000000000 ) ;
#3284 = DIRECTION ( 'NONE',  ( -3.491481338843133355E-15, -1.453114432220753495E-16, -1.000000000000000000 ) ) ;
#3285 = VECTOR ( 'NONE', #1274, 1000.000000000000000 ) ;
#3286 = LINE ( 'NONE', #1807, #2692 ) ;
#3287 = DIRECTION ( 'NONE',  ( -3.491481338843133355E-15, -1.453114432220753495E-16, -1.000000000000000000 ) ) ;
#3288 = EDGE_LOOP ( 'NONE', ( #3067, #3629, #3599, #1617 ) ) ;
#3289 = DIRECTION ( 'NONE',  ( -0.9838760585644680257, 0.1788516183422652062, 3.409195711428455762E-15 ) ) ;
#3290 = FACE_OUTER_BOUND ( 'NONE', #1635, .T. ) ;
#3291 = EDGE_CURVE ( 'NONE', #3789, #177, #3078, .T. ) ;
#3292 = SURFACE_SIDE_STYLE ('',( #1792 ) ) ;
#3293 = DIRECTION ( 'NONE',  ( 0.000000000000000000, 1.000000000000000000, 0.000000000000000000 ) ) ;
#3294 = VERTEX_POINT ( 'NONE', #2513 ) ;
#3295 = EDGE_CURVE ( 'NONE', #2185, #2379, #2316, .T. ) ;
#3296 = CARTESIAN_POINT ( 'NONE',  ( -3.831249999999989608, -3.035766082959412415E-15, 3.112500000000020250 ) ) ;
#3297 = DIRECTION ( 'NONE',  ( -2.952720810173325991E-15, -1.000000000000000000, 1.453114432220856540E-16 ) ) ;
#3298 = FACE_OUTER_BOUND ( 'NONE', #938, .T. ) ;
#3299 = EDGE_CURVE ( 'NONE', #771, #1629, #2898, .T. ) ;
#3300 = ORIENTED_EDGE ( 'NONE', *, *, #2086, .T. ) ;
#3301 = EDGE_CURVE ( 'NONE', #3805, #137, #237, .T. ) ;
#3302 = DIRECTION ( 'NONE',  ( -1.000000000000000000, 9.992007221626408864E-16, 3.491481338843133355E-15 ) ) ;
#3303 = ORIENTED_EDGE ( 'NONE', *, *, #2675, .T. ) ;
#3304 = CARTESIAN_POINT ( 'NONE',  ( -3.831249999999989608, -3.035766082959412415E-15, 3.112500000000020250 ) ) ;
#3305 = CARTESIAN_POINT ( 'NONE',  ( 3.786249999999984794, 2.292250000000001009, -4.507500000000007390 ) ) ;
#3306 = CARTESIAN_POINT ( 'NONE',  ( -3.831250000000016254, -3.903127820947815962E-15, -4.507499999999980744 ) ) ;
#3307 = ORIENTED_EDGE ( 'NONE', *, *, #993, .F. ) ;
#3308 = CARTESIAN_POINT ( 'NONE',  ( -4.108749999999988134, -3.903127820947815962E-15, 3.574750000000021632 ) ) ;
#3309 = VERTEX_POINT ( 'NONE', #3799 ) ;
#3310 = LINE ( 'NONE', #1436, #3766 ) ;
#3311 = LINE ( 'NONE', #1511, #3652 ) ;
#3312 = ORIENTED_EDGE ( 'NONE', *, *, #752, .F. ) ;
#3313 = CARTESIAN_POINT ( 'NONE',  ( 4.108750000000012115, -3.903127820947815962E-15, 3.112499999999992273 ) ) ;
#3314 = DIRECTION ( 'NONE',  ( -1.000000000000000000, 2.952720810173326386E-15, 3.491481338843133355E-15 ) ) ;
#3315 = CARTESIAN_POINT ( 'NONE',  ( -4.108750000000002345, -3.903127820947815962E-15, -0.5724999999999791367 ) ) ;
#3316 = FACE_OUTER_BOUND ( 'NONE', #1615, .T. ) ;
#3317 = EDGE_CURVE ( 'NONE', #1383, #2012, #2920, .T. ) ;
#3318 = ORIENTED_EDGE ( 'NONE', *, *, #2269, .T. ) ;
#3319 = DIRECTION ( 'NONE',  ( -0.9838760585644680257, 0.1788516183422652062, 3.409195711428455762E-15 ) ) ;
#3320 = CARTESIAN_POINT ( 'NONE',  ( 3.492500000000019700, 2.337250000000002270, 4.507499999999994067 ) ) ;
#3321 = EDGE_CURVE ( 'NONE', #3612, #1263, #3642, .T. ) ;
#3322 = FACE_OUTER_BOUND ( 'NONE', #2900, .T. ) ;
#3323 = VECTOR ( 'NONE', #3751, 1000.000000000000000 ) ;
#3324 = EDGE_CURVE ( 'NONE', #2429, #1237, #527, .T. ) ;
#3325 = ORIENTED_EDGE ( 'NONE', *, *, #2556, .T. ) ;
#3326 = CARTESIAN_POINT ( 'NONE',  ( -3.786249999999984350, 2.292250000000010779, 3.112500000000018918 ) ) ;
#3327 = AXIS2_PLACEMENT_3D ( 'NONE', #2052, #2961, #3586 ) ;
#3328 = VERTEX_POINT ( 'NONE', #3135 ) ;
#3329 = VECTOR ( 'NONE', #1139, 1000.000000000000000 ) ;
#3330 = DIRECTION ( 'NONE',  ( 3.491481338843133355E-15, 0.000000000000000000, 1.000000000000000000 ) ) ;
#3331 = ORIENTED_EDGE ( 'NONE', *, *, #267, .F. ) ;
#3332 = AXIS2_PLACEMENT_3D ( 'NONE', #1448, #3541, #873 ) ;
#3333 = DIRECTION ( 'NONE',  ( -5.073521923302396075E-31, 1.000000000000000000, -1.453114432220753495E-16 ) ) ;
#3334 = DIRECTION ( 'NONE',  ( -0.9914448613738104932, -0.1305261922200519065, 4.103700764412283504E-15 ) ) ;
#3335 = DIRECTION ( 'NONE',  ( 0.1294283079955637628, -0.9831056027603600755, -0.1294283079955642624 ) ) ;
#3336 = VECTOR ( 'NONE', #67, 1000.000000000000000 ) ;
#3337 = VERTEX_POINT ( 'NONE', #1066 ) ;
#3338 = DIRECTION ( 'NONE',  ( 2.952720810173325991E-15, 1.000000000000000000, -1.453114432220856540E-16 ) ) ;
#3339 = ORIENTED_EDGE ( 'NONE', *, *, #1727, .F. ) ;
#3340 = DIRECTION ( 'NONE',  ( -1.665334536937739494E-16, 1.000000000000000000, -1.453114432220747085E-16 ) ) ;
#3341 = EDGE_CURVE ( 'NONE', #3614, #2621, #3760, .T. ) ;
#3342 = VECTOR ( 'NONE', #3390, 1000.000000000000000 ) ;
#3343 = VECTOR ( 'NONE', #2783, 1000.000000000000000 ) ;
#3344 = CARTESIAN_POINT ( 'NONE',  ( 3.492499999999997495, 2.337250000000000938, -1.967500000000007354 ) ) ;
#3345 = EDGE_CURVE ( 'NONE', #2221, #177, #179, .T. ) ;
#3346 = ORIENTED_EDGE ( 'NONE', *, *, #2931, .F. ) ;
#3347 = DIRECTION ( 'NONE',  ( -3.491481338843133355E-15, -1.453114432220753495E-16, -1.000000000000000000 ) ) ;
#3348 = EDGE_CURVE ( 'NONE', #1230, #279, #3517, .T. ) ;
#3349 = ORIENTED_EDGE ( 'NONE', *, *, #3205, .T. ) ;
#3350 = LINE ( 'NONE', #3057, #1915 ) ;
#3351 = VERTEX_POINT ( 'NONE', #195 ) ;
#3352 = CARTESIAN_POINT ( 'NONE',  ( -3.831249999999995381, -3.035766082959412415E-15, 1.505250000000020627 ) ) ;
#3353 = DIRECTION ( 'NONE',  ( -2.775557561562896281E-16, 1.000000000000000000, -1.453114432220743634E-16 ) ) ;
#3354 = PLANE ( 'NONE',  #1850 ) ;
#3355 = LINE ( 'NONE', #2421, #3211 ) ;
#3356 = UNCERTAINTY_MEASURE_WITH_UNIT (LENGTH_MEASURE( 1.000000000000000082E-05 ), #2117, 'distance_accuracy_value', 'NONE');
#3357 = VERTEX_POINT ( 'NONE', #3214 ) ;
#3358 = CARTESIAN_POINT ( 'NONE',  ( 3.492500000000018812, 0.3800000000000018918, 4.429823149097071422 ) ) ;
#3359 = EDGE_LOOP ( 'NONE', ( #3100, #3677, #1758, #18 ) ) ;
#3360 = CARTESIAN_POINT ( 'NONE',  ( -3.831250000000003819, -3.035766082959412415E-15, -1.034749999999979631 ) ) ;
#3361 = FACE_OUTER_BOUND ( 'NONE', #2501, .T. ) ;
#3362 = VERTEX_POINT ( 'NONE', #1136 ) ;
#3363 = CARTESIAN_POINT ( 'NONE',  ( -3.786249999999984350, 2.337250000000010708, 3.112500000000018918 ) ) ;
#3364 = ADVANCED_FACE ( 'NONE', ( #1418 ), #2007, .F. ) ;
#3365 = DIRECTION ( 'NONE',  ( 0.000000000000000000, 1.000000000000000000, 0.000000000000000000 ) ) ;
#3366 = VERTEX_POINT ( 'NONE', #858 ) ;
#3367 = CARTESIAN_POINT ( 'NONE',  ( 3.786250000000002558, 2.292250000000001897, 0.5724999999999920153 ) ) ;
#3368 = ADVANCED_FACE ( 'NONE', ( #1734 ), #253, .F. ) ;
#3369 = EDGE_LOOP ( 'NONE', ( #644, #2838, #2160, #3271 ) ) ;
#3370 = CARTESIAN_POINT ( 'NONE',  ( 3.492500000000001936, 2.337250000000002270, -0.5725000000000070033 ) ) ;
#3371 = EDGE_CURVE ( 'NONE', #1435, #2422, #2552, .T. ) ;
#3372 = FACE_OUTER_BOUND ( 'NONE', #420, .T. ) ;
#3373 = CARTESIAN_POINT ( 'NONE',  ( 1.546664485944779808E-14, 4.571999999999997399, 4.429823149097085633 ) ) ;
#3374 = ORIENTED_EDGE ( 'NONE', *, *, #583, .T. ) ;
#3375 = DIRECTION ( 'NONE',  ( 0.000000000000000000, 1.000000000000000000, 0.000000000000000000 ) ) ;
#3376 = ORIENTED_EDGE ( 'NONE', *, *, #419, .T. ) ;
#3377 = DIRECTION ( 'NONE',  ( 1.000000000000000000, 0.000000000000000000, -3.491481338843133355E-15 ) ) ;
#3378 = CARTESIAN_POINT ( 'NONE',  ( 4.108749999999989022, -3.903127820947815962E-15, -3.112500000000007816 ) ) ;
#3379 = CARTESIAN_POINT ( 'NONE',  ( -3.831250000000014921, -3.872438979315151464, -4.045249999999979806 ) ) ;
#3380 = EDGE_LOOP ( 'NONE', ( #125, #974, #3526, #2798 ) ) ;
#3381 = CARTESIAN_POINT ( 'NONE',  ( -3.234823149097043160, 4.571999999999997399, 4.429823149097097179 ) ) ;
#3382 = AXIS2_PLACEMENT_3D ( 'NONE', #3305, #2425, #622 ) ;
#3383 = DIRECTION ( 'NONE',  ( 3.491481338843133355E-15, 1.453114432220753248E-16, 1.000000000000000000 ) ) ;
#3384 = ORIENTED_EDGE ( 'NONE', *, *, #3391, .T. ) ;
#3385 = ADVANCED_FACE ( 'NONE', ( #3157 ), #2590, .F. ) ;
#3386 = VECTOR ( 'NONE', #3165, 1000.000000000000000 ) ;
#3387 = DIRECTION ( 'NONE',  ( 1.000000000000000000, 6.605826996519682993E-15, -3.491481338843134539E-15 ) ) ;
#3388 = VECTOR ( 'NONE', #2682, 1000.000000000000000 ) ;
#3389 = CARTESIAN_POINT ( 'NONE',  ( -3.781250000000015099, 2.333823006393089816, -4.045249999999980695 ) ) ;
#3390 = DIRECTION ( 'NONE',  ( -3.491481338843133355E-15, -1.453114432220753495E-16, -1.000000000000000000 ) ) ;
#3391 = EDGE_CURVE ( 'NONE', #883, #2672, #819, .T. ) ;
#3392 = AXIS2_PLACEMENT_3D ( 'NONE', #3574, #1175, #1488 ) ;
#3393 =( NAMED_UNIT ( * ) PLANE_ANGLE_UNIT ( ) SI_UNIT ( $, .RADIAN. ) );
#3394 = ORIENTED_EDGE ( 'NONE', *, *, #3150, .T. ) ;
#3395 = LINE ( 'NONE', #3358, #1579 ) ;
#3396 = ORIENTED_EDGE ( 'NONE', *, *, #3163, .F. ) ;
#3397 = MECHANICAL_DESIGN_GEOMETRIC_PRESENTATION_REPRESENTATION (  '', ( #2895 ), #3646 ) ;
#3398 = CARTESIAN_POINT ( 'NONE',  ( 3.831250000000002487, -3.035766082959412415E-15, 0.5724999999999927924 ) ) ;
#3399 = MECHANICAL_DESIGN_GEOMETRIC_PRESENTATION_REPRESENTATION (  '', ( #1716 ), #2708 ) ;
#3400 = VECTOR ( 'NONE', #2455, 1000.000000000000000 ) ;
#3401 = LINE ( 'NONE', #3112, #284 ) ;
#3402 = FACE_OUTER_BOUND ( 'NONE', #3534, .T. ) ;
#3403 = AXIS2_PLACEMENT_3D ( 'NONE', #211, #2608, #2588 ) ;
#3404 = VERTEX_POINT ( 'NONE', #494 ) ;
#3405 = AXIS2_PLACEMENT_3D ( 'NONE', #203, #1146, #2577 ) ;
#3406 = VECTOR ( 'NONE', #2500, 1000.000000000000000 ) ;
#3407 = DIRECTION ( 'NONE',  ( 1.000000000000000000, -9.992007221626408864E-16, -3.491481338843133355E-15 ) ) ;
#3408 = ORIENTED_EDGE ( 'NONE', *, *, #2723, .T. ) ;
#3409 = CARTESIAN_POINT ( 'NONE',  ( -3.831250000000013145, -3.903127820947815962E-15, -3.574749999999979444 ) ) ;
#3410 = ADVANCED_FACE ( 'NONE', ( #2860 ), #2569, .T. ) ;
#3411 = FACE_OUTER_BOUND ( 'NONE', #1130, .T. ) ;
#3412 = LINE ( 'NONE', #1052, #1466 ) ;
#3413 = EDGE_CURVE ( 'NONE', #2359, #2795, #3483, .T. ) ;
#3414 = ORIENTED_EDGE ( 'NONE', *, *, #3299, .F. ) ;
#3415 = FACE_OUTER_BOUND ( 'NONE', #1957, .T. ) ;
#3416 = ORIENTED_EDGE ( 'NONE', *, *, #3845, .F. ) ;
#3417 = CARTESIAN_POINT ( 'NONE',  ( -3.831250000000002043, 2.292250000000001009, -0.5724999999999811351 ) ) ;
#3418 = ADVANCED_FACE ( 'NONE', ( #55 ), #2123, .F. ) ;
#3419 = ADVANCED_FACE ( 'NONE', ( #1211 ), #604, .F. ) ;
#3420 = FACE_OUTER_BOUND ( 'NONE', #1015, .T. ) ;
#3421 = CARTESIAN_POINT ( 'NONE',  ( -3.831250000000007372, -3.903127820947815962E-15, -1.967499999999980043 ) ) ;
#3422 = DIRECTION ( 'NONE',  ( -1.000000000000000000, 0.000000000000000000, 3.491481338843133355E-15 ) ) ;
#3423 = ORIENTED_EDGE ( 'NONE', *, *, #1994, .F. ) ;
#3424 = CARTESIAN_POINT ( 'NONE',  ( 3.831249999999997158, -3.035766082959412415E-15, -1.505250000000006638 ) ) ;
#3425 = VERTEX_POINT ( 'NONE', #2387 ) ;
#3426 = CARTESIAN_POINT ( 'NONE',  ( 3.831250000000005596, -3.035766082959412415E-15, 1.505249999999993538 ) ) ;
#3427 = CARTESIAN_POINT ( 'NONE',  ( 3.831250000000013145, -3.872438979315151464, 3.574749999999993655 ) ) ;
#3428 = LINE ( 'NONE', #1301, #3406 ) ;
#3429 = ORIENTED_EDGE ( 'NONE', *, *, #828, .F. ) ;
#3430 = LINE ( 'NONE', #421, #2696 ) ;
#3431 = VERTEX_POINT ( 'NONE', #310 ) ;
#3432 = FILL_AREA_STYLE_COLOUR ( '', #2100 ) ;
#3433 = ADVANCED_FACE ( 'NONE', ( #1189 ), #1809, .F. ) ;
#3434 = EDGE_CURVE ( 'NONE', #690, #480, #3014, .T. ) ;
#3435 = DIRECTION ( 'NONE',  ( 0.000000000000000000, 1.000000000000000000, 0.000000000000000000 ) ) ;
#3436 = LINE ( 'NONE', #693, #1089 ) ;
#3437 = EDGE_CURVE ( 'NONE', #2283, #2012, #3248, .T. ) ;
#3438 = CARTESIAN_POINT ( 'NONE',  ( -4.108749999999993463, -3.903127820947815962E-15, 1.967500000000021343 ) ) ;
#3439 = EDGE_LOOP ( 'NONE', ( #573, #2065, #3447, #1970, #1680, #382, #3071, #2756 ) ) ;
#3440 = DIRECTION ( 'NONE',  ( 9.992007221626402947E-16, 1.000000000000000000, -1.453114432220788254E-16 ) ) ;
#3441 = ORIENTED_EDGE ( 'NONE', *, *, #1430, .T. ) ;
#3442 = CARTESIAN_POINT ( 'NONE',  ( 3.831249999999995381, -3.872438979315151464, -1.505250000000005972 ) ) ;
#3443 = VERTEX_POINT ( 'NONE', #2951 ) ;
#3444 = DIRECTION ( 'NONE',  ( 2.775557561562840507E-17, 1.000000000000000000, -1.453114432220754235E-16 ) ) ;
#3445 = AXIS2_PLACEMENT_3D ( 'NONE', #463, #3734, #1269 ) ;
#3446 = FACE_OUTER_BOUND ( 'NONE', #258, .T. ) ;
#3447 = ORIENTED_EDGE ( 'NONE', *, *, #3461, .F. ) ;
#3448 = APPLICATION_CONTEXT ( 'automotive_design' ) ;
#3449 = VECTOR ( 'NONE', #481, 1000.000000000000000 ) ;
#3450 = ORIENTED_EDGE ( 'NONE', *, *, #200, .T. ) ;
#3451 = CARTESIAN_POINT ( 'NONE',  ( 3.492499999999997495, 2.614750000000001684, -1.967500000000007354 ) ) ;
#3452 = CARTESIAN_POINT ( 'NONE',  ( -3.781250000000004441, 2.333823006393090704, -1.034749999999980519 ) ) ;
#3453 = FACE_OUTER_BOUND ( 'NONE', #558, .T. ) ;
#3454 = AXIS2_PLACEMENT_3D ( 'NONE', #1995, #1067, #1974 ) ;
#3455 = AXIS2_PLACEMENT_3D ( 'NONE', #3693, #431, #668 ) ;
#3456 = ADVANCED_FACE ( 'NONE', ( #3556 ), #1234, .T. ) ;
#3457 = CARTESIAN_POINT ( 'NONE',  ( 3.831250000000011369, -3.035766082959412415E-15, 3.112499999999993161 ) ) ;
#3458 =( NAMED_UNIT ( * ) PLANE_ANGLE_UNIT ( ) SI_UNIT ( $, .RADIAN. ) );
#3459 = CARTESIAN_POINT ( 'NONE',  ( -3.492499999999973070, 2.614750000000000796, 4.687500000000028422 ) ) ;
#3460 = VECTOR ( 'NONE', #621, 1000.000000000000000 ) ;
#3461 = EDGE_CURVE ( 'NONE', #1712, #3663, #910, .T. ) ;
#3462 = ORIENTED_EDGE ( 'NONE', *, *, #887, .T. ) ;
#3463 = DIRECTION ( 'NONE',  ( 1.000000000000000000, -9.992007221626408864E-16, -3.491481338843133355E-15 ) ) ;
#3464 = EDGE_LOOP ( 'NONE', ( #2125, #2949, #3408, #3275 ) ) ;
#3465 = AXIS2_PLACEMENT_3D ( 'NONE', #2594, #3471, #840 ) ;
#3466 = EDGE_CURVE ( 'NONE', #1788, #724, #2427, .T. ) ;
#3467 = CARTESIAN_POINT ( 'NONE',  ( -3.781249999999997335, 2.333823006393090704, 1.034750000000020043 ) ) ;
#3468 = EDGE_CURVE ( 'NONE', #682, #603, #3837, .T. ) ;
#3469 = AXIS2_PLACEMENT_3D ( 'NONE', #471, #2005, #3738 ) ;
#3470 = FACE_OUTER_BOUND ( 'NONE', #1065, .T. ) ;
#3471 = DIRECTION ( 'NONE',  ( 3.491481338843133355E-15, 1.453114432220753248E-16, 1.000000000000000000 ) ) ;
#3472 = VERTEX_POINT ( 'NONE', #3233 ) ;
#3473 = AXIS2_PLACEMENT_3D ( 'NONE', #3658, #72, #1810 ) ;
#3474 = ORIENTED_EDGE ( 'NONE', *, *, #127, .F. ) ;
#3475 = DIRECTION ( 'NONE',  ( -0.9838760585644680257, 0.1788516183422652062, 3.409195711428455762E-15 ) ) ;
#3476 = CARTESIAN_POINT ( 'NONE',  ( 3.786249999999984794, 2.614750000000000796, -4.507500000000007390 ) ) ;
#3477 = CARTESIAN_POINT ( 'NONE',  ( -3.492500000000012150, 2.337250000000000938, -4.687499999999996447 ) ) ;
#3478 = CARTESIAN_POINT ( 'NONE',  ( -3.831250000000005596, -3.872438979315151464, -1.505249999999979327 ) ) ;
#3479 = DIRECTION ( 'NONE',  ( 0.000000000000000000, 1.000000000000000000, 0.000000000000000000 ) ) ;
#3480 = PLANE ( 'NONE',  #1663 ) ;
#3481 = ORIENTED_EDGE ( 'NONE', *, *, #1646, .F. ) ;
#3482 = EDGE_CURVE ( 'NONE', #1296, #3366, #2993, .T. ) ;
#3483 = LINE ( 'NONE', #3193, #2395 ) ;
#3484 = EDGE_CURVE ( 'NONE', #784, #2986, #328, .T. ) ;
#3485 = PLANE ( 'NONE',  #2456 ) ;
#3486 = CARTESIAN_POINT ( 'NONE',  ( -3.831249999999997158, 2.292250000000011223, 1.034750000000020265 ) ) ;
#3487 = ORIENTED_EDGE ( 'NONE', *, *, #2773, .T. ) ;
#3488 = ADVANCED_FACE ( 'NONE', ( #35 ), #2079, .T. ) ;
#3489 = ORIENTED_EDGE ( 'NONE', *, *, #1506, .T. ) ;
#3490 = CARTESIAN_POINT ( 'NONE',  ( -3.831249999999998490, -3.035766082959412415E-15, 0.5725000000000195488 ) ) ;
#3491 = EDGE_LOOP ( 'NONE', ( #2078, #2678, #1280, #1935 ) ) ;
#3492 = SURFACE_STYLE_USAGE ( .BOTH. , #3186 ) ;
#3493 = LINE ( 'NONE', #3242, #2021 ) ;
#3494 = FACE_OUTER_BOUND ( 'NONE', #902, .T. ) ;
#3495 = CARTESIAN_POINT ( 'NONE',  ( 3.831250000000016254, -3.035766082959412415E-15, 4.507499999999993179 ) ) ;
#3496 = CARTESIAN_POINT ( 'NONE',  ( 4.108749999999988134, -3.872438979315154572, -3.574750000000007422 ) ) ;
#3497 = VERTEX_POINT ( 'NONE', #2660 ) ;
#3498 = DIRECTION ( 'NONE',  ( 3.491481338843133355E-15, 1.453114432220753248E-16, 1.000000000000000000 ) ) ;
#3499 = ADVANCED_FACE ( 'NONE', ( #2934 ), #268, .T. ) ;
#3500 = CARTESIAN_POINT ( 'NONE',  ( -3.786249999999979909, 2.292250000000010779, 4.507500000000018936 ) ) ;
#3501 = LINE ( 'NONE', #2922, #1533 ) ;
#3502 = ORIENTED_EDGE ( 'NONE', *, *, #1415, .T. ) ;
#3503 = EDGE_LOOP ( 'NONE', ( #2483, #2110, #1595, #201 ) ) ;
#3504 = VECTOR ( 'NONE', #3006, 1000.000000000000000 ) ;
#3505 = EDGE_CURVE ( 'NONE', #3259, #2551, #3856, .T. ) ;
#3506 = CARTESIAN_POINT ( 'NONE',  ( 3.831250000000013145, 2.292250000000001009, 3.574749999999992767 ) ) ;
#3507 = FACE_OUTER_BOUND ( 'NONE', #2358, .T. ) ;
#3508 = VECTOR ( 'NONE', #3685, 1000.000000000000000 ) ;
#3509 = DIRECTION ( 'NONE',  ( -5.073521923302395199E-31, 1.000000000000000000, -1.453114432220753248E-16 ) ) ;
#3510 = AXIS2_PLACEMENT_3D ( 'NONE', #2662, #3858, #3557 ) ;
#3511 = DIRECTION ( 'NONE',  ( 3.491481338843133355E-15, 1.453114432220753248E-16, 1.000000000000000000 ) ) ;
#3512 = APPLICATION_PROTOCOL_DEFINITION ( 'draft international standard', 'automotive_design', 1998, #3448 ) ;
#3513 = VECTOR ( 'NONE', #138, 1000.000000000000000 ) ;
#3514 = SURFACE_STYLE_FILL_AREA ( #832 ) ;
#3515 = AXIS2_PLACEMENT_3D ( 'NONE', #2181, #1251, #147 ) ;
#3516 = EDGE_LOOP ( 'NONE', ( #1562, #3280, #92, #1359 ) ) ;
#3517 = LINE ( 'NONE', #1396, #1398 ) ;
#3518 = VECTOR ( 'NONE', #1305, 1000.000000000000000 ) ;
#3519 = ORIENTED_EDGE ( 'NONE', *, *, #2627, .T. ) ;
#3520 = SURFACE_STYLE_USAGE ( .BOTH. , #3292 ) ;
#3521 = VECTOR ( 'NONE', #122, 1000.000000000000000 ) ;
#3522 = CARTESIAN_POINT ( 'NONE',  ( -3.492499999999996163, 2.614750000000001684, 0.5725000000000174394 ) ) ;
#3523 = EDGE_LOOP ( 'NONE', ( #2684, #3241, #1247, #2168, #1336, #2670, #2709, #373 ) ) ;
#3524 = ADVANCED_FACE ( 'NONE', ( #3674 ), #93, .T. ) ;
#3525 = VECTOR ( 'NONE', #193, 1000.000000000000000 ) ;
#3526 = ORIENTED_EDGE ( 'NONE', *, *, #3745, .F. ) ;
#3527 = CARTESIAN_POINT ( 'NONE',  ( 3.786250000000002558, 2.292250000000001897, 0.5724999999999920153 ) ) ;
#3528 = DIRECTION ( 'NONE',  ( 0.9838760585644680257, 0.1788516183422652062, -3.461174084996292204E-15 ) ) ;
#3529 = CARTESIAN_POINT ( 'NONE',  ( 4.108750000000005898, 2.333823006393089816, 1.505249999999991983 ) ) ;
#3530 = VECTOR ( 'NONE', #3166, 1000.000000000000000 ) ;
#3531 = VECTOR ( 'NONE', #210, 1000.000000000000000 ) ;
#3532 = EDGE_CURVE ( 'NONE', #2510, #629, #2507, .T. ) ;
#3533 = CARTESIAN_POINT ( 'NONE',  ( -3.831250000000016254, -3.903127820947815962E-15, -4.507499999999980744 ) ) ;
#3534 = EDGE_LOOP ( 'NONE', ( #116, #3780, #934, #2944, #1659, #2644, #319, #3839 ) ) ;
#3535 = FACE_OUTER_BOUND ( 'NONE', #153, .T. ) ;
#3536 = EDGE_CURVE ( 'NONE', #3805, #480, #2953, .T. ) ;
#3537 = ADVANCED_FACE ( 'NONE', ( #2778 ), #3038, .F. ) ;
#3538 = SURFACE_STYLE_FILL_AREA ( #2620 ) ;
#3539 = CARTESIAN_POINT ( 'NONE',  ( -3.492499999999983284, 2.337250000000009820, 4.507500000000018048 ) ) ;
#3540 = ORIENTED_EDGE ( 'NONE', *, *, #392, .F. ) ;
#3541 = DIRECTION ( 'NONE',  ( -3.491481338843133355E-15, -1.453114432220752016E-16, -1.000000000000000000 ) ) ;
#3542 = PLANE ( 'NONE',  #2698 ) ;
#3543 = CARTESIAN_POINT ( 'NONE',  ( 3.234823149097056483, 0.3800000000000014477, -4.687500000000021316 ) ) ;
#3544 = ORIENTED_EDGE ( 'NONE', *, *, #3198, .F. ) ;
#3545 = ORIENTED_EDGE ( 'NONE', *, *, #274, .T. ) ;
#3546 = LINE ( 'NONE', #2726, #591 ) ;
#3547 = LINE ( 'NONE', #358, #2346 ) ;
#3548 = ORIENTED_EDGE ( 'NONE', *, *, #15, .F. ) ;
#3549 = DIRECTION ( 'NONE',  ( -3.491481338843133355E-15, -1.453114432220753495E-16, -1.000000000000000000 ) ) ;
#3550 = ORIENTED_EDGE ( 'NONE', *, *, #1628, .T. ) ;
#3551 = CARTESIAN_POINT ( 'NONE',  ( -4.108749999999989022, -3.903127820947815962E-15, 3.112500000000021139 ) ) ;
#3552 = EDGE_CURVE ( 'NONE', #469, #173, #2736, .T. ) ;
#3553 = EDGE_CURVE ( 'NONE', #2073, #3, #1849, .T. ) ;
#3554 = LINE ( 'NONE', #1209, #1725 ) ;
#3555 = ORIENTED_EDGE ( 'NONE', *, *, #1104, .T. ) ;
#3556 = FACE_OUTER_BOUND ( 'NONE', #1312, .T. ) ;
#3557 = DIRECTION ( 'NONE',  ( 0.000000000000000000, -1.000000000000000000, 0.000000000000000000 ) ) ;
#3558 = DIRECTION ( 'NONE',  ( 2.775557561562941887E-17, -1.000000000000000000, 1.453114432220752262E-16 ) ) ;
#3559 = ORIENTED_EDGE ( 'NONE', *, *, #345, .T. ) ;
#3560 = ORIENTED_EDGE ( 'NONE', *, *, #2508, .T. ) ;
#3561 = LINE ( 'NONE', #334, #2947 ) ;
#3562 = DIRECTION ( 'NONE',  ( 9.992007221626402947E-16, 1.000000000000000000, -1.453114432220788254E-16 ) ) ;
#3563 = DIRECTION ( 'NONE',  ( 3.491481338843133355E-15, 1.453114432220753248E-16, 1.000000000000000000 ) ) ;
#3564 = VECTOR ( 'NONE', #1246, 1000.000000000000000 ) ;
#3565 = ORIENTED_EDGE ( 'NONE', *, *, #3692, .F. ) ;
#3566 = DIRECTION ( 'NONE',  ( 3.491481338843133355E-15, 1.453114432220753248E-16, 1.000000000000000000 ) ) ;
#3567 = EDGE_LOOP ( 'NONE', ( #388, #2936, #460, #3812, #3462, #3852, #1137, #2724 ) ) ;
#3568 = DIRECTION ( 'NONE',  ( 3.398962753457703775E-15, 0.000000000000000000, 1.000000000000000000 ) ) ;
#3569 = AXIS2_PLACEMENT_3D ( 'NONE', #357, #2397, #1456 ) ;
#3570 = EDGE_CURVE ( 'NONE', #2422, #3798, #389, .T. ) ;
#3571 = CARTESIAN_POINT ( 'NONE',  ( 3.786250000000011440, 2.337250000000002270, 3.112499999999992717 ) ) ;
#3572 = ORIENTED_EDGE ( 'NONE', *, *, #3205, .F. ) ;
#3573 = AXIS2_PLACEMENT_3D ( 'NONE', #1433, #2622, #3814 ) ;
#3574 = CARTESIAN_POINT ( 'NONE',  ( -4.108749999999997016, 2.333823006393089816, 1.034750000000021153 ) ) ;
#3575 = ADVANCED_FACE ( 'NONE', ( #1591 ), #3072, .T. ) ;
#3576 = LINE ( 'NONE', #2272, #2353 ) ;
#3577 = VERTEX_POINT ( 'NONE', #369 ) ;
#3578 = VECTOR ( 'NONE', #761, 1000.000000000000000 ) ;
#3579 = CARTESIAN_POINT ( 'NONE',  ( -3.831249999999995381, -3.872438979315151464, 1.505250000000020627 ) ) ;
#3580 = FACE_OUTER_BOUND ( 'NONE', #498, .T. ) ;
#3581 = ORIENTED_EDGE ( 'NONE', *, *, #2458, .T. ) ;
#3582 = VECTOR ( 'NONE', #306, 1000.000000000000000 ) ;
#3583 = EDGE_CURVE ( 'NONE', #682, #2826, #1327, .T. ) ;
#3584 = VECTOR ( 'NONE', #768, 1000.000000000000000 ) ;
#3585 = ORIENTED_EDGE ( 'NONE', *, *, #3730, .F. ) ;
#3586 = DIRECTION ( 'NONE',  ( 1.000000000000000000, -9.992007221626408864E-16, -3.491481338843133355E-15 ) ) ;
#3587 = CARTESIAN_POINT ( 'NONE',  ( 3.492499999999987725, 2.614750000000000796, -4.687500000000022204 ) ) ;
#3588 = AXIS2_PLACEMENT_3D ( 'NONE', #2739, #1616, #746 ) ;
#3589 = ORIENTED_EDGE ( 'NONE', *, *, #3804, .T. ) ;
#3590 = CARTESIAN_POINT ( 'NONE',  ( -3.831250000000016254, -3.903127820947815962E-15, -4.507499999999980744 ) ) ;
#3591 = VERTEX_POINT ( 'NONE', #1549 ) ;
#3592 = VECTOR ( 'NONE', #678, 1000.000000000000000 ) ;
#3593 = DIRECTION ( 'NONE',  ( -3.491481338843133355E-15, -1.453114432220753495E-16, -1.000000000000000000 ) ) ;
#3594 = PRESENTATION_LAYER_ASSIGNMENT (  '', '', ( #3788 ) ) ;
#3595 = DIRECTION ( 'NONE',  ( -3.739831156448975430E-15, 0.000000000000000000, -1.000000000000000000 ) ) ;
#3596 = ORIENTED_EDGE ( 'NONE', *, *, #2675, .F. ) ;
#3597 = CARTESIAN_POINT ( 'NONE',  ( -3.786249999999979909, 2.337250000000010708, 4.507500000000018936 ) ) ;
#3598 = CARTESIAN_POINT ( 'NONE',  ( 3.492500000000019700, 2.614750000000000796, 4.687500000000002665 ) ) ;
#3599 = ORIENTED_EDGE ( 'NONE', *, *, #1220, .F. ) ;
#3600 = DIRECTION ( 'NONE',  ( 5.073521923302395199E-31, -1.000000000000000000, 1.453114432220753248E-16 ) ) ;
#3601 = DIRECTION ( 'NONE',  ( -3.491481338843133355E-15, -1.453114432220753495E-16, -1.000000000000000000 ) ) ;
#3602 = EDGE_LOOP ( 'NONE', ( #939, #98, #2390, #1103 ) ) ;
#3603 = EDGE_CURVE ( 'NONE', #862, #1805, #71, .T. ) ;
#3604 = EDGE_CURVE ( 'NONE', #1010, #576, #2033, .T. ) ;
#3605 = VERTEX_POINT ( 'NONE', #2446 ) ;
#3606 = LINE ( 'NONE', #20, #2453 ) ;
#3607 = DIRECTION ( 'NONE',  ( 2.775557561562941887E-17, -1.000000000000000000, 1.453114432220752262E-16 ) ) ;
#3608 = ADVANCED_FACE ( 'NONE', ( #1869 ), #2162, .T. ) ;
#3609 = PLANE ( 'NONE',  #2786 ) ;
#3610 = PLANE ( 'NONE',  #1905 ) ;
#3611 = EDGE_CURVE ( 'NONE', #24, #3267, #1930, .T. ) ;
#3612 = VERTEX_POINT ( 'NONE', #405 ) ;
#3613 = FACE_OUTER_BOUND ( 'NONE', #2549, .T. ) ;
#3614 = VERTEX_POINT ( 'NONE', #3095 ) ;
#3615 = DIRECTION ( 'NONE',  ( 1.000000000000000000, 6.605826996519682993E-15, -3.491481338843134539E-15 ) ) ;
#3616 = CARTESIAN_POINT ( 'NONE',  ( 3.781249999999988010, 2.333823006393089816, -3.574750000000006978 ) ) ;
#3617 = ORIENTED_EDGE ( 'NONE', *, *, #2935, .T. ) ;
#3618 = DIRECTION ( 'NONE',  ( -3.491481338843133355E-15, -1.453114432220753495E-16, -1.000000000000000000 ) ) ;
#3619 = EDGE_LOOP ( 'NONE', ( #803, #698, #2306, #1755 ) ) ;
#3620 = DIRECTION ( 'NONE',  ( -3.491481338843133750E-15, -1.453114432220753002E-16, -1.000000000000000000 ) ) ;
#3621 = VERTEX_POINT ( 'NONE', #3363 ) ;
#3622 = EDGE_CURVE ( 'NONE', #3183, #361, #1614, .T. ) ;
#3623 = DIRECTION ( 'NONE',  ( -1.000000000000000000, -9.992007221626408864E-16, 3.491481338843133355E-15 ) ) ;
#3624 = DIRECTION ( 'NONE',  ( -1.665334536937739494E-16, 1.000000000000000000, -1.453114432220747085E-16 ) ) ;
#3625 = DIRECTION ( 'NONE',  ( 1.000000000000000000, 9.992007221626408864E-16, -3.491481338843133355E-15 ) ) ;
#3626 = EDGE_CURVE ( 'NONE', #1355, #3805, #1293, .T. ) ;
#3627 = ORIENTED_EDGE ( 'NONE', *, *, #702, .F. ) ;
#3628 = DIRECTION ( 'NONE',  ( -3.491481338843133355E-15, -1.453114432220753495E-16, -1.000000000000000000 ) ) ;
#3629 = ORIENTED_EDGE ( 'NONE', *, *, #3774, .T. ) ;
#3630 = DIRECTION ( 'NONE',  ( 0.000000000000000000, 1.000000000000000000, 0.000000000000000000 ) ) ;
#3631 = ADVANCED_FACE ( 'NONE', ( #3402 ), #3113, .F. ) ;
#3632 = DIRECTION ( 'NONE',  ( 1.000000000000000000, 0.000000000000000000, -3.739831156448975430E-15 ) ) ;
#3633 = DIRECTION ( 'NONE',  ( 3.491481338843133355E-15, 1.453114432220753248E-16, 1.000000000000000000 ) ) ;
#3634 = ORIENTED_EDGE ( 'NONE', *, *, #3341, .T. ) ;
#3635 = DIRECTION ( 'NONE',  ( -1.000000000000000000, 6.605826996519682993E-15, 3.491481338843132961E-15 ) ) ;
#3636 = AXIS2_PLACEMENT_3D ( 'NONE', #276, #2649, #3847 ) ;
#3637 = ORIENTED_EDGE ( 'NONE', *, *, #888, .F. ) ;
#3638 = AXIS2_PLACEMENT_3D ( 'NONE', #2846, #2302, #1953 ) ;
#3639 = LINE ( 'NONE', #1630, #3098 ) ;
#3640 = EDGE_LOOP ( 'NONE', ( #1081, #1070, #1505, #1455, #526, #3094, #1069, #1304 ) ) ;
#3641 = DIRECTION ( 'NONE',  ( -3.125627884642895936E-15, -1.000000000000000000, 1.091307143139840887E-29 ) ) ;
#3642 = CIRCLE ( 'NONE', #2584, 0.3225000000000002864 ) ;
#3643 = CARTESIAN_POINT ( 'NONE',  ( 3.831250000000013145, -3.872438979315151464, 3.574749999999993655 ) ) ;
#3644 = CARTESIAN_POINT ( 'NONE',  ( 4.108749999999988134, -3.903127820947815962E-15, -3.574750000000006978 ) ) ;
#3645 = CARTESIAN_POINT ( 'NONE',  ( 4.108750000000005898, -3.872438979315151464, 1.505249999999992871 ) ) ;
#3646 =( GEOMETRIC_REPRESENTATION_CONTEXT ( 3 ) GLOBAL_UNCERTAINTY_ASSIGNED_CONTEXT ( ( #3356 ) ) GLOBAL_UNIT_ASSIGNED_CONTEXT ( ( #2117, #3393, #3140 ) ) REPRESENTATION_CONTEXT ( 'NONE', 'WORKASPACE' ) );
#3647 = VERTEX_POINT ( 'NONE', #797 ) ;
#3648 = CARTESIAN_POINT ( 'NONE',  ( -3.831250000000009148, -3.903127820947815962E-15, -1.967499999999980043 ) ) ;
#3649 = ORIENTED_EDGE ( 'NONE', *, *, #1206, .F. ) ;
#3650 = VECTOR ( 'NONE', #808, 1000.000000000000000 ) ;
#3651 = ADVANCED_FACE ( 'NONE', ( #3209 ), #3716, .F. ) ;
#3652 = VECTOR ( 'NONE', #2643, 1000.000000000000000 ) ;
#3653 = LINE ( 'NONE', #401, #275 ) ;
#3654 = ORIENTED_EDGE ( 'NONE', *, *, #425, .F. ) ;
#3655 = ADVANCED_FACE ( 'NONE', ( #249 ), #3129, .T. ) ;
#3656 = VECTOR ( 'NONE', #2428, 1000.000000000000000 ) ;
#3657 = CARTESIAN_POINT ( 'NONE',  ( 4.108750000000013891, -3.872438979315151464, 4.045249999999992241 ) ) ;
#3658 = CARTESIAN_POINT ( 'NONE',  ( -3.786249999999979909, 2.337250000000010708, 4.507500000000018936 ) ) ;
#3659 = ORIENTED_EDGE ( 'NONE', *, *, #849, .F. ) ;
#3660 = LINE ( 'NONE', #434, #550 ) ;
#3661 = EDGE_LOOP ( 'NONE', ( #2151, #1530, #2259, #1403 ) ) ;
#3662 = CARTESIAN_POINT ( 'NONE',  ( 3.492500000000019700, 2.337250000000002270, 4.507499999999994067 ) ) ;
#3663 = VERTEX_POINT ( 'NONE', #191 ) ;
#3664 = PLANE ( 'NONE',  #1085 ) ;
#3665 = FACE_OUTER_BOUND ( 'NONE', #1671, .T. ) ;
#3666 = ORIENTED_EDGE ( 'NONE', *, *, #774, .T. ) ;
#3667 = CARTESIAN_POINT ( 'NONE',  ( 3.492499999999988614, 2.337250000000000938, -4.507500000000006501 ) ) ;
#3668 = ORIENTED_EDGE ( 'NONE', *, *, #2963, .F. ) ;
#3669 = EDGE_CURVE ( 'NONE', #1355, #690, #3025, .T. ) ;
#3670 = CARTESIAN_POINT ( 'NONE',  ( 3.786249999999989679, 2.337250000000000938, -3.112500000000008704 ) ) ;
#3671 = FACE_OUTER_BOUND ( 'NONE', #287, .T. ) ;
#3672 = DIRECTION ( 'NONE',  ( -3.491481338843133355E-15, -1.453114432220752016E-16, -1.000000000000000000 ) ) ;
#3673 = ORIENTED_EDGE ( 'NONE', *, *, #3299, .T. ) ;
#3674 = FACE_OUTER_BOUND ( 'NONE', #3288, .T. ) ;
#3675 = ADVANCED_FACE ( 'NONE', ( #2547 ), #1667, .F. ) ;
#3676 = PRESENTATION_STYLE_ASSIGNMENT (( #2493 ) ) ;
#3677 = ORIENTED_EDGE ( 'NONE', *, *, #493, .F. ) ;
#3678 = FACE_OUTER_BOUND ( 'NONE', #1381, .T. ) ;
#3679 = ORIENTED_EDGE ( 'NONE', *, *, #127, .T. ) ;
#3680 = CARTESIAN_POINT ( 'NONE',  ( -3.831249999999997158, -3.872438979315151464, 1.034750000000021153 ) ) ;
#3681 = ORIENTED_EDGE ( 'NONE', *, *, #805, .F. ) ;
#3682 = PLANE ( 'NONE',  #3018 ) ;
#3683 = DIRECTION ( 'NONE',  ( 1.000000000000000000, -3.125627884642896330E-15, -3.491481338843132961E-15 ) ) ;
#3684 = ORIENTED_EDGE ( 'NONE', *, *, #2315, .F. ) ;
#3685 = DIRECTION ( 'NONE',  ( 2.775557561562886421E-16, 1.000000000000000000, -1.453114432220762863E-16 ) ) ;
#3686 = ORIENTED_EDGE ( 'NONE', *, *, #3570, .T. ) ;
#3687 = DIRECTION ( 'NONE',  ( -1.000000000000000000, 9.992007221626408864E-16, 3.491481338843133355E-15 ) ) ;
#3688 = CYLINDRICAL_SURFACE ( 'NONE', #23, 0.3224999999999998979 ) ;
#3689 = DIRECTION ( 'NONE',  ( -2.952720810173325991E-15, -1.000000000000000000, 1.453114432220856540E-16 ) ) ;
#3690 = PLANE ( 'NONE',  #2350 ) ;
#3691 = ORIENTED_EDGE ( 'NONE', *, *, #2641, .F. ) ;
#3692 = EDGE_CURVE ( 'NONE', #2087, #3404, #2892, .T. ) ;
#3693 = CARTESIAN_POINT ( 'NONE',  ( -3.831250000000005596, -3.872438979315151464, -1.505249999999979105 ) ) ;
#3694 = AXIS2_PLACEMENT_3D ( 'NONE', #2368, #1186, #2972 ) ;
#3695 = ORIENTED_EDGE ( 'NONE', *, *, #776, .F. ) ;
#3696 = DIRECTION ( 'NONE',  ( 0.9914448613738104932, 0.1305261922200519065, -3.369884155916618788E-15 ) ) ;
#3697 = ORIENTED_EDGE ( 'NONE', *, *, #543, .F. ) ;
#3698 = VECTOR ( 'NONE', #1516, 1000.000000000000000 ) ;
#3699 = EDGE_CURVE ( 'NONE', #3267, #3180, #2834, .T. ) ;
#3700 = DIRECTION ( 'NONE',  ( -1.000000000000000000, 0.000000000000000000, 3.491481338843133355E-15 ) ) ;
#3701 = STYLED_ITEM ( 'NONE', ( #3234 ), #3008 ) ;
#3702 = EDGE_CURVE ( 'NONE', #3, #3472, #2022, .T. ) ;
#3703 = CARTESIAN_POINT ( 'NONE',  ( 4.108750000000015667, 2.333823006393090260, 4.507499999999991402 ) ) ;
#3704 = FACE_OUTER_BOUND ( 'NONE', #920, .T. ) ;
#3705 = EDGE_CURVE ( 'NONE', #1237, #1374, #1429, .T. ) ;
#3706 = VECTOR ( 'NONE', #1011, 1000.000000000000000 ) ;
#3707 = ORIENTED_EDGE ( 'NONE', *, *, #3484, .T. ) ;
#3708 = CARTESIAN_POINT ( 'NONE',  ( -3.786250000000002114, 2.337250000000009820, -1.967499999999982263 ) ) ;
#3709 = ORIENTED_EDGE ( 'NONE', *, *, #2430, .F. ) ;
#3710 = VECTOR ( 'NONE', #2915, 1000.000000000000000 ) ;
#3711 = SURFACE_STYLE_FILL_AREA ( #1018 ) ;
#3712 = VECTOR ( 'NONE', #3284, 1000.000000000000000 ) ;
#3713 = FACE_OUTER_BOUND ( 'NONE', #3516, .T. ) ;
#3714 = VECTOR ( 'NONE', #1676, 1000.000000000000000 ) ;
#3715 = LINE ( 'NONE', #1642, #1025 ) ;
#3716 = CYLINDRICAL_SURFACE ( 'NONE', #2645, 0.04499999999999990119 ) ;
#3717 = VECTOR ( 'NONE', #664, 1000.000000000000000 ) ;
#3718 = EDGE_LOOP ( 'NONE', ( #315, #2789, #1461, #3787 ) ) ;
#3719 = AXIS2_PLACEMENT_3D ( 'NONE', #1252, #2389, #3365 ) ;
#3720 = CARTESIAN_POINT ( 'NONE',  ( -4.108750000000005898, -3.872438979315154572, -1.505249999999978439 ) ) ;
#3721 = ORIENTED_EDGE ( 'NONE', *, *, #3552, .T. ) ;
#3722 = LINE ( 'NONE', #2760, #2770 ) ;
#3723 = VERTEX_POINT ( 'NONE', #1044 ) ;
#3724 = EDGE_CURVE ( 'NONE', #533, #1542, #1728, .T. ) ;
#3725 = DIRECTION ( 'NONE',  ( 1.000000000000000000, -2.775557561562891351E-17, -3.491481338843133355E-15 ) ) ;
#3726 = LINE ( 'NONE', #1600, #3521 ) ;
#3727 = DIRECTION ( 'NONE',  ( -3.491481338843133355E-15, -1.453114432220752016E-16, -1.000000000000000000 ) ) ;
#3728 = EDGE_CURVE ( 'NONE', #3337, #1629, #2236, .T. ) ;
#3729 = VERTEX_POINT ( 'NONE', #2583 ) ;
#3730 = EDGE_CURVE ( 'NONE', #636, #2055, #3149, .T. ) ;
#3731 = DIRECTION ( 'NONE',  ( 1.000000000000000000, -2.952720810173326386E-15, -3.491481338843133355E-15 ) ) ;
#3732 = VERTEX_POINT ( 'NONE', #507 ) ;
#3733 = LINE ( 'NONE', #442, #2401 ) ;
#3734 = DIRECTION ( 'NONE',  ( -3.491481338843133355E-15, -1.453114432220753495E-16, -1.000000000000000000 ) ) ;
#3735 = CARTESIAN_POINT ( 'NONE',  ( 3.786249999999989679, 2.337250000000000938, -3.112500000000008704 ) ) ;
#3736 = CARTESIAN_POINT ( 'NONE',  ( -3.492499999999982396, 2.614750000000009678, 4.507500000000018048 ) ) ;
#3737 = ORIENTED_EDGE ( 'NONE', *, *, #843, .T. ) ;
#3738 = DIRECTION ( 'NONE',  ( 0.1305261922200519065, 0.9914448613738104932, -4.557297643665629895E-16 ) ) ;
#3739 = ORIENTED_EDGE ( 'NONE', *, *, #499, .T. ) ;
#3740 = CARTESIAN_POINT ( 'NONE',  ( 4.108750000000013003, -3.872438979315153240, 3.574749999999992767 ) ) ;
#3741 = ORIENTED_EDGE ( 'NONE', *, *, #2610, .T. ) ;
#3742 = PLANE ( 'NONE',  #3454 ) ;
#3743 = DIRECTION ( 'NONE',  ( -9.992007221626414780E-16, 1.000000000000000000, -1.453114432220718243E-16 ) ) ;
#3744 = VERTEX_POINT ( 'NONE', #1687 ) ;
#3745 = EDGE_CURVE ( 'NONE', #1805, #2519, #1963, .T. ) ;
#3746 = ORIENTED_EDGE ( 'NONE', *, *, #291, .T. ) ;
#3747 = FACE_OUTER_BOUND ( 'NONE', #48, .T. ) ;
#3748 = CARTESIAN_POINT ( 'NONE',  ( 3.492499999999987725, 2.337250000000000938, -4.687500000000023093 ) ) ;
#3749 = CARTESIAN_POINT ( 'NONE',  ( -4.108749999999986358, -3.872438979315151464, 4.045250000000021551 ) ) ;
#3750 = EDGE_CURVE ( 'NONE', #977, #2485, #2872, .T. ) ;
#3751 = DIRECTION ( 'NONE',  ( 0.000000000000000000, -1.000000000000000000, -0.000000000000000000 ) ) ;
#3752 = DIRECTION ( 'NONE',  ( -1.000000000000000000, 2.952720810173326386E-15, 3.491481338843133355E-15 ) ) ;
#3753 = EDGE_CURVE ( 'NONE', #701, #2733, #1644, .T. ) ;
#3754 = DIRECTION ( 'NONE',  ( -2.775557561562896281E-16, 1.000000000000000000, -1.453114432220743634E-16 ) ) ;
#3755 = DIRECTION ( 'NONE',  ( -3.491481338843133355E-15, -1.453114432220753495E-16, -1.000000000000000000 ) ) ;
#3756 = FILL_AREA_STYLE ('',( #1908 ) ) ;
#3757 = ORIENTED_EDGE ( 'NONE', *, *, #3796, .T. ) ;
#3758 = CARTESIAN_POINT ( 'NONE',  ( -3.831250000000016254, -3.903127820947815962E-15, -4.507499999999980744 ) ) ;
#3759 = ORIENTED_EDGE ( 'NONE', *, *, #54, .T. ) ;
#3760 = LINE ( 'NONE', #3442, #2831 ) ;
#3761 = VECTOR ( 'NONE', #444, 1000.000000000000000 ) ;
#3762 = LINE ( 'NONE', #1675, #1518 ) ;
#3763 = AXIS2_PLACEMENT_3D ( 'NONE', #3201, #1091, #3475 ) ;
#3764 = FACE_OUTER_BOUND ( 'NONE', #2840, .T. ) ;
#3765 = ORIENTED_EDGE ( 'NONE', *, *, #1218, .F. ) ;
#3766 = VECTOR ( 'NONE', #2978, 1000.000000000000000 ) ;
#3767 = EDGE_LOOP ( 'NONE', ( #1170, #1210, #2174, #2530 ) ) ;
#3768 = CARTESIAN_POINT ( 'NONE',  ( -3.492499999999973070, 2.337250000000000938, 4.687500000000028422 ) ) ;
#3769 = CARTESIAN_POINT ( 'NONE',  ( 3.786250000000016325, 2.337250000000002270, 4.507499999999993179 ) ) ;
#3770 = PLANE ( 'NONE',  #2040 ) ;
#3771 = VECTOR ( 'NONE', #2334, 1000.000000000000000 ) ;
#3772 = AXIS2_PLACEMENT_3D ( 'NONE', #3662, #3700, #1913 ) ;
#3773 = PLANE ( 'NONE',  #528 ) ;
#3774 = EDGE_CURVE ( 'NONE', #2012, #3022, #1099, .T. ) ;
#3775 = VECTOR ( 'NONE', #524, 1000.000000000000000 ) ;
#3776 = CARTESIAN_POINT ( 'NONE',  ( 3.492499999999997495, 2.337250000000002270, -1.967500000000007354 ) ) ;
#3777 = EDGE_CURVE ( 'NONE', #2551, #2573, #2096, .T. ) ;
#3778 = VECTOR ( 'NONE', #987, 1000.000000000000000 ) ;
#3779 = CARTESIAN_POINT ( 'NONE',  ( -3.786250000000005222, 2.614750000000002128, -3.112499999999982059 ) ) ;
#3780 = ORIENTED_EDGE ( 'NONE', *, *, #3626, .T. ) ;
#3781 = AXIS2_PLACEMENT_3D ( 'NONE', #1166, #2650, #633 ) ;
#3782 = CARTESIAN_POINT ( 'NONE',  ( -3.831250000000014921, 2.292250000000011223, -4.045249999999980695 ) ) ;
#3783 = AXIS2_PLACEMENT_3D ( 'NONE', #1236, #1162, #2357 ) ;
#3784 = VERTEX_POINT ( 'NONE', #3438 ) ;
#3785 = DIRECTION ( 'NONE',  ( -1.000000000000000000, 9.992007221626408864E-16, 3.491481338843133355E-15 ) ) ;
#3786 = DIRECTION ( 'NONE',  ( 0.000000000000000000, 1.000000000000000000, 0.000000000000000000 ) ) ;
#3787 = ORIENTED_EDGE ( 'NONE', *, *, #1998, .F. ) ;
#3788 = STYLED_ITEM ( 'NONE', ( #1887 ), #1705 ) ;
#3789 = VERTEX_POINT ( 'NONE', #1704 ) ;
#3790 = LINE ( 'NONE', #1112, #1324 ) ;
#3791 = DIRECTION ( 'NONE',  ( 6.578071420904051713E-15, 1.000000000000000000, -1.453114432220983004E-16 ) ) ;
#3792 = DIRECTION ( 'NONE',  ( -2.775557561562941887E-17, 1.000000000000000000, -1.453114432220752262E-16 ) ) ;
#3793 = LINE ( 'NONE', #829, #1322 ) ;
#3794 = LINE ( 'NONE', #964, #2159 ) ;
#3795 = DIRECTION ( 'NONE',  ( 2.775557561562941887E-17, -1.000000000000000000, 1.453114432220752262E-16 ) ) ;
#3796 = EDGE_CURVE ( 'NONE', #2032, #701, #2438, .T. ) ;
#3797 = LINE ( 'NONE', #2873, #2166 ) ;
#3798 = VERTEX_POINT ( 'NONE', #2457 ) ;
#3799 = CARTESIAN_POINT ( 'NONE',  ( 3.831250000000002487, 2.292250000000001009, 0.5724999999999920153 ) ) ;
#3800 = ADVANCED_FACE ( 'NONE', ( #3316 ), #3610, .F. ) ;
#3801 = EDGE_LOOP ( 'NONE', ( #1143, #3757, #665, #2543 ) ) ;
#3802 = DIRECTION ( 'NONE',  ( -1.000000000000000000, 0.000000000000000000, 3.491481338843133355E-15 ) ) ;
#3803 = LINE ( 'NONE', #3817, #3650 ) ;
#3804 = EDGE_CURVE ( 'NONE', #1858, #422, #381, .T. ) ;
#3805 = VERTEX_POINT ( 'NONE', #336 ) ;
#3806 = VERTEX_POINT ( 'NONE', #82 ) ;
#3807 = LINE ( 'NONE', #1366, #3449 ) ;
#3808 = DIRECTION ( 'NONE',  ( -1.665334536937739494E-16, 1.000000000000000000, -1.453114432220747085E-16 ) ) ;
#3809 = LINE ( 'NONE', #1699, #3218 ) ;
#3810 = DIRECTION ( 'NONE',  ( -9.992007221626414780E-16, 1.000000000000000000, -1.453114432220718243E-16 ) ) ;
#3811 = DIRECTION ( 'NONE',  ( -5.073521923302396075E-31, 1.000000000000000000, -1.453114432220753495E-16 ) ) ;
#3812 = ORIENTED_EDGE ( 'NONE', *, *, #1123, .T. ) ;
#3813 = EDGE_CURVE ( 'NONE', #1623, #2448, #958, .T. ) ;
#3814 = DIRECTION ( 'NONE',  ( 1.000000000000000000, -9.992007221626408864E-16, -3.491481338843133355E-15 ) ) ;
#3815 = ORIENTED_EDGE ( 'NONE', *, *, #1049, .F. ) ;
#3816 = FACE_OUTER_BOUND ( 'NONE', #3640, .T. ) ;
#3817 = CARTESIAN_POINT ( 'NONE',  ( -3.786250000000006111, 2.337250000000009376, -3.112499999999982503 ) ) ;
#3818 = VERTEX_POINT ( 'NONE', #1838 ) ;
#3819 = EDGE_CURVE ( 'NONE', #141, #3784, #2150, .T. ) ;
#3820 = ADVANCED_FACE ( 'NONE', ( #2748 ), #3064, .F. ) ;
#3821 = ORIENTED_EDGE ( 'NONE', *, *, #2963, .T. ) ;
#3822 = AXIS2_PLACEMENT_3D ( 'NONE', #31, #686, #2408 ) ;
#3823 = CYLINDRICAL_SURFACE ( 'NONE', #1267, 0.3224999999999998979 ) ;
#3824 = CARTESIAN_POINT ( 'NONE',  ( -4.108749999999988134, 2.292250000000001009, 1.967500000000020455 ) ) ;
#3825 = CARTESIAN_POINT ( 'NONE',  ( -3.831250000000016254, -3.903127820947815962E-15, -4.507499999999980744 ) ) ;
#3826 = EDGE_CURVE ( 'NONE', #570, #908, #3355, .T. ) ;
#3827 = AXIS2_PLACEMENT_3D ( 'NONE', #2827, #1563, #86 ) ;
#3828 = CARTESIAN_POINT ( 'NONE',  ( -4.108749999999998792, 2.333823006393089372, 0.5725000000000201039 ) ) ;
#3829 = VERTEX_POINT ( 'NONE', #653 ) ;
#3830 = CIRCLE ( 'NONE', #2213, 0.04499999999999990119 ) ;
#3831 = DIRECTION ( 'NONE',  ( 3.491481338843133355E-15, 1.453114432220753495E-16, 1.000000000000000000 ) ) ;
#3832 = PRESENTATION_STYLE_ASSIGNMENT (( #1445 ) ) ;
#3833 = CIRCLE ( 'NONE', #1586, 0.04499999999999990119 ) ;
#3834 = PRESENTATION_STYLE_ASSIGNMENT (( #2607 ) ) ;
#3835 = LINE ( 'NONE', #1467, #2224 ) ;
#3836 = VERTEX_POINT ( 'NONE', #1260 ) ;
#3837 = LINE ( 'NONE', #3308, #1647 ) ;
#3838 = CIRCLE ( 'NONE', #1596, 0.04499999999999990119 ) ;
#3839 = ORIENTED_EDGE ( 'NONE', *, *, #3468, .T. ) ;
#3840 = DIRECTION ( 'NONE',  ( 1.000000000000000000, 0.000000000000000000, -3.491481338843133355E-15 ) ) ;
#3841 = AXIS2_PLACEMENT_3D ( 'NONE', #2374, #3620, #352 ) ;
#3842 = LINE ( 'NONE', #2127, #1789 ) ;
#3843 = ORIENTED_EDGE ( 'NONE', *, *, #3730, .T. ) ;
#3844 = AXIS2_PLACEMENT_3D ( 'NONE', #74, #3696, #409 ) ;
#3845 = EDGE_CURVE ( 'NONE', #2826, #764, #3004, .T. ) ;
#3846 = ORIENTED_EDGE ( 'NONE', *, *, #2417, .F. ) ;
#3847 = DIRECTION ( 'NONE',  ( 0.000000000000000000, 1.000000000000000000, 0.000000000000000000 ) ) ;
#3848 = DIRECTION ( 'NONE',  ( -0.1305261922200519065, 0.9914448613738104932, 4.557297643665629895E-16 ) ) ;
#3849 = MECHANICAL_DESIGN_GEOMETRIC_PRESENTATION_REPRESENTATION (  '', ( #2539 ), #2290 ) ;
#3850 = ORIENTED_EDGE ( 'NONE', *, *, #2149, .T. ) ;
#3851 = DIRECTION ( 'NONE',  ( -9.992007221626414780E-16, 1.000000000000000000, -1.453114432220718243E-16 ) ) ;
#3852 = ORIENTED_EDGE ( 'NONE', *, *, #1628, .F. ) ;
#3853 = LINE ( 'NONE', #2020, #166 ) ;
#3854 = DIRECTION ( 'NONE',  ( 3.491481338843133355E-15, 1.453114432220753248E-16, 1.000000000000000000 ) ) ;
#3855 = ORIENTED_EDGE ( 'NONE', *, *, #1695, .F. ) ;
#3856 = LINE ( 'NONE', #1886, #2153 ) ;
#3857 = EDGE_LOOP ( 'NONE', ( #302, #2118, #1855, #2082 ) ) ;
#3858 = DIRECTION ( 'NONE',  ( -3.491481338843133355E-15, -1.453114432220753248E-16, -1.000000000000000000 ) ) ;
ENDSEC;
END-ISO-10303-21;
